

 delete from md_db_relation where startattrid in ( select id from md_property where classid in ( '7f898590-9abd-44c5-a7f5-53cdb870b66d', '@@@@' ) and ( versiontype = 0 or versiontype is null ) ) and starttableid in ( 'bd_contract', '@@@@' );
 delete from md_ormap where ATTRIBUTEID in ( select id from md_property where classid in ( '7f898590-9abd-44c5-a7f5-53cdb870b66d', '@@@@' ) and ( versiontype = 0 or versiontype is null ) ) and tableid in ( 'bd_contract', '@@@@' );
 delete from md_table where id not in ( select distinct tableid from md_ormap ) and ( versiontype = 0 or versiontype is null );
 delete from md_column where tableid in ( 'bd_contract', '@@@@' ) and id not in ( select distinct columnid from md_ormap ) and ( ifnull( groupid, '~' ) = '~' or groupid = id ) and name <> 'extend_bean_tag';
 delete from md_column where tableid in ( 'bd_contract', '@@@@' ) and groupid is not null and groupid not in ( select distinct t.id from ( select * from md_column ) t where tableid in ( 'bd_contract', '@@@@' ) );
 delete from md_db_relation where starttableid not in ( select id from md_table );
 delete from md_association where componentID = 'f97d03d5-9cc0-4bde-8871-dd6ab471c39a' and ( versiontype = 0 or versiontype is null );
 delete from md_property where classID in ( select distinct id from md_class where componentID = 'f97d03d5-9cc0-4bde-8871-dd6ab471c39a' ) and ( versiontype = 0 or versiontype is null );
 delete from md_bizitfmap where classID in ( select distinct id from md_class where componentID = 'f97d03d5-9cc0-4bde-8871-dd6ab471c39a' );
 delete from md_bizitfmap where classID in ( select id from md_opinterface where componentID = 'f97d03d5-9cc0-4bde-8871-dd6ab471c39a' and ( versiontype = 0 or versiontype is null ) );
 delete from md_accessorpara where id in ( select distinct id from md_class where componentID = 'f97d03d5-9cc0-4bde-8871-dd6ab471c39a' );
 delete from md_enumvalue where id in ( select distinct id from md_class where componentID = 'f97d03d5-9cc0-4bde-8871-dd6ab471c39a' ) and ( versiontype = 0 or versiontype is null );
 delete from md_class where componentID = 'f97d03d5-9cc0-4bde-8871-dd6ab471c39a' and ( versiontype = 0 or versiontype is null );
 delete from md_component where id = 'f97d03d5-9cc0-4bde-8871-dd6ab471c39a' and ( versiontype = 0 or versiontype is null );
 delete from md_table where ( id = 'bd_contract' );
 delete from md_column where ( id = 'bd_contract@@PK@@' );
 delete from md_column where ( id = 'bd_contract@@@contractcode' );
 delete from md_column where ( id = 'bd_contract@@@dealid' );
 delete from md_column where ( id = 'bd_contract@@@dealcode' );
 delete from md_column where ( id = 'bd_contract@@@serviceid' );
 delete from md_column where ( id = 'bd_contract@@@servicecode' );
 delete from md_column where ( id = 'bd_contract@@@invoicestate' );
 delete from md_column where ( id = 'bd_contract@@@picc' );
 delete from md_column where ( id = 'bd_contract@@@customerid' );
 delete from md_column where ( id = 'bd_contract@@@customername' );
 delete from md_column where ( id = 'bd_contract@@@idnumber' );
 delete from md_column where ( id = 'bd_contract@@@clientname' );
 delete from md_column where ( id = 'bd_contract@@@postaladdress' );
 delete from md_column where ( id = 'bd_contract@@@telphone' );
 delete from md_column where ( id = 'bd_contract@@@address' );
 delete from md_column where ( id = 'bd_contract@@@creator' );
 delete from md_column where ( id = 'bd_contract@@@createtime' );
 delete from md_column where ( id = 'bd_contract@@@orgid' );
 delete from md_column where ( id = 'bd_contract@@@orgname' );
 delete from md_column where ( id = 'bd_contract@@@agentid' );
 delete from md_column where ( id = 'bd_contract@@@agentname' );
 delete from md_column where ( id = 'bd_contract@@@postalnum' );
 delete from md_column where ( id = 'bd_contract@@@contractelecvers' );
 delete from md_column where ( id = 'bd_contract@@@contractmailstate' );
 delete from md_column where ( id = 'bd_contract@@@invoiceelecvers' );
 delete from md_column where ( id = 'bd_contract@@@invoicemailstate' );
 delete from md_column where ( id = 'bd_contract@@@policyelecvers' );
 delete from md_column where ( id = 'bd_contract@@@policymailstate' );
 delete from md_column where ( id = 'bd_contract@@@dealpaystate' );
 delete from md_column where ( id = 'bd_contract@@@paymoney' );
 delete from md_column where ( id = 'bd_contract@@@contractdocunum' );
 delete from md_column where ( id = 'bd_contract@@@invoicedocunum' );
 delete from md_column where ( id = 'bd_contract@@@policydocunum' );
 delete from md_column where ( id = 'bd_contract@@@contractphoto' );
 delete from md_column where ( id = 'bd_contract@@@invoicephoto' );
 delete from md_column where ( id = 'bd_contract@@@policyphoto' );



 insert into md_component ( createtime, tenantid, resid, ts, resmodule, version, namespace, creator, fromsourcebmf, modifier, id, help, description, preload, name, ownmodule, versiontype, displayname, industry, modifytime, isbizmodel, dr ) values ( '2018-10-22 11:40:00', null, null, '2019-02-14 15:33:20', 'contract', '12', 'dingCMS', null, 'Y', null, 'f97d03d5-9cc0-4bde-8871-dd6ab471c39a', null, null, null, 'contract', 'dingCMS', 0, 'contract', '0', '2019-02-14 15:08:53', 'N', 0 );
 insert into md_class ( modinfoclassname, createtime, parentclassid, ts, userdefclassname, iscreatesql, creator, id, help, bizitfimpclassname, description, name, refmodelname, industry, modifytime, dr, accessorclassname, tenantid, isprimary, resid, isauthen, keyattribute, fullclassname, classtype, returntype, componentid, isactive, modifier, stereotype, isextendbean, defaulttablename, versiontype, displayname, precise, fixedlength ) values ( null, '2018-10-22 11:40:05', null, '2019-02-14 15:33:20', null, 'Y', null, '7f898590-9abd-44c5-a7f5-53cdb870b66d', null, null, null, 'contract', null, '0', '2019-02-14 15:24:14', 0, 'nc.md.model.access.javamap.POJOStyle', null, 'Y', null, 'Y', 'dda3a3bc-0f25-43fb-9220-1cfead0c3935', 'com.ding.cms.entity.Contract', 201, null, 'f97d03d5-9cc0-4bde-8871-dd6ab471c39a', null, null, null, null, 'bd_contract', 0, '合同列表', null, null );
 insert into md_property ( dynamicattr, createtime, ts, visibility, dynamictable, classid, accesspower, attrmaxvalue, notserialize, creator, calculation, id, help, datatypestyle, description, name, refmodelname, industry, defaultvalue, modifytime, dr, accessorclassname, tenantid, hided, resid, isauthen, attrsequence, nullable, attrminvalue, isactive, attrlength, modifier, datatype, readonly, accesspowergroup, customattr, versiontype, displayname, precise, fixedlength ) values ( 'N', null, '2019-02-14 15:33:20', 0, null, '7f898590-9abd-44c5-a7f5-53cdb870b66d', 'N', null, 'N', null, 'N', 'dda3a3bc-0f25-43fb-9220-1cfead0c3935', null, 300, null, 'contractid', null, '0', null, null, 0, null, null, 'N', null, 'Y', 0, 'N', null, 'Y', 36, null, 'BS000010000100001051', 'N', null, 'N', 0, '主键', null, 'N' );
 insert into md_property ( dynamicattr, createtime, ts, visibility, dynamictable, classid, accesspower, attrmaxvalue, notserialize, creator, calculation, id, help, datatypestyle, description, name, refmodelname, industry, defaultvalue, modifytime, dr, accessorclassname, tenantid, hided, resid, isauthen, attrsequence, nullable, attrminvalue, isactive, attrlength, modifier, datatype, readonly, accesspowergroup, customattr, versiontype, displayname, precise, fixedlength ) values ( 'N', null, '2019-02-14 15:33:20', 0, null, '7f898590-9abd-44c5-a7f5-53cdb870b66d', 'N', null, 'N', null, 'N', '9d4d94f7-ba1b-4d6b-8a37-af09bbaa0f42', null, 300, null, 'contractcode', null, '0', null, null, 0, null, null, 'N', null, 'Y', 1, 'Y', null, 'Y', 50, null, 'BS000010000100001001', 'N', null, 'N', 0, '合同编码', null, 'N' );
 insert into md_property ( dynamicattr, createtime, ts, visibility, dynamictable, classid, accesspower, attrmaxvalue, notserialize, creator, calculation, id, help, datatypestyle, description, name, refmodelname, industry, defaultvalue, modifytime, dr, accessorclassname, tenantid, hided, resid, isauthen, attrsequence, nullable, attrminvalue, isactive, attrlength, modifier, datatype, readonly, accesspowergroup, customattr, versiontype, displayname, precise, fixedlength ) values ( 'N', null, '2019-02-14 15:33:20', 0, null, '7f898590-9abd-44c5-a7f5-53cdb870b66d', 'N', null, 'N', null, 'N', 'fb76672c-aeee-4e45-9b06-fe3e9e8bf63e', null, 300, null, 'dealid', null, '0', null, null, 0, null, null, 'N', null, 'Y', 2, 'Y', null, 'Y', 50, null, 'BS000010000100001001', 'N', null, 'N', 0, '交易id', null, 'N' );
 insert into md_property ( dynamicattr, createtime, ts, visibility, dynamictable, classid, accesspower, attrmaxvalue, notserialize, creator, calculation, id, help, datatypestyle, description, name, refmodelname, industry, defaultvalue, modifytime, dr, accessorclassname, tenantid, hided, resid, isauthen, attrsequence, nullable, attrminvalue, isactive, attrlength, modifier, datatype, readonly, accesspowergroup, customattr, versiontype, displayname, precise, fixedlength ) values ( 'N', null, '2019-02-14 15:33:20', 0, null, '7f898590-9abd-44c5-a7f5-53cdb870b66d', 'N', null, 'N', null, 'N', 'b8bb3d82-93d7-49e4-959f-9904d1364cdf', null, 300, null, 'dealcode', null, '0', null, null, 0, null, null, 'N', null, 'Y', 3, 'Y', null, 'Y', 50, null, 'BS000010000100001001', 'N', null, 'N', 0, '交易编码', null, 'N' );
 insert into md_property ( dynamicattr, createtime, ts, visibility, dynamictable, classid, accesspower, attrmaxvalue, notserialize, creator, calculation, id, help, datatypestyle, description, name, refmodelname, industry, defaultvalue, modifytime, dr, accessorclassname, tenantid, hided, resid, isauthen, attrsequence, nullable, attrminvalue, isactive, attrlength, modifier, datatype, readonly, accesspowergroup, customattr, versiontype, displayname, precise, fixedlength ) values ( 'N', null, '2019-02-14 15:33:20', 0, null, '7f898590-9abd-44c5-a7f5-53cdb870b66d', 'N', null, 'N', null, 'N', '4c15bdc7-06ea-4208-baf1-25d4e7d74497', null, 300, null, 'serviceid', null, '0', null, null, 0, null, null, 'N', null, 'Y', 4, 'Y', null, 'Y', 50, null, 'BS000010000100001001', 'N', null, 'N', 0, '服务id', null, 'N' );
 insert into md_property ( dynamicattr, createtime, ts, visibility, dynamictable, classid, accesspower, attrmaxvalue, notserialize, creator, calculation, id, help, datatypestyle, description, name, refmodelname, industry, defaultvalue, modifytime, dr, accessorclassname, tenantid, hided, resid, isauthen, attrsequence, nullable, attrminvalue, isactive, attrlength, modifier, datatype, readonly, accesspowergroup, customattr, versiontype, displayname, precise, fixedlength ) values ( 'N', null, '2019-02-14 15:33:20', 0, null, '7f898590-9abd-44c5-a7f5-53cdb870b66d', 'N', null, 'N', null, 'N', 'a7ffc916-ef2f-4fdf-8f9d-dc5a2e1b9428', null, 300, null, 'servicecode', null, '0', null, null, 0, null, null, 'N', null, 'Y', 5, 'Y', null, 'Y', 50, null, 'BS000010000100001001', 'N', null, 'N', 0, '服务编码', null, 'N' );
 insert into md_property ( dynamicattr, createtime, ts, visibility, dynamictable, classid, accesspower, attrmaxvalue, notserialize, creator, calculation, id, help, datatypestyle, description, name, refmodelname, industry, defaultvalue, modifytime, dr, accessorclassname, tenantid, hided, resid, isauthen, attrsequence, nullable, attrminvalue, isactive, attrlength, modifier, datatype, readonly, accesspowergroup, customattr, versiontype, displayname, precise, fixedlength ) values ( 'N', null, '2019-02-14 15:33:20', 0, null, '7f898590-9abd-44c5-a7f5-53cdb870b66d', 'N', null, 'N', null, 'N', '1b004fe7-b111-4d70-8d37-b4f18d7c01bf', null, 300, null, 'invoicestate', null, '0', null, null, 0, null, null, 'N', null, 'Y', 6, 'Y', null, 'Y', 50, null, 'BS000010000100001001', 'N', null, 'N', 0, '发票', null, 'N' );
 insert into md_property ( dynamicattr, createtime, ts, visibility, dynamictable, classid, accesspower, attrmaxvalue, notserialize, creator, calculation, id, help, datatypestyle, description, name, refmodelname, industry, defaultvalue, modifytime, dr, accessorclassname, tenantid, hided, resid, isauthen, attrsequence, nullable, attrminvalue, isactive, attrlength, modifier, datatype, readonly, accesspowergroup, customattr, versiontype, displayname, precise, fixedlength ) values ( 'N', null, '2019-02-14 15:33:20', 0, null, '7f898590-9abd-44c5-a7f5-53cdb870b66d', 'N', null, 'N', null, 'N', '5ac94d83-8eba-4371-9d6b-b3f53823d871', null, 300, null, 'picc', null, '0', null, null, 0, null, null, 'N', null, 'Y', 7, 'Y', null, 'Y', 50, null, 'BS000010000100001001', 'N', null, 'N', 0, '保单号', null, 'N' );
 insert into md_property ( dynamicattr, createtime, ts, visibility, dynamictable, classid, accesspower, attrmaxvalue, notserialize, creator, calculation, id, help, datatypestyle, description, name, refmodelname, industry, defaultvalue, modifytime, dr, accessorclassname, tenantid, hided, resid, isauthen, attrsequence, nullable, attrminvalue, isactive, attrlength, modifier, datatype, readonly, accesspowergroup, customattr, versiontype, displayname, precise, fixedlength ) values ( 'N', null, '2019-02-14 15:33:21', 0, null, '7f898590-9abd-44c5-a7f5-53cdb870b66d', 'N', null, 'N', null, 'N', 'e3cb943d-9fe2-4a7b-91a7-ac5dd55a7939', null, 300, null, 'customerid', null, '0', null, null, 0, null, null, 'N', null, 'Y', 8, 'Y', null, 'Y', 50, null, 'BS000010000100001001', 'N', null, 'N', 0, '客户id', null, 'N' );
 insert into md_property ( dynamicattr, createtime, ts, visibility, dynamictable, classid, accesspower, attrmaxvalue, notserialize, creator, calculation, id, help, datatypestyle, description, name, refmodelname, industry, defaultvalue, modifytime, dr, accessorclassname, tenantid, hided, resid, isauthen, attrsequence, nullable, attrminvalue, isactive, attrlength, modifier, datatype, readonly, accesspowergroup, customattr, versiontype, displayname, precise, fixedlength ) values ( 'N', null, '2019-02-14 15:33:21', 0, null, '7f898590-9abd-44c5-a7f5-53cdb870b66d', 'N', null, 'N', null, 'N', '6170956b-f475-47c9-a367-38248d164815', null, 300, null, 'customername', null, '0', null, null, 0, null, null, 'N', null, 'Y', 9, 'Y', null, 'Y', 50, null, 'BS000010000100001001', 'N', null, 'N', 0, '客户姓名', null, 'N' );
 insert into md_property ( dynamicattr, createtime, ts, visibility, dynamictable, classid, accesspower, attrmaxvalue, notserialize, creator, calculation, id, help, datatypestyle, description, name, refmodelname, industry, defaultvalue, modifytime, dr, accessorclassname, tenantid, hided, resid, isauthen, attrsequence, nullable, attrminvalue, isactive, attrlength, modifier, datatype, readonly, accesspowergroup, customattr, versiontype, displayname, precise, fixedlength ) values ( 'N', null, '2019-02-14 15:33:21', 0, null, '7f898590-9abd-44c5-a7f5-53cdb870b66d', 'N', null, 'N', null, 'N', '59ca1542-958d-4f14-ad88-ce43fc1e2f63', null, 300, null, 'idnumber', null, '0', null, null, 0, null, null, 'N', null, 'Y', 10, 'Y', null, 'Y', 50, null, 'BS000010000100001001', 'N', null, 'N', 0, '身份证号', null, 'N' );
 insert into md_property ( dynamicattr, createtime, ts, visibility, dynamictable, classid, accesspower, attrmaxvalue, notserialize, creator, calculation, id, help, datatypestyle, description, name, refmodelname, industry, defaultvalue, modifytime, dr, accessorclassname, tenantid, hided, resid, isauthen, attrsequence, nullable, attrminvalue, isactive, attrlength, modifier, datatype, readonly, accesspowergroup, customattr, versiontype, displayname, precise, fixedlength ) values ( 'N', null, '2019-02-14 15:33:21', 0, null, '7f898590-9abd-44c5-a7f5-53cdb870b66d', 'N', null, 'N', null, 'N', '6d12ab93-d030-4cd7-9488-36b2c6545701', null, 300, null, 'clientname', null, '0', null, null, 0, null, null, 'N', null, 'Y', 11, 'Y', null, 'Y', 50, null, 'BS000010000100001001', 'N', null, 'N', 0, '委托方', null, 'N' );
 insert into md_property ( dynamicattr, createtime, ts, visibility, dynamictable, classid, accesspower, attrmaxvalue, notserialize, creator, calculation, id, help, datatypestyle, description, name, refmodelname, industry, defaultvalue, modifytime, dr, accessorclassname, tenantid, hided, resid, isauthen, attrsequence, nullable, attrminvalue, isactive, attrlength, modifier, datatype, readonly, accesspowergroup, customattr, versiontype, displayname, precise, fixedlength ) values ( 'N', null, '2019-02-14 15:33:21', 0, null, '7f898590-9abd-44c5-a7f5-53cdb870b66d', 'N', null, 'N', null, 'N', '75e1dd72-c97c-4fdd-8fa1-34d689b83bb3', null, 300, null, 'postaladdress', null, '0', null, null, 0, null, null, 'N', null, 'Y', 12, 'Y', null, 'Y', 100, null, 'BS000010000100001001', 'N', null, 'N', 0, '通讯地址', null, 'N' );
 insert into md_property ( dynamicattr, createtime, ts, visibility, dynamictable, classid, accesspower, attrmaxvalue, notserialize, creator, calculation, id, help, datatypestyle, description, name, refmodelname, industry, defaultvalue, modifytime, dr, accessorclassname, tenantid, hided, resid, isauthen, attrsequence, nullable, attrminvalue, isactive, attrlength, modifier, datatype, readonly, accesspowergroup, customattr, versiontype, displayname, precise, fixedlength ) values ( 'N', null, '2019-02-14 15:33:21', 0, null, '7f898590-9abd-44c5-a7f5-53cdb870b66d', 'N', null, 'N', null, 'N', '8d11befe-dfff-41e3-99c8-b08771707ca5', null, 300, null, 'telphone', null, '0', null, null, 0, null, null, 'N', null, 'Y', 13, 'Y', null, 'Y', 50, null, 'BS000010000100001001', 'N', null, 'N', 0, '手机号', null, 'N' );
 insert into md_property ( dynamicattr, createtime, ts, visibility, dynamictable, classid, accesspower, attrmaxvalue, notserialize, creator, calculation, id, help, datatypestyle, description, name, refmodelname, industry, defaultvalue, modifytime, dr, accessorclassname, tenantid, hided, resid, isauthen, attrsequence, nullable, attrminvalue, isactive, attrlength, modifier, datatype, readonly, accesspowergroup, customattr, versiontype, displayname, precise, fixedlength ) values ( 'N', null, '2019-02-14 15:33:21', 0, null, '7f898590-9abd-44c5-a7f5-53cdb870b66d', 'N', null, 'N', null, 'N', '30e3ccc6-c780-4e90-ab0b-6b91b759882c', null, 300, null, 'address', null, '0', null, null, 0, null, null, 'N', null, 'Y', 14, 'Y', null, 'Y', 50, null, 'BS000010000100001001', 'N', null, 'N', 0, '地址', null, 'N' );
 insert into md_property ( dynamicattr, createtime, ts, visibility, dynamictable, classid, accesspower, attrmaxvalue, notserialize, creator, calculation, id, help, datatypestyle, description, name, refmodelname, industry, defaultvalue, modifytime, dr, accessorclassname, tenantid, hided, resid, isauthen, attrsequence, nullable, attrminvalue, isactive, attrlength, modifier, datatype, readonly, accesspowergroup, customattr, versiontype, displayname, precise, fixedlength ) values ( 'N', null, '2019-02-14 15:33:21', 0, null, '7f898590-9abd-44c5-a7f5-53cdb870b66d', 'N', null, 'N', null, 'N', 'd2b15f4b-c76c-4b06-8de5-431d6dd732c1', null, 300, null, 'creator', null, '0', null, null, 0, null, null, 'N', null, 'Y', 15, 'Y', null, 'Y', 50, null, 'BS000010000100001001', 'N', null, 'N', 0, '创建人', null, 'N' );
 insert into md_property ( dynamicattr, createtime, ts, visibility, dynamictable, classid, accesspower, attrmaxvalue, notserialize, creator, calculation, id, help, datatypestyle, description, name, refmodelname, industry, defaultvalue, modifytime, dr, accessorclassname, tenantid, hided, resid, isauthen, attrsequence, nullable, attrminvalue, isactive, attrlength, modifier, datatype, readonly, accesspowergroup, customattr, versiontype, displayname, precise, fixedlength ) values ( 'N', null, '2019-02-14 15:33:21', 0, null, '7f898590-9abd-44c5-a7f5-53cdb870b66d', 'N', null, 'N', null, 'N', '815424e9-345e-42e1-9007-8edfcb9fdba6', null, 300, null, 'createtime', null, '0', null, null, 0, null, null, 'N', null, 'Y', 16, 'Y', null, 'Y', null, null, 'BS000010000100001033', 'N', null, 'N', 0, '创建时间', null, 'N' );
 insert into md_property ( dynamicattr, createtime, ts, visibility, dynamictable, classid, accesspower, attrmaxvalue, notserialize, creator, calculation, id, help, datatypestyle, description, name, refmodelname, industry, defaultvalue, modifytime, dr, accessorclassname, tenantid, hided, resid, isauthen, attrsequence, nullable, attrminvalue, isactive, attrlength, modifier, datatype, readonly, accesspowergroup, customattr, versiontype, displayname, precise, fixedlength ) values ( 'N', null, '2019-02-14 15:33:21', 0, null, '7f898590-9abd-44c5-a7f5-53cdb870b66d', 'N', null, 'N', null, 'N', '5479bd06-27fe-43a0-ac12-4cde9c0ebeb7', null, 300, null, 'orgid', null, '0', null, null, 0, null, null, 'N', null, 'Y', 17, 'Y', null, 'Y', 50, null, 'BS000010000100001001', 'N', null, 'N', 0, '组织id', null, 'N' );
 insert into md_property ( dynamicattr, createtime, ts, visibility, dynamictable, classid, accesspower, attrmaxvalue, notserialize, creator, calculation, id, help, datatypestyle, description, name, refmodelname, industry, defaultvalue, modifytime, dr, accessorclassname, tenantid, hided, resid, isauthen, attrsequence, nullable, attrminvalue, isactive, attrlength, modifier, datatype, readonly, accesspowergroup, customattr, versiontype, displayname, precise, fixedlength ) values ( 'N', null, '2019-02-14 15:33:21', 0, null, '7f898590-9abd-44c5-a7f5-53cdb870b66d', 'N', null, 'N', null, 'N', 'ce447fb4-2e95-40cb-8336-6ca543a484d0', null, 300, null, 'orgname', null, '0', null, null, 0, null, null, 'N', null, 'Y', 18, 'Y', null, 'Y', 50, null, 'BS000010000100001001', 'N', null, 'N', 0, '组织名称', null, 'N' );
 insert into md_property ( dynamicattr, createtime, ts, visibility, dynamictable, classid, accesspower, attrmaxvalue, notserialize, creator, calculation, id, help, datatypestyle, description, name, refmodelname, industry, defaultvalue, modifytime, dr, accessorclassname, tenantid, hided, resid, isauthen, attrsequence, nullable, attrminvalue, isactive, attrlength, modifier, datatype, readonly, accesspowergroup, customattr, versiontype, displayname, precise, fixedlength ) values ( 'N', null, '2019-02-14 15:33:21', 0, null, '7f898590-9abd-44c5-a7f5-53cdb870b66d', 'N', null, 'N', null, 'N', 'f8e1a92f-2489-4ff2-8b93-c9833dcea9c5', null, 300, null, 'agentid', null, '0', null, null, 0, null, null, 'N', null, 'Y', 19, 'Y', null, 'Y', 50, null, 'BS000010000100001001', 'N', null, 'N', 0, '运营商id', null, 'N' );
 insert into md_property ( dynamicattr, createtime, ts, visibility, dynamictable, classid, accesspower, attrmaxvalue, notserialize, creator, calculation, id, help, datatypestyle, description, name, refmodelname, industry, defaultvalue, modifytime, dr, accessorclassname, tenantid, hided, resid, isauthen, attrsequence, nullable, attrminvalue, isactive, attrlength, modifier, datatype, readonly, accesspowergroup, customattr, versiontype, displayname, precise, fixedlength ) values ( 'N', null, '2019-02-14 15:33:21', 0, null, '7f898590-9abd-44c5-a7f5-53cdb870b66d', 'N', null, 'N', null, 'N', 'a935a687-b83a-4d82-a54b-74913d4ba3d3', null, 300, null, 'agentname', null, '0', null, null, 0, null, null, 'N', null, 'Y', 20, 'Y', null, 'Y', 50, null, 'BS000010000100001001', 'N', null, 'N', 0, '运营商名称', null, 'N' );
 insert into md_property ( dynamicattr, createtime, ts, visibility, dynamictable, classid, accesspower, attrmaxvalue, notserialize, creator, calculation, id, help, datatypestyle, description, name, refmodelname, industry, defaultvalue, modifytime, dr, accessorclassname, tenantid, hided, resid, isauthen, attrsequence, nullable, attrminvalue, isactive, attrlength, modifier, datatype, readonly, accesspowergroup, customattr, versiontype, displayname, precise, fixedlength ) values ( 'N', null, '2019-02-14 15:33:21', 0, null, '7f898590-9abd-44c5-a7f5-53cdb870b66d', 'N', null, 'N', null, 'N', 'c522b721-2988-4353-97ed-93cbb74e4dc8', null, 300, null, 'postalnum', null, '0', null, null, 0, null, null, 'N', null, 'Y', 21, 'Y', null, 'Y', 50, null, 'BS000010000100001001', 'N', null, 'N', 0, '邮寄单据号', null, 'N' );
 insert into md_property ( dynamicattr, createtime, ts, visibility, dynamictable, classid, accesspower, attrmaxvalue, notserialize, creator, calculation, id, help, datatypestyle, description, name, refmodelname, industry, defaultvalue, modifytime, dr, accessorclassname, tenantid, hided, resid, isauthen, attrsequence, nullable, attrminvalue, isactive, attrlength, modifier, datatype, readonly, accesspowergroup, customattr, versiontype, displayname, precise, fixedlength ) values ( 'N', null, '2019-02-14 15:33:21', 0, null, '7f898590-9abd-44c5-a7f5-53cdb870b66d', 'N', null, 'N', null, 'N', 'a39aec66-aacc-429d-837d-d02102b3b2b3', null, 300, null, 'contractelecvers', null, '0', null, null, 0, null, null, 'N', null, 'Y', 22, 'Y', null, 'Y', 50, null, 'BS000010000100001001', 'N', null, 'N', 0, '合同电子版', null, 'N' );
 insert into md_property ( dynamicattr, createtime, ts, visibility, dynamictable, classid, accesspower, attrmaxvalue, notserialize, creator, calculation, id, help, datatypestyle, description, name, refmodelname, industry, defaultvalue, modifytime, dr, accessorclassname, tenantid, hided, resid, isauthen, attrsequence, nullable, attrminvalue, isactive, attrlength, modifier, datatype, readonly, accesspowergroup, customattr, versiontype, displayname, precise, fixedlength ) values ( 'N', null, '2019-02-14 15:33:21', 0, null, '7f898590-9abd-44c5-a7f5-53cdb870b66d', 'N', null, 'N', null, 'N', '0573ed15-7ab2-4247-92de-883014e0ef4e', null, 300, null, 'contractmailstate', null, '0', null, null, 0, null, null, 'N', null, 'Y', 23, 'Y', null, 'Y', 50, null, 'BS000010000100001001', 'N', null, 'N', 0, '合同邮寄', null, 'N' );
 insert into md_property ( dynamicattr, createtime, ts, visibility, dynamictable, classid, accesspower, attrmaxvalue, notserialize, creator, calculation, id, help, datatypestyle, description, name, refmodelname, industry, defaultvalue, modifytime, dr, accessorclassname, tenantid, hided, resid, isauthen, attrsequence, nullable, attrminvalue, isactive, attrlength, modifier, datatype, readonly, accesspowergroup, customattr, versiontype, displayname, precise, fixedlength ) values ( 'N', null, '2019-02-14 15:33:21', 0, null, '7f898590-9abd-44c5-a7f5-53cdb870b66d', 'N', null, 'N', null, 'N', 'e0736e84-bf35-4f54-b7e6-a7e6ce3604f3', null, 300, null, 'invoiceelecvers', null, '0', null, null, 0, null, null, 'N', null, 'Y', 24, 'Y', null, 'Y', 50, null, 'BS000010000100001001', 'N', null, 'N', 0, '发票电子版', null, 'N' );
 insert into md_property ( dynamicattr, createtime, ts, visibility, dynamictable, classid, accesspower, attrmaxvalue, notserialize, creator, calculation, id, help, datatypestyle, description, name, refmodelname, industry, defaultvalue, modifytime, dr, accessorclassname, tenantid, hided, resid, isauthen, attrsequence, nullable, attrminvalue, isactive, attrlength, modifier, datatype, readonly, accesspowergroup, customattr, versiontype, displayname, precise, fixedlength ) values ( 'N', null, '2019-02-14 15:33:21', 0, null, '7f898590-9abd-44c5-a7f5-53cdb870b66d', 'N', null, 'N', null, 'N', '37358643-2722-4007-8560-22f2564cea3f', null, 300, null, 'invoicemailstate', null, '0', null, null, 0, null, null, 'N', null, 'Y', 25, 'Y', null, 'Y', 50, null, 'BS000010000100001001', 'N', null, 'N', 0, '发票邮寄', null, 'N' );
 insert into md_property ( dynamicattr, createtime, ts, visibility, dynamictable, classid, accesspower, attrmaxvalue, notserialize, creator, calculation, id, help, datatypestyle, description, name, refmodelname, industry, defaultvalue, modifytime, dr, accessorclassname, tenantid, hided, resid, isauthen, attrsequence, nullable, attrminvalue, isactive, attrlength, modifier, datatype, readonly, accesspowergroup, customattr, versiontype, displayname, precise, fixedlength ) values ( 'N', null, '2019-02-14 15:33:21', 0, null, '7f898590-9abd-44c5-a7f5-53cdb870b66d', 'N', null, 'N', null, 'N', '07b1f058-b17e-4917-89ef-bd085f27b49f', null, 300, null, 'policyelecvers', null, '0', null, null, 0, null, null, 'N', null, 'Y', 26, 'Y', null, 'Y', 50, null, 'BS000010000100001001', 'N', null, 'N', 0, '保单电子版', null, 'N' );
 insert into md_property ( dynamicattr, createtime, ts, visibility, dynamictable, classid, accesspower, attrmaxvalue, notserialize, creator, calculation, id, help, datatypestyle, description, name, refmodelname, industry, defaultvalue, modifytime, dr, accessorclassname, tenantid, hided, resid, isauthen, attrsequence, nullable, attrminvalue, isactive, attrlength, modifier, datatype, readonly, accesspowergroup, customattr, versiontype, displayname, precise, fixedlength ) values ( 'N', null, '2019-02-14 15:33:21', 0, null, '7f898590-9abd-44c5-a7f5-53cdb870b66d', 'N', null, 'N', null, 'N', '54136eba-3637-4feb-bc54-dc5a6c080e1f', null, 300, null, 'policymailstate', null, '0', null, null, 0, null, null, 'N', null, 'Y', 27, 'Y', null, 'Y', 50, null, 'BS000010000100001001', 'N', null, 'N', 0, '保单邮寄', null, 'N' );
 insert into md_property ( dynamicattr, createtime, ts, visibility, dynamictable, classid, accesspower, attrmaxvalue, notserialize, creator, calculation, id, help, datatypestyle, description, name, refmodelname, industry, defaultvalue, modifytime, dr, accessorclassname, tenantid, hided, resid, isauthen, attrsequence, nullable, attrminvalue, isactive, attrlength, modifier, datatype, readonly, accesspowergroup, customattr, versiontype, displayname, precise, fixedlength ) values ( 'N', null, '2019-02-14 15:33:21', 0, null, '7f898590-9abd-44c5-a7f5-53cdb870b66d', 'N', null, 'N', null, 'N', '2df09d3d-4b2f-460d-8c2e-a1e37e6148f7', null, 300, null, 'dealpaystate', null, '0', null, null, 0, null, null, 'N', null, 'Y', 28, 'Y', null, 'Y', 50, null, 'BS000010000100001001', 'N', null, 'N', 0, '交易付款状态', null, 'N' );
 insert into md_property ( dynamicattr, createtime, ts, visibility, dynamictable, classid, accesspower, attrmaxvalue, notserialize, creator, calculation, id, help, datatypestyle, description, name, refmodelname, industry, defaultvalue, modifytime, dr, accessorclassname, tenantid, hided, resid, isauthen, attrsequence, nullable, attrminvalue, isactive, attrlength, modifier, datatype, readonly, accesspowergroup, customattr, versiontype, displayname, precise, fixedlength ) values ( 'N', null, '2019-02-14 15:33:21', 0, null, '7f898590-9abd-44c5-a7f5-53cdb870b66d', 'N', null, 'N', null, 'N', '1fc1b078-413d-4b16-8110-47e2b5e0df03', null, 300, null, 'paymoney', null, '0', null, null, 0, null, null, 'N', null, 'Y', 29, 'Y', null, 'Y', 50, null, 'BS000010000100001001', 'N', null, 'N', 0, '付款金额', null, 'N' );
 insert into md_property ( dynamicattr, createtime, ts, visibility, dynamictable, classid, accesspower, attrmaxvalue, notserialize, creator, calculation, id, help, datatypestyle, description, name, refmodelname, industry, defaultvalue, modifytime, dr, accessorclassname, tenantid, hided, resid, isauthen, attrsequence, nullable, attrminvalue, isactive, attrlength, modifier, datatype, readonly, accesspowergroup, customattr, versiontype, displayname, precise, fixedlength ) values ( 'N', null, '2019-02-14 15:33:21', 0, null, '7f898590-9abd-44c5-a7f5-53cdb870b66d', 'N', null, 'N', null, 'N', 'ddaada1f-0433-4ea7-a094-d1ed285ac641', null, 300, null, 'contractdocunum', null, '0', null, null, 0, null, null, 'N', null, 'Y', 30, 'Y', null, 'Y', 50, null, 'BS000010000100001001', 'N', null, 'N', 0, '合同单据号', null, 'N' );
 insert into md_property ( dynamicattr, createtime, ts, visibility, dynamictable, classid, accesspower, attrmaxvalue, notserialize, creator, calculation, id, help, datatypestyle, description, name, refmodelname, industry, defaultvalue, modifytime, dr, accessorclassname, tenantid, hided, resid, isauthen, attrsequence, nullable, attrminvalue, isactive, attrlength, modifier, datatype, readonly, accesspowergroup, customattr, versiontype, displayname, precise, fixedlength ) values ( 'N', null, '2019-02-14 15:33:21', 0, null, '7f898590-9abd-44c5-a7f5-53cdb870b66d', 'N', null, 'N', null, 'N', '06da7e67-a8ab-44ca-bd89-650e64972cc0', null, 300, null, 'invoicedocunum', null, '0', null, null, 0, null, null, 'N', null, 'Y', 31, 'Y', null, 'Y', 50, null, 'BS000010000100001001', 'N', null, 'N', 0, '发票单据号', null, 'N' );
 insert into md_property ( dynamicattr, createtime, ts, visibility, dynamictable, classid, accesspower, attrmaxvalue, notserialize, creator, calculation, id, help, datatypestyle, description, name, refmodelname, industry, defaultvalue, modifytime, dr, accessorclassname, tenantid, hided, resid, isauthen, attrsequence, nullable, attrminvalue, isactive, attrlength, modifier, datatype, readonly, accesspowergroup, customattr, versiontype, displayname, precise, fixedlength ) values ( 'N', null, '2019-02-14 15:33:21', 0, null, '7f898590-9abd-44c5-a7f5-53cdb870b66d', 'N', null, 'N', null, 'N', '114ee68a-0f8e-4466-a1c1-e23f19b2d708', null, 300, null, 'policydocunum', null, '0', null, null, 0, null, null, 'N', null, 'Y', 32, 'Y', null, 'Y', 50, null, 'BS000010000100001001', 'N', null, 'N', 0, '保单单据号', null, 'N' );
 insert into md_property ( dynamicattr, createtime, ts, visibility, dynamictable, classid, accesspower, attrmaxvalue, notserialize, creator, calculation, id, help, datatypestyle, description, name, refmodelname, industry, defaultvalue, modifytime, dr, accessorclassname, tenantid, hided, resid, isauthen, attrsequence, nullable, attrminvalue, isactive, attrlength, modifier, datatype, readonly, accesspowergroup, customattr, versiontype, displayname, precise, fixedlength ) values ( 'N', null, '2019-02-14 15:33:21', 0, null, '7f898590-9abd-44c5-a7f5-53cdb870b66d', 'N', null, 'N', null, 'N', '7326ddf4-f2ec-43f2-aff6-6de2a017cfbd', null, 300, null, 'contractphoto', null, '0', null, null, 0, null, null, 'N', null, 'Y', 33, 'Y', null, 'Y', 50, null, 'BS000010000100001001', 'N', null, 'N', 0, '合同图片', null, 'N' );
 insert into md_property ( dynamicattr, createtime, ts, visibility, dynamictable, classid, accesspower, attrmaxvalue, notserialize, creator, calculation, id, help, datatypestyle, description, name, refmodelname, industry, defaultvalue, modifytime, dr, accessorclassname, tenantid, hided, resid, isauthen, attrsequence, nullable, attrminvalue, isactive, attrlength, modifier, datatype, readonly, accesspowergroup, customattr, versiontype, displayname, precise, fixedlength ) values ( 'N', null, '2019-02-14 15:33:21', 0, null, '7f898590-9abd-44c5-a7f5-53cdb870b66d', 'N', null, 'N', null, 'N', '50cc37fc-62c4-409c-9dad-cbcd29c1177b', null, 300, null, 'invoicephoto', null, '0', null, null, 0, null, null, 'N', null, 'Y', 34, 'Y', null, 'Y', 50, null, 'BS000010000100001001', 'N', null, 'N', 0, '发票图片', null, 'N' );
 insert into md_property ( dynamicattr, createtime, ts, visibility, dynamictable, classid, accesspower, attrmaxvalue, notserialize, creator, calculation, id, help, datatypestyle, description, name, refmodelname, industry, defaultvalue, modifytime, dr, accessorclassname, tenantid, hided, resid, isauthen, attrsequence, nullable, attrminvalue, isactive, attrlength, modifier, datatype, readonly, accesspowergroup, customattr, versiontype, displayname, precise, fixedlength ) values ( 'N', null, '2019-02-14 15:33:21', 0, null, '7f898590-9abd-44c5-a7f5-53cdb870b66d', 'N', null, 'N', null, 'N', '76186b5c-59be-4043-891d-cfe2c5ed477f', null, 300, null, 'policyphoto', null, '0', null, null, 0, null, null, 'N', null, 'Y', 35, 'Y', null, 'Y', 50, null, 'BS000010000100001001', 'N', null, 'N', 0, '保单图片', null, 'N' );
 insert into md_table ( createtime, tenantid, resid, ts, isextendtable, resmodule, creator, fromsourcebmf, modifier, id, isactive, help, databaseid, description, name, versiontype, industry, displayname, modifytime, parenttable, dr ) values ( '2018-10-22 11:40:05', null, null, '2019-02-14 15:33:21', 'N', 'contract', null, 'Y', null, 'bd_contract', null, null, null, null, 'bd_contract', 0, '0', '合同列表', '2019-02-14 15:24:14', null, 0 );
 insert into md_column ( createtime, forlocale, columntype, ts, creator, id, help, sqldatetype, groupid, description, name, incrementseed, incrementstep, defaultvalue, modifytime, dr, tenantid, columnlength, resid, pkey, nullable, isactive, modifier, columnsequence, identitied, versiontype, tableid, displayname, precise ) values ( null, 'N', 0, '2019-02-14 15:33:21', null, 'bd_contract@@PK@@', null, 'char', null, null, 'contractid', null, null, null, null, 0, null, 36, null, 'Y', 'N', 'Y', null, 0, null, 0, 'bd_contract', '主键', null );
 insert into md_column ( createtime, forlocale, columntype, ts, creator, id, help, sqldatetype, groupid, description, name, incrementseed, incrementstep, defaultvalue, modifytime, dr, tenantid, columnlength, resid, pkey, nullable, isactive, modifier, columnsequence, identitied, versiontype, tableid, displayname, precise ) values ( null, 'N', 0, '2019-02-14 15:33:21', null, 'bd_contract@@@contractcode', null, 'varchar', null, null, 'contractcode', null, null, null, null, 0, null, 50, null, 'N', 'Y', 'Y', null, 1, null, 0, 'bd_contract', '合同编码', null );
 insert into md_column ( createtime, forlocale, columntype, ts, creator, id, help, sqldatetype, groupid, description, name, incrementseed, incrementstep, defaultvalue, modifytime, dr, tenantid, columnlength, resid, pkey, nullable, isactive, modifier, columnsequence, identitied, versiontype, tableid, displayname, precise ) values ( null, 'N', 0, '2019-02-14 15:33:21', null, 'bd_contract@@@dealid', null, 'varchar', null, null, 'dealid', null, null, null, null, 0, null, 50, null, 'N', 'Y', 'Y', null, 2, null, 0, 'bd_contract', '交易id', null );
 insert into md_column ( createtime, forlocale, columntype, ts, creator, id, help, sqldatetype, groupid, description, name, incrementseed, incrementstep, defaultvalue, modifytime, dr, tenantid, columnlength, resid, pkey, nullable, isactive, modifier, columnsequence, identitied, versiontype, tableid, displayname, precise ) values ( null, 'N', 0, '2019-02-14 15:33:21', null, 'bd_contract@@@dealcode', null, 'varchar', null, null, 'dealcode', null, null, null, null, 0, null, 50, null, 'N', 'Y', 'Y', null, 3, null, 0, 'bd_contract', '交易编码', null );
 insert into md_column ( createtime, forlocale, columntype, ts, creator, id, help, sqldatetype, groupid, description, name, incrementseed, incrementstep, defaultvalue, modifytime, dr, tenantid, columnlength, resid, pkey, nullable, isactive, modifier, columnsequence, identitied, versiontype, tableid, displayname, precise ) values ( null, 'N', 0, '2019-02-14 15:33:21', null, 'bd_contract@@@serviceid', null, 'varchar', null, null, 'serviceid', null, null, null, null, 0, null, 50, null, 'N', 'Y', 'Y', null, 4, null, 0, 'bd_contract', '服务id', null );
 insert into md_column ( createtime, forlocale, columntype, ts, creator, id, help, sqldatetype, groupid, description, name, incrementseed, incrementstep, defaultvalue, modifytime, dr, tenantid, columnlength, resid, pkey, nullable, isactive, modifier, columnsequence, identitied, versiontype, tableid, displayname, precise ) values ( null, 'N', 0, '2019-02-14 15:33:21', null, 'bd_contract@@@servicecode', null, 'varchar', null, null, 'servicecode', null, null, null, null, 0, null, 50, null, 'N', 'Y', 'Y', null, 5, null, 0, 'bd_contract', '服务编码', null );
 insert into md_column ( createtime, forlocale, columntype, ts, creator, id, help, sqldatetype, groupid, description, name, incrementseed, incrementstep, defaultvalue, modifytime, dr, tenantid, columnlength, resid, pkey, nullable, isactive, modifier, columnsequence, identitied, versiontype, tableid, displayname, precise ) values ( null, 'N', 0, '2019-02-14 15:33:21', null, 'bd_contract@@@invoicestate', null, 'varchar', null, null, 'invoicestate', null, null, null, null, 0, null, 50, null, 'N', 'Y', 'Y', null, 6, null, 0, 'bd_contract', '发票', null );
 insert into md_column ( createtime, forlocale, columntype, ts, creator, id, help, sqldatetype, groupid, description, name, incrementseed, incrementstep, defaultvalue, modifytime, dr, tenantid, columnlength, resid, pkey, nullable, isactive, modifier, columnsequence, identitied, versiontype, tableid, displayname, precise ) values ( null, 'N', 0, '2019-02-14 15:33:21', null, 'bd_contract@@@picc', null, 'varchar', null, null, 'picc', null, null, null, null, 0, null, 50, null, 'N', 'Y', 'Y', null, 7, null, 0, 'bd_contract', '保单号', null );
 insert into md_column ( createtime, forlocale, columntype, ts, creator, id, help, sqldatetype, groupid, description, name, incrementseed, incrementstep, defaultvalue, modifytime, dr, tenantid, columnlength, resid, pkey, nullable, isactive, modifier, columnsequence, identitied, versiontype, tableid, displayname, precise ) values ( null, 'N', 0, '2019-02-14 15:33:21', null, 'bd_contract@@@customerid', null, 'varchar', null, null, 'customerid', null, null, null, null, 0, null, 50, null, 'N', 'Y', 'Y', null, 8, null, 0, 'bd_contract', '客户id', null );
 insert into md_column ( createtime, forlocale, columntype, ts, creator, id, help, sqldatetype, groupid, description, name, incrementseed, incrementstep, defaultvalue, modifytime, dr, tenantid, columnlength, resid, pkey, nullable, isactive, modifier, columnsequence, identitied, versiontype, tableid, displayname, precise ) values ( null, 'N', 0, '2019-02-14 15:33:21', null, 'bd_contract@@@customername', null, 'varchar', null, null, 'customername', null, null, null, null, 0, null, 50, null, 'N', 'Y', 'Y', null, 9, null, 0, 'bd_contract', '客户姓名', null );
 insert into md_column ( createtime, forlocale, columntype, ts, creator, id, help, sqldatetype, groupid, description, name, incrementseed, incrementstep, defaultvalue, modifytime, dr, tenantid, columnlength, resid, pkey, nullable, isactive, modifier, columnsequence, identitied, versiontype, tableid, displayname, precise ) values ( null, 'N', 0, '2019-02-14 15:33:21', null, 'bd_contract@@@idnumber', null, 'varchar', null, null, 'idnumber', null, null, null, null, 0, null, 50, null, 'N', 'Y', 'Y', null, 10, null, 0, 'bd_contract', '身份证号', null );
 insert into md_column ( createtime, forlocale, columntype, ts, creator, id, help, sqldatetype, groupid, description, name, incrementseed, incrementstep, defaultvalue, modifytime, dr, tenantid, columnlength, resid, pkey, nullable, isactive, modifier, columnsequence, identitied, versiontype, tableid, displayname, precise ) values ( null, 'N', 0, '2019-02-14 15:33:21', null, 'bd_contract@@@clientname', null, 'varchar', null, null, 'clientname', null, null, null, null, 0, null, 50, null, 'N', 'Y', 'Y', null, 11, null, 0, 'bd_contract', '委托方', null );
 insert into md_column ( createtime, forlocale, columntype, ts, creator, id, help, sqldatetype, groupid, description, name, incrementseed, incrementstep, defaultvalue, modifytime, dr, tenantid, columnlength, resid, pkey, nullable, isactive, modifier, columnsequence, identitied, versiontype, tableid, displayname, precise ) values ( null, 'N', 0, '2019-02-14 15:33:21', null, 'bd_contract@@@postaladdress', null, 'varchar', null, null, 'postaladdress', null, null, null, null, 0, null, 100, null, 'N', 'Y', 'Y', null, 12, null, 0, 'bd_contract', '通讯地址', null );
 insert into md_column ( createtime, forlocale, columntype, ts, creator, id, help, sqldatetype, groupid, description, name, incrementseed, incrementstep, defaultvalue, modifytime, dr, tenantid, columnlength, resid, pkey, nullable, isactive, modifier, columnsequence, identitied, versiontype, tableid, displayname, precise ) values ( null, 'N', 0, '2019-02-14 15:33:21', null, 'bd_contract@@@telphone', null, 'varchar', null, null, 'telphone', null, null, null, null, 0, null, 50, null, 'N', 'Y', 'Y', null, 13, null, 0, 'bd_contract', '手机号', null );
 insert into md_column ( createtime, forlocale, columntype, ts, creator, id, help, sqldatetype, groupid, description, name, incrementseed, incrementstep, defaultvalue, modifytime, dr, tenantid, columnlength, resid, pkey, nullable, isactive, modifier, columnsequence, identitied, versiontype, tableid, displayname, precise ) values ( null, 'N', 0, '2019-02-14 15:33:21', null, 'bd_contract@@@address', null, 'varchar', null, null, 'address', null, null, null, null, 0, null, 50, null, 'N', 'Y', 'Y', null, 14, null, 0, 'bd_contract', '地址', null );
 insert into md_column ( createtime, forlocale, columntype, ts, creator, id, help, sqldatetype, groupid, description, name, incrementseed, incrementstep, defaultvalue, modifytime, dr, tenantid, columnlength, resid, pkey, nullable, isactive, modifier, columnsequence, identitied, versiontype, tableid, displayname, precise ) values ( null, 'N', 0, '2019-02-14 15:33:21', null, 'bd_contract@@@creator', null, 'varchar', null, null, 'creator', null, null, null, null, 0, null, 50, null, 'N', 'Y', 'Y', null, 15, null, 0, 'bd_contract', '创建人', null );
 insert into md_column ( createtime, forlocale, columntype, ts, creator, id, help, sqldatetype, groupid, description, name, incrementseed, incrementstep, defaultvalue, modifytime, dr, tenantid, columnlength, resid, pkey, nullable, isactive, modifier, columnsequence, identitied, versiontype, tableid, displayname, precise ) values ( null, 'N', 0, '2019-02-14 15:33:21', null, 'bd_contract@@@createtime', null, 'datetime', null, null, 'createtime', null, null, null, null, 0, null, null, null, 'N', 'Y', 'Y', null, 16, null, 0, 'bd_contract', '创建时间', null );
 insert into md_column ( createtime, forlocale, columntype, ts, creator, id, help, sqldatetype, groupid, description, name, incrementseed, incrementstep, defaultvalue, modifytime, dr, tenantid, columnlength, resid, pkey, nullable, isactive, modifier, columnsequence, identitied, versiontype, tableid, displayname, precise ) values ( null, 'N', 0, '2019-02-14 15:33:21', null, 'bd_contract@@@orgid', null, 'varchar', null, null, 'orgid', null, null, null, null, 0, null, 50, null, 'N', 'Y', 'Y', null, 17, null, 0, 'bd_contract', '组织id', null );
 insert into md_column ( createtime, forlocale, columntype, ts, creator, id, help, sqldatetype, groupid, description, name, incrementseed, incrementstep, defaultvalue, modifytime, dr, tenantid, columnlength, resid, pkey, nullable, isactive, modifier, columnsequence, identitied, versiontype, tableid, displayname, precise ) values ( null, 'N', 0, '2019-02-14 15:33:21', null, 'bd_contract@@@orgname', null, 'varchar', null, null, 'orgname', null, null, null, null, 0, null, 50, null, 'N', 'Y', 'Y', null, 18, null, 0, 'bd_contract', '组织名称', null );
 insert into md_column ( createtime, forlocale, columntype, ts, creator, id, help, sqldatetype, groupid, description, name, incrementseed, incrementstep, defaultvalue, modifytime, dr, tenantid, columnlength, resid, pkey, nullable, isactive, modifier, columnsequence, identitied, versiontype, tableid, displayname, precise ) values ( null, 'N', 0, '2019-02-14 15:33:21', null, 'bd_contract@@@agentid', null, 'varchar', null, null, 'agentid', null, null, null, null, 0, null, 50, null, 'N', 'Y', 'Y', null, 19, null, 0, 'bd_contract', '运营商id', null );
 insert into md_column ( createtime, forlocale, columntype, ts, creator, id, help, sqldatetype, groupid, description, name, incrementseed, incrementstep, defaultvalue, modifytime, dr, tenantid, columnlength, resid, pkey, nullable, isactive, modifier, columnsequence, identitied, versiontype, tableid, displayname, precise ) values ( null, 'N', 0, '2019-02-14 15:33:21', null, 'bd_contract@@@agentname', null, 'varchar', null, null, 'agentname', null, null, null, null, 0, null, 50, null, 'N', 'Y', 'Y', null, 20, null, 0, 'bd_contract', '运营商名称', null );
 insert into md_column ( createtime, forlocale, columntype, ts, creator, id, help, sqldatetype, groupid, description, name, incrementseed, incrementstep, defaultvalue, modifytime, dr, tenantid, columnlength, resid, pkey, nullable, isactive, modifier, columnsequence, identitied, versiontype, tableid, displayname, precise ) values ( null, 'N', 0, '2019-02-14 15:33:21', null, 'bd_contract@@@postalnum', null, 'varchar', null, null, 'postalnum', null, null, null, null, 0, null, 50, null, 'N', 'Y', 'Y', null, 21, null, 0, 'bd_contract', '邮寄单据号', null );
 insert into md_column ( createtime, forlocale, columntype, ts, creator, id, help, sqldatetype, groupid, description, name, incrementseed, incrementstep, defaultvalue, modifytime, dr, tenantid, columnlength, resid, pkey, nullable, isactive, modifier, columnsequence, identitied, versiontype, tableid, displayname, precise ) values ( null, 'N', 0, '2019-02-14 15:33:21', null, 'bd_contract@@@contractelecvers', null, 'varchar', null, null, 'contractelecvers', null, null, null, null, 0, null, 50, null, 'N', 'Y', 'Y', null, 22, null, 0, 'bd_contract', '合同电子版', null );
 insert into md_column ( createtime, forlocale, columntype, ts, creator, id, help, sqldatetype, groupid, description, name, incrementseed, incrementstep, defaultvalue, modifytime, dr, tenantid, columnlength, resid, pkey, nullable, isactive, modifier, columnsequence, identitied, versiontype, tableid, displayname, precise ) values ( null, 'N', 0, '2019-02-14 15:33:21', null, 'bd_contract@@@contractmailstate', null, 'varchar', null, null, 'contractmailstate', null, null, null, null, 0, null, 50, null, 'N', 'Y', 'Y', null, 23, null, 0, 'bd_contract', '合同邮寄', null );
 insert into md_column ( createtime, forlocale, columntype, ts, creator, id, help, sqldatetype, groupid, description, name, incrementseed, incrementstep, defaultvalue, modifytime, dr, tenantid, columnlength, resid, pkey, nullable, isactive, modifier, columnsequence, identitied, versiontype, tableid, displayname, precise ) values ( null, 'N', 0, '2019-02-14 15:33:21', null, 'bd_contract@@@invoiceelecvers', null, 'varchar', null, null, 'invoiceelecvers', null, null, null, null, 0, null, 50, null, 'N', 'Y', 'Y', null, 24, null, 0, 'bd_contract', '发票电子版', null );
 insert into md_column ( createtime, forlocale, columntype, ts, creator, id, help, sqldatetype, groupid, description, name, incrementseed, incrementstep, defaultvalue, modifytime, dr, tenantid, columnlength, resid, pkey, nullable, isactive, modifier, columnsequence, identitied, versiontype, tableid, displayname, precise ) values ( null, 'N', 0, '2019-02-14 15:33:21', null, 'bd_contract@@@invoicemailstate', null, 'varchar', null, null, 'invoicemailstate', null, null, null, null, 0, null, 50, null, 'N', 'Y', 'Y', null, 25, null, 0, 'bd_contract', '发票邮寄', null );
 insert into md_column ( createtime, forlocale, columntype, ts, creator, id, help, sqldatetype, groupid, description, name, incrementseed, incrementstep, defaultvalue, modifytime, dr, tenantid, columnlength, resid, pkey, nullable, isactive, modifier, columnsequence, identitied, versiontype, tableid, displayname, precise ) values ( null, 'N', 0, '2019-02-14 15:33:21', null, 'bd_contract@@@policyelecvers', null, 'varchar', null, null, 'policyelecvers', null, null, null, null, 0, null, 50, null, 'N', 'Y', 'Y', null, 26, null, 0, 'bd_contract', '保单电子版', null );
 insert into md_column ( createtime, forlocale, columntype, ts, creator, id, help, sqldatetype, groupid, description, name, incrementseed, incrementstep, defaultvalue, modifytime, dr, tenantid, columnlength, resid, pkey, nullable, isactive, modifier, columnsequence, identitied, versiontype, tableid, displayname, precise ) values ( null, 'N', 0, '2019-02-14 15:33:21', null, 'bd_contract@@@policymailstate', null, 'varchar', null, null, 'policymailstate', null, null, null, null, 0, null, 50, null, 'N', 'Y', 'Y', null, 27, null, 0, 'bd_contract', '保单邮寄', null );
 insert into md_column ( createtime, forlocale, columntype, ts, creator, id, help, sqldatetype, groupid, description, name, incrementseed, incrementstep, defaultvalue, modifytime, dr, tenantid, columnlength, resid, pkey, nullable, isactive, modifier, columnsequence, identitied, versiontype, tableid, displayname, precise ) values ( null, 'N', 0, '2019-02-14 15:33:21', null, 'bd_contract@@@dealpaystate', null, 'varchar', null, null, 'dealpaystate', null, null, null, null, 0, null, 50, null, 'N', 'Y', 'Y', null, 28, null, 0, 'bd_contract', '交易付款状态', null );
 insert into md_column ( createtime, forlocale, columntype, ts, creator, id, help, sqldatetype, groupid, description, name, incrementseed, incrementstep, defaultvalue, modifytime, dr, tenantid, columnlength, resid, pkey, nullable, isactive, modifier, columnsequence, identitied, versiontype, tableid, displayname, precise ) values ( null, 'N', 0, '2019-02-14 15:33:21', null, 'bd_contract@@@paymoney', null, 'varchar', null, null, 'paymoney', null, null, null, null, 0, null, 50, null, 'N', 'Y', 'Y', null, 29, null, 0, 'bd_contract', '付款金额', null );
 insert into md_column ( createtime, forlocale, columntype, ts, creator, id, help, sqldatetype, groupid, description, name, incrementseed, incrementstep, defaultvalue, modifytime, dr, tenantid, columnlength, resid, pkey, nullable, isactive, modifier, columnsequence, identitied, versiontype, tableid, displayname, precise ) values ( null, 'N', 0, '2019-02-14 15:33:21', null, 'bd_contract@@@contractdocunum', null, 'varchar', null, null, 'contractdocunum', null, null, null, null, 0, null, 50, null, 'N', 'Y', 'Y', null, 30, null, 0, 'bd_contract', '合同单据号', null );
 insert into md_column ( createtime, forlocale, columntype, ts, creator, id, help, sqldatetype, groupid, description, name, incrementseed, incrementstep, defaultvalue, modifytime, dr, tenantid, columnlength, resid, pkey, nullable, isactive, modifier, columnsequence, identitied, versiontype, tableid, displayname, precise ) values ( null, 'N', 0, '2019-02-14 15:33:21', null, 'bd_contract@@@invoicedocunum', null, 'varchar', null, null, 'invoicedocunum', null, null, null, null, 0, null, 50, null, 'N', 'Y', 'Y', null, 31, null, 0, 'bd_contract', '发票单据号', null );
 insert into md_column ( createtime, forlocale, columntype, ts, creator, id, help, sqldatetype, groupid, description, name, incrementseed, incrementstep, defaultvalue, modifytime, dr, tenantid, columnlength, resid, pkey, nullable, isactive, modifier, columnsequence, identitied, versiontype, tableid, displayname, precise ) values ( null, 'N', 0, '2019-02-14 15:33:21', null, 'bd_contract@@@policydocunum', null, 'varchar', null, null, 'policydocunum', null, null, null, null, 0, null, 50, null, 'N', 'Y', 'Y', null, 32, null, 0, 'bd_contract', '保单单据号', null );
 insert into md_column ( createtime, forlocale, columntype, ts, creator, id, help, sqldatetype, groupid, description, name, incrementseed, incrementstep, defaultvalue, modifytime, dr, tenantid, columnlength, resid, pkey, nullable, isactive, modifier, columnsequence, identitied, versiontype, tableid, displayname, precise ) values ( null, 'N', 0, '2019-02-14 15:33:21', null, 'bd_contract@@@contractphoto', null, 'varchar', null, null, 'contractphoto', null, null, null, null, 0, null, 50, null, 'N', 'Y', 'Y', null, 33, null, 0, 'bd_contract', '合同图片', null );
 insert into md_column ( createtime, forlocale, columntype, ts, creator, id, help, sqldatetype, groupid, description, name, incrementseed, incrementstep, defaultvalue, modifytime, dr, tenantid, columnlength, resid, pkey, nullable, isactive, modifier, columnsequence, identitied, versiontype, tableid, displayname, precise ) values ( null, 'N', 0, '2019-02-14 15:33:21', null, 'bd_contract@@@invoicephoto', null, 'varchar', null, null, 'invoicephoto', null, null, null, null, 0, null, 50, null, 'N', 'Y', 'Y', null, 34, null, 0, 'bd_contract', '发票图片', null );
 insert into md_column ( createtime, forlocale, columntype, ts, creator, id, help, sqldatetype, groupid, description, name, incrementseed, incrementstep, defaultvalue, modifytime, dr, tenantid, columnlength, resid, pkey, nullable, isactive, modifier, columnsequence, identitied, versiontype, tableid, displayname, precise ) values ( null, 'N', 0, '2019-02-14 15:33:21', null, 'bd_contract@@@policyphoto', null, 'varchar', null, null, 'policyphoto', null, null, null, null, 0, null, 50, null, 'N', 'Y', 'Y', null, 35, null, 0, 'bd_contract', '保单图片', null );
 insert into md_ormap ( tenantid, ts, columnid, classid, tableid, attributeid, dr ) values ( null, '2019-02-14 15:33:21', 'bd_contract@@@policydocunum', '7f898590-9abd-44c5-a7f5-53cdb870b66d', 'bd_contract', '114ee68a-0f8e-4466-a1c1-e23f19b2d708', 0 );
 insert into md_ormap ( tenantid, ts, columnid, classid, tableid, attributeid, dr ) values ( null, '2019-02-14 15:33:21', 'bd_contract@@@customerid', '7f898590-9abd-44c5-a7f5-53cdb870b66d', 'bd_contract', 'e3cb943d-9fe2-4a7b-91a7-ac5dd55a7939', 0 );
 insert into md_ormap ( tenantid, ts, columnid, classid, tableid, attributeid, dr ) values ( null, '2019-02-14 15:33:21', 'bd_contract@@@customername', '7f898590-9abd-44c5-a7f5-53cdb870b66d', 'bd_contract', '6170956b-f475-47c9-a367-38248d164815', 0 );
 insert into md_ormap ( tenantid, ts, columnid, classid, tableid, attributeid, dr ) values ( null, '2019-02-14 15:33:21', 'bd_contract@@@servicecode', '7f898590-9abd-44c5-a7f5-53cdb870b66d', 'bd_contract', 'a7ffc916-ef2f-4fdf-8f9d-dc5a2e1b9428', 0 );
 insert into md_ormap ( tenantid, ts, columnid, classid, tableid, attributeid, dr ) values ( null, '2019-02-14 15:33:21', 'bd_contract@@@agentname', '7f898590-9abd-44c5-a7f5-53cdb870b66d', 'bd_contract', 'a935a687-b83a-4d82-a54b-74913d4ba3d3', 0 );
 insert into md_ormap ( tenantid, ts, columnid, classid, tableid, attributeid, dr ) values ( null, '2019-02-14 15:33:21', 'bd_contract@@PK@@', '7f898590-9abd-44c5-a7f5-53cdb870b66d', 'bd_contract', 'dda3a3bc-0f25-43fb-9220-1cfead0c3935', 0 );
 insert into md_ormap ( tenantid, ts, columnid, classid, tableid, attributeid, dr ) values ( null, '2019-02-14 15:33:21', 'bd_contract@@@dealcode', '7f898590-9abd-44c5-a7f5-53cdb870b66d', 'bd_contract', 'b8bb3d82-93d7-49e4-959f-9904d1364cdf', 0 );
 insert into md_ormap ( tenantid, ts, columnid, classid, tableid, attributeid, dr ) values ( null, '2019-02-14 15:33:21', 'bd_contract@@@orgid', '7f898590-9abd-44c5-a7f5-53cdb870b66d', 'bd_contract', '5479bd06-27fe-43a0-ac12-4cde9c0ebeb7', 0 );
 insert into md_ormap ( tenantid, ts, columnid, classid, tableid, attributeid, dr ) values ( null, '2019-02-14 15:33:21', 'bd_contract@@@orgname', '7f898590-9abd-44c5-a7f5-53cdb870b66d', 'bd_contract', 'ce447fb4-2e95-40cb-8336-6ca543a484d0', 0 );
 insert into md_ormap ( tenantid, ts, columnid, classid, tableid, attributeid, dr ) values ( null, '2019-02-14 15:33:21', 'bd_contract@@@idnumber', '7f898590-9abd-44c5-a7f5-53cdb870b66d', 'bd_contract', '59ca1542-958d-4f14-ad88-ce43fc1e2f63', 0 );
 insert into md_ormap ( tenantid, ts, columnid, classid, tableid, attributeid, dr ) values ( null, '2019-02-14 15:33:21', 'bd_contract@@@clientname', '7f898590-9abd-44c5-a7f5-53cdb870b66d', 'bd_contract', '6d12ab93-d030-4cd7-9488-36b2c6545701', 0 );
 insert into md_ormap ( tenantid, ts, columnid, classid, tableid, attributeid, dr ) values ( null, '2019-02-14 15:33:21', 'bd_contract@@@invoicedocunum', '7f898590-9abd-44c5-a7f5-53cdb870b66d', 'bd_contract', '06da7e67-a8ab-44ca-bd89-650e64972cc0', 0 );
 insert into md_ormap ( tenantid, ts, columnid, classid, tableid, attributeid, dr ) values ( null, '2019-02-14 15:33:21', 'bd_contract@@@dealpaystate', '7f898590-9abd-44c5-a7f5-53cdb870b66d', 'bd_contract', '2df09d3d-4b2f-460d-8c2e-a1e37e6148f7', 0 );
 insert into md_ormap ( tenantid, ts, columnid, classid, tableid, attributeid, dr ) values ( null, '2019-02-14 15:33:21', 'bd_contract@@@serviceid', '7f898590-9abd-44c5-a7f5-53cdb870b66d', 'bd_contract', '4c15bdc7-06ea-4208-baf1-25d4e7d74497', 0 );
 insert into md_ormap ( tenantid, ts, columnid, classid, tableid, attributeid, dr ) values ( null, '2019-02-14 15:33:21', 'bd_contract@@@policyelecvers', '7f898590-9abd-44c5-a7f5-53cdb870b66d', 'bd_contract', '07b1f058-b17e-4917-89ef-bd085f27b49f', 0 );
 insert into md_ormap ( tenantid, ts, columnid, classid, tableid, attributeid, dr ) values ( null, '2019-02-14 15:33:21', 'bd_contract@@@paymoney', '7f898590-9abd-44c5-a7f5-53cdb870b66d', 'bd_contract', '1fc1b078-413d-4b16-8110-47e2b5e0df03', 0 );
 insert into md_ormap ( tenantid, ts, columnid, classid, tableid, attributeid, dr ) values ( null, '2019-02-14 15:33:21', 'bd_contract@@@picc', '7f898590-9abd-44c5-a7f5-53cdb870b66d', 'bd_contract', '5ac94d83-8eba-4371-9d6b-b3f53823d871', 0 );
 insert into md_ormap ( tenantid, ts, columnid, classid, tableid, attributeid, dr ) values ( null, '2019-02-14 15:33:21', 'bd_contract@@@invoicephoto', '7f898590-9abd-44c5-a7f5-53cdb870b66d', 'bd_contract', '50cc37fc-62c4-409c-9dad-cbcd29c1177b', 0 );
 insert into md_ormap ( tenantid, ts, columnid, classid, tableid, attributeid, dr ) values ( null, '2019-02-14 15:33:21', 'bd_contract@@@contractmailstate', '7f898590-9abd-44c5-a7f5-53cdb870b66d', 'bd_contract', '0573ed15-7ab2-4247-92de-883014e0ef4e', 0 );
 insert into md_ormap ( tenantid, ts, columnid, classid, tableid, attributeid, dr ) values ( null, '2019-02-14 15:33:21', 'bd_contract@@@contractphoto', '7f898590-9abd-44c5-a7f5-53cdb870b66d', 'bd_contract', '7326ddf4-f2ec-43f2-aff6-6de2a017cfbd', 0 );
 insert into md_ormap ( tenantid, ts, columnid, classid, tableid, attributeid, dr ) values ( null, '2019-02-14 15:33:21', 'bd_contract@@@contractelecvers', '7f898590-9abd-44c5-a7f5-53cdb870b66d', 'bd_contract', 'a39aec66-aacc-429d-837d-d02102b3b2b3', 0 );
 insert into md_ormap ( tenantid, ts, columnid, classid, tableid, attributeid, dr ) values ( null, '2019-02-14 15:33:21', 'bd_contract@@@dealid', '7f898590-9abd-44c5-a7f5-53cdb870b66d', 'bd_contract', 'fb76672c-aeee-4e45-9b06-fe3e9e8bf63e', 0 );
 insert into md_ormap ( tenantid, ts, columnid, classid, tableid, attributeid, dr ) values ( null, '2019-02-14 15:33:21', 'bd_contract@@@postaladdress', '7f898590-9abd-44c5-a7f5-53cdb870b66d', 'bd_contract', '75e1dd72-c97c-4fdd-8fa1-34d689b83bb3', 0 );
 insert into md_ormap ( tenantid, ts, columnid, classid, tableid, attributeid, dr ) values ( null, '2019-02-14 15:33:21', 'bd_contract@@@postalnum', '7f898590-9abd-44c5-a7f5-53cdb870b66d', 'bd_contract', 'c522b721-2988-4353-97ed-93cbb74e4dc8', 0 );
 insert into md_ormap ( tenantid, ts, columnid, classid, tableid, attributeid, dr ) values ( null, '2019-02-14 15:33:21', 'bd_contract@@@address', '7f898590-9abd-44c5-a7f5-53cdb870b66d', 'bd_contract', '30e3ccc6-c780-4e90-ab0b-6b91b759882c', 0 );
 insert into md_ormap ( tenantid, ts, columnid, classid, tableid, attributeid, dr ) values ( null, '2019-02-14 15:33:21', 'bd_contract@@@policyphoto', '7f898590-9abd-44c5-a7f5-53cdb870b66d', 'bd_contract', '76186b5c-59be-4043-891d-cfe2c5ed477f', 0 );
 insert into md_ormap ( tenantid, ts, columnid, classid, tableid, attributeid, dr ) values ( null, '2019-02-14 15:33:21', 'bd_contract@@@policymailstate', '7f898590-9abd-44c5-a7f5-53cdb870b66d', 'bd_contract', '54136eba-3637-4feb-bc54-dc5a6c080e1f', 0 );
 insert into md_ormap ( tenantid, ts, columnid, classid, tableid, attributeid, dr ) values ( null, '2019-02-14 15:33:21', 'bd_contract@@@invoicestate', '7f898590-9abd-44c5-a7f5-53cdb870b66d', 'bd_contract', '1b004fe7-b111-4d70-8d37-b4f18d7c01bf', 0 );
 insert into md_ormap ( tenantid, ts, columnid, classid, tableid, attributeid, dr ) values ( null, '2019-02-14 15:33:21', 'bd_contract@@@creator', '7f898590-9abd-44c5-a7f5-53cdb870b66d', 'bd_contract', 'd2b15f4b-c76c-4b06-8de5-431d6dd732c1', 0 );
 insert into md_ormap ( tenantid, ts, columnid, classid, tableid, attributeid, dr ) values ( null, '2019-02-14 15:33:21', 'bd_contract@@@agentid', '7f898590-9abd-44c5-a7f5-53cdb870b66d', 'bd_contract', 'f8e1a92f-2489-4ff2-8b93-c9833dcea9c5', 0 );
 insert into md_ormap ( tenantid, ts, columnid, classid, tableid, attributeid, dr ) values ( null, '2019-02-14 15:33:21', 'bd_contract@@@contractdocunum', '7f898590-9abd-44c5-a7f5-53cdb870b66d', 'bd_contract', 'ddaada1f-0433-4ea7-a094-d1ed285ac641', 0 );
 insert into md_ormap ( tenantid, ts, columnid, classid, tableid, attributeid, dr ) values ( null, '2019-02-14 15:33:21', 'bd_contract@@@telphone', '7f898590-9abd-44c5-a7f5-53cdb870b66d', 'bd_contract', '8d11befe-dfff-41e3-99c8-b08771707ca5', 0 );
 insert into md_ormap ( tenantid, ts, columnid, classid, tableid, attributeid, dr ) values ( null, '2019-02-14 15:33:21', 'bd_contract@@@invoicemailstate', '7f898590-9abd-44c5-a7f5-53cdb870b66d', 'bd_contract', '37358643-2722-4007-8560-22f2564cea3f', 0 );
 insert into md_ormap ( tenantid, ts, columnid, classid, tableid, attributeid, dr ) values ( null, '2019-02-14 15:33:21', 'bd_contract@@@invoiceelecvers', '7f898590-9abd-44c5-a7f5-53cdb870b66d', 'bd_contract', 'e0736e84-bf35-4f54-b7e6-a7e6ce3604f3', 0 );
 insert into md_ormap ( tenantid, ts, columnid, classid, tableid, attributeid, dr ) values ( null, '2019-02-14 15:33:21', 'bd_contract@@@contractcode', '7f898590-9abd-44c5-a7f5-53cdb870b66d', 'bd_contract', '9d4d94f7-ba1b-4d6b-8a37-af09bbaa0f42', 0 );
 insert into md_ormap ( tenantid, ts, columnid, classid, tableid, attributeid, dr ) values ( null, '2019-02-14 15:33:21', 'bd_contract@@@createtime', '7f898590-9abd-44c5-a7f5-53cdb870b66d', 'bd_contract', '815424e9-345e-42e1-9007-8edfcb9fdba6', 0 );
