--此脚本作为元数据发布时参考使用,以便开发者了解元数据信息在数据库中的记录.
--严禁将此脚本直接或修改后在数据库中执行,如由上述行为引发问题,概不支持.


 delete from md_db_relation where startattrid in ( select id from md_property where classid in ( '22e9d3f9-9909-47b5-b6a3-21d1ebb9bfaf', '85235727-cd95-4f94-9f1a-0596c2414452', '@@@@' ) and ( versiontype = 0 or versiontype is null ) ) and starttableid in ( 'bill_material_allot_b', 'bill_material_allot', '@@@@' );
 delete from md_ormap where ATTRIBUTEID in ( select id from md_property where classid in ( '22e9d3f9-9909-47b5-b6a3-21d1ebb9bfaf', '85235727-cd95-4f94-9f1a-0596c2414452', '@@@@' ) and ( versiontype = 0 or versiontype is null ) ) and tableid in ( 'bill_material_allot_b', 'bill_material_allot', '@@@@' );
 delete from md_table where id not in ( select distinct tableid from md_ormap ) and ( versiontype = 0 or versiontype is null );
 delete from md_column where tableid in ( 'bill_material_allot_b', 'bill_material_allot', '@@@@' ) and id not in ( select distinct columnid from md_ormap ) and ( ifnull( groupid, '~' ) = '~' or groupid = id ) and name <> 'extend_bean_tag';
 delete from md_column where tableid in ( 'bill_material_allot_b', 'bill_material_allot', '@@@@' ) and groupid is not null and groupid not in ( select distinct t.id from ( select * from md_column ) t where tableid in ( 'bill_material_allot_b', 'bill_material_allot', '@@@@' ) );
 delete from md_db_relation where starttableid not in ( select id from md_table );
 delete from md_association where componentID = '56cc6875-0f09-43b2-9ca7-41d7e21fe7dc' and ( versiontype = 0 or versiontype is null );
 delete from md_property where classID in ( select distinct id from md_class where componentID = '56cc6875-0f09-43b2-9ca7-41d7e21fe7dc' ) and ( versiontype = 0 or versiontype is null );
 delete from md_bizitfmap where classID in ( select distinct id from md_class where componentID = '56cc6875-0f09-43b2-9ca7-41d7e21fe7dc' );
 delete from md_bizitfmap where classID in ( select id from md_opinterface where componentID = '56cc6875-0f09-43b2-9ca7-41d7e21fe7dc' and ( versiontype = 0 or versiontype is null ) );
 delete from md_accessorpara where id in ( select distinct id from md_class where componentID = '56cc6875-0f09-43b2-9ca7-41d7e21fe7dc' );
 delete from md_enumvalue where id in ( select distinct id from md_class where componentID = '56cc6875-0f09-43b2-9ca7-41d7e21fe7dc' ) and ( versiontype = 0 or versiontype is null );
 delete from md_class where componentID = '56cc6875-0f09-43b2-9ca7-41d7e21fe7dc' and ( versiontype = 0 or versiontype is null );
 delete from md_component where id = '56cc6875-0f09-43b2-9ca7-41d7e21fe7dc' and ( versiontype = 0 or versiontype is null );
 delete from md_table where ( id = 'bill_material_allot' );
 delete from md_table where ( id = 'bill_material_allot_b' );
 delete from md_column where ( id = 'bill_material_allot@@PK@@' );
 delete from md_column where ( id = 'bill_material_allot@@@serviceid' );
 delete from md_column where ( id = 'bill_material_allot@@@servicecode' );
 delete from md_column where ( id = 'bill_material_allot@@@memo' );
 delete from md_column where ( id = 'bill_material_allot@@@creator' );
 delete from md_column where ( id = 'bill_material_allot@@@creatorid' );
 delete from md_column where ( id = 'bill_material_allot@@@createtime' );
 delete from md_column where ( id = 'bill_material_allot@@@orgname' );
 delete from md_column where ( id = 'bill_material_allot@@@orgid' );
 delete from md_column where ( id = 'bill_material_allot@@@modifier' );
 delete from md_column where ( id = 'bill_material_allot@@@modifierid' );
 delete from md_column where ( id = 'bill_material_allot@@@modifytime' );
 delete from md_column where ( id = 'bill_material_allot_b@@PK@@' );
 delete from md_column where ( id = 'bill_material_allot_b@@@materialid' );
 delete from md_column where ( id = 'bill_material_allot_b@@@materialcode' );
 delete from md_column where ( id = 'bill_material_allot_b@@@materialname' );
 delete from md_column where ( id = 'bill_material_allot_b@@@allotnum' );
 delete from md_column where ( id = 'bill_material_allot_b@@@orderid' );
 delete from md_column where ( id = 'bill_material_allot_b@@@ordercode' );
 delete from md_column where ( id = 'bill_material_allot_b@@@memo' );
 delete from md_column where ( id = 'bill_material_allot_b@@@materialallotid' );
 delete from md_column where ( id = 'bill_material_allot_b@@@fk_id_billmaterialallotb' );



 insert into md_component ( createtime, tenantid, resid, ts, resmodule, version, namespace, creator, fromsourcebmf, modifier, id, help, description, preload, name, ownmodule, versiontype, displayname, industry, modifytime, isbizmodel, dr ) values ( '2019-02-15 10:43:07', null, null, '2019-02-18 15:49:40', 'bill_material_allot', '20', 'dingCMS', null, 'Y', null, '56cc6875-0f09-43b2-9ca7-41d7e21fe7dc', null, null, null, 'bill_material_allot', 'dingCMS', 0, 'bill_material_allot', '0', '2019-02-18 15:46:11', 'N', 0 );
 insert into md_class ( modinfoclassname, createtime, parentclassid, ts, userdefclassname, iscreatesql, creator, id, help, bizitfimpclassname, description, name, refmodelname, industry, modifytime, dr, accessorclassname, tenantid, isprimary, resid, isauthen, keyattribute, fullclassname, classtype, returntype, componentid, isactive, modifier, stereotype, isextendbean, defaulttablename, versiontype, displayname, precise, fixedlength ) values ( null, '2019-02-15 10:43:16', null, '2019-02-18 15:49:40', null, 'Y', null, '22e9d3f9-9909-47b5-b6a3-21d1ebb9bfaf', null, null, null, 'BillMaterialAllot', null, '0', '2019-02-18 15:46:48', 0, 'nc.md.model.access.javamap.POJOStyle', null, 'Y', null, 'Y', 'fb8a561a-d68b-400f-8c50-ed40d69451a1', 'com.ding.cms.entity.BillMaterialAllot', 201, null, '56cc6875-0f09-43b2-9ca7-41d7e21fe7dc', null, null, null, null, 'bill_material_allot', 0, '物料调配主表', null, null );
 insert into md_class ( modinfoclassname, createtime, parentclassid, ts, userdefclassname, iscreatesql, creator, id, help, bizitfimpclassname, description, name, refmodelname, industry, modifytime, dr, accessorclassname, tenantid, isprimary, resid, isauthen, keyattribute, fullclassname, classtype, returntype, componentid, isactive, modifier, stereotype, isextendbean, defaulttablename, versiontype, displayname, precise, fixedlength ) values ( null, '2019-02-15 10:43:21', null, '2019-02-18 15:49:40', null, 'Y', null, '85235727-cd95-4f94-9f1a-0596c2414452', null, null, null, 'BillMaterialAllotB', null, '0', '2019-02-18 15:46:48', 0, 'nc.md.model.access.javamap.POJOStyle', null, 'N', null, 'Y', '1295b28b-d761-4fae-98f8-9bbed0d3d3cb', 'com.ding.cms.entity.BillMaterialAllotB', 201, null, '56cc6875-0f09-43b2-9ca7-41d7e21fe7dc', null, null, null, null, 'bill_material_allot_b', 0, '物料调配子表', null, null );
 insert into md_property ( dynamicattr, createtime, ts, visibility, dynamictable, classid, accesspower, attrmaxvalue, notserialize, creator, calculation, id, help, datatypestyle, description, name, refmodelname, industry, defaultvalue, modifytime, dr, accessorclassname, tenantid, hided, resid, isauthen, attrsequence, nullable, attrminvalue, isactive, attrlength, modifier, datatype, readonly, accesspowergroup, customattr, versiontype, displayname, precise, fixedlength ) values ( 'N', null, '2019-02-18 15:49:40', 0, null, '22e9d3f9-9909-47b5-b6a3-21d1ebb9bfaf', 'N', null, 'N', null, 'N', 'fb8a561a-d68b-400f-8c50-ed40d69451a1', null, 300, null, 'materialallotid', null, '0', null, null, 0, null, null, 'N', null, 'Y', 0, 'N', null, 'Y', 36, null, 'BS000010000100001051', 'N', null, 'N', 0, '主键', null, 'N' );
 insert into md_property ( dynamicattr, createtime, ts, visibility, dynamictable, classid, accesspower, attrmaxvalue, notserialize, creator, calculation, id, help, datatypestyle, description, name, refmodelname, industry, defaultvalue, modifytime, dr, accessorclassname, tenantid, hided, resid, isauthen, attrsequence, nullable, attrminvalue, isactive, attrlength, modifier, datatype, readonly, accesspowergroup, customattr, versiontype, displayname, precise, fixedlength ) values ( 'N', null, '2019-02-18 15:49:40', 0, null, '22e9d3f9-9909-47b5-b6a3-21d1ebb9bfaf', 'N', null, 'N', null, 'N', 'b649d5f6-1984-43a9-96d1-f92d73e51b07', null, 300, null, 'serviceid', null, '0', null, null, 0, null, null, 'N', null, 'Y', 1, 'Y', null, 'Y', 50, null, 'BS000010000100001001', 'N', null, 'N', 0, '工程服务id', null, 'N' );
 insert into md_property ( dynamicattr, createtime, ts, visibility, dynamictable, classid, accesspower, attrmaxvalue, notserialize, creator, calculation, id, help, datatypestyle, description, name, refmodelname, industry, defaultvalue, modifytime, dr, accessorclassname, tenantid, hided, resid, isauthen, attrsequence, nullable, attrminvalue, isactive, attrlength, modifier, datatype, readonly, accesspowergroup, customattr, versiontype, displayname, precise, fixedlength ) values ( 'N', null, '2019-02-18 15:49:40', 0, null, '22e9d3f9-9909-47b5-b6a3-21d1ebb9bfaf', 'N', null, 'N', null, 'N', '894951df-85ec-432a-9965-e438725e5cf4', null, 300, null, 'servicecode', null, '0', null, null, 0, null, null, 'N', null, 'Y', 2, 'Y', null, 'Y', 50, null, 'BS000010000100001001', 'N', null, 'N', 0, '工程服务编码', null, 'N' );
 insert into md_property ( dynamicattr, createtime, ts, visibility, dynamictable, classid, accesspower, attrmaxvalue, notserialize, creator, calculation, id, help, datatypestyle, description, name, refmodelname, industry, defaultvalue, modifytime, dr, accessorclassname, tenantid, hided, resid, isauthen, attrsequence, nullable, attrminvalue, isactive, attrlength, modifier, datatype, readonly, accesspowergroup, customattr, versiontype, displayname, precise, fixedlength ) values ( 'N', null, '2019-02-18 15:49:40', 0, null, '22e9d3f9-9909-47b5-b6a3-21d1ebb9bfaf', 'N', null, 'N', null, 'N', 'a2ab83cf-803e-42dc-a9ef-687ce5a67004', null, 300, null, 'memo', null, '0', null, null, 0, null, null, 'N', null, 'Y', 3, 'Y', null, 'Y', 50, null, 'BS000010000100001001', 'N', null, 'N', 0, '备注', null, 'N' );
 insert into md_property ( dynamicattr, createtime, ts, visibility, dynamictable, classid, accesspower, attrmaxvalue, notserialize, creator, calculation, id, help, datatypestyle, description, name, refmodelname, industry, defaultvalue, modifytime, dr, accessorclassname, tenantid, hided, resid, isauthen, attrsequence, nullable, attrminvalue, isactive, attrlength, modifier, datatype, readonly, accesspowergroup, customattr, versiontype, displayname, precise, fixedlength ) values ( 'N', null, '2019-02-18 15:49:40', 0, null, '22e9d3f9-9909-47b5-b6a3-21d1ebb9bfaf', 'N', null, 'N', null, 'N', 'f111aebd-2a4f-4a31-87c9-ac99eef5197e', null, 300, null, 'creator', null, '0', null, null, 0, null, null, 'N', null, 'Y', 4, 'Y', null, 'Y', 50, null, 'BS000010000100001001', 'N', null, 'N', 0, '创建人', null, 'N' );
 insert into md_property ( dynamicattr, createtime, ts, visibility, dynamictable, classid, accesspower, attrmaxvalue, notserialize, creator, calculation, id, help, datatypestyle, description, name, refmodelname, industry, defaultvalue, modifytime, dr, accessorclassname, tenantid, hided, resid, isauthen, attrsequence, nullable, attrminvalue, isactive, attrlength, modifier, datatype, readonly, accesspowergroup, customattr, versiontype, displayname, precise, fixedlength ) values ( 'N', null, '2019-02-18 15:49:40', 0, null, '22e9d3f9-9909-47b5-b6a3-21d1ebb9bfaf', 'N', null, 'N', null, 'N', '1ac3ff79-ee4f-482b-bbf9-eef55ccee8ef', null, 300, null, 'creatorid', null, '0', null, null, 0, null, null, 'N', null, 'Y', 5, 'Y', null, 'Y', 50, null, 'BS000010000100001001', 'N', null, 'N', 0, '创建人id', null, 'N' );
 insert into md_property ( dynamicattr, createtime, ts, visibility, dynamictable, classid, accesspower, attrmaxvalue, notserialize, creator, calculation, id, help, datatypestyle, description, name, refmodelname, industry, defaultvalue, modifytime, dr, accessorclassname, tenantid, hided, resid, isauthen, attrsequence, nullable, attrminvalue, isactive, attrlength, modifier, datatype, readonly, accesspowergroup, customattr, versiontype, displayname, precise, fixedlength ) values ( 'N', null, '2019-02-18 15:49:40', 0, null, '22e9d3f9-9909-47b5-b6a3-21d1ebb9bfaf', 'N', null, 'N', null, 'N', 'a5d4a181-9bf8-4caa-8676-a6db7c79e584', null, 300, null, 'createtime', null, '0', null, null, 0, null, null, 'N', null, 'Y', 6, 'Y', null, 'Y', 50, null, 'BS000010000100001001', 'N', null, 'N', 0, '创建时间', null, 'N' );
 insert into md_property ( dynamicattr, createtime, ts, visibility, dynamictable, classid, accesspower, attrmaxvalue, notserialize, creator, calculation, id, help, datatypestyle, description, name, refmodelname, industry, defaultvalue, modifytime, dr, accessorclassname, tenantid, hided, resid, isauthen, attrsequence, nullable, attrminvalue, isactive, attrlength, modifier, datatype, readonly, accesspowergroup, customattr, versiontype, displayname, precise, fixedlength ) values ( 'N', null, '2019-02-18 15:49:40', 0, null, '22e9d3f9-9909-47b5-b6a3-21d1ebb9bfaf', 'N', null, 'N', null, 'N', 'b5da0b4a-0f3f-442e-a510-d3d36526f7d0', null, 300, null, 'orgname', null, '0', null, null, 0, null, null, 'N', null, 'Y', 7, 'Y', null, 'Y', 50, null, 'BS000010000100001001', 'N', null, 'N', 0, '组织', null, 'N' );
 insert into md_property ( dynamicattr, createtime, ts, visibility, dynamictable, classid, accesspower, attrmaxvalue, notserialize, creator, calculation, id, help, datatypestyle, description, name, refmodelname, industry, defaultvalue, modifytime, dr, accessorclassname, tenantid, hided, resid, isauthen, attrsequence, nullable, attrminvalue, isactive, attrlength, modifier, datatype, readonly, accesspowergroup, customattr, versiontype, displayname, precise, fixedlength ) values ( 'N', null, '2019-02-18 15:49:40', 0, null, '22e9d3f9-9909-47b5-b6a3-21d1ebb9bfaf', 'N', null, 'N', null, 'N', 'd778ca19-8f83-4bfe-9cad-77e4002ed3ec', null, 300, null, 'orgid', null, '0', null, null, 0, null, null, 'N', null, 'Y', 8, 'Y', null, 'Y', 50, null, 'BS000010000100001001', 'N', null, 'N', 0, '组织id', null, 'N' );
 insert into md_property ( dynamicattr, createtime, ts, visibility, dynamictable, classid, accesspower, attrmaxvalue, notserialize, creator, calculation, id, help, datatypestyle, description, name, refmodelname, industry, defaultvalue, modifytime, dr, accessorclassname, tenantid, hided, resid, isauthen, attrsequence, nullable, attrminvalue, isactive, attrlength, modifier, datatype, readonly, accesspowergroup, customattr, versiontype, displayname, precise, fixedlength ) values ( 'N', null, '2019-02-18 15:49:40', 0, null, '22e9d3f9-9909-47b5-b6a3-21d1ebb9bfaf', 'N', null, 'N', null, 'N', '5912f535-465e-402f-93df-a3794d74949d', null, 302, null, 'id_billmaterialallotb', null, '0', null, null, 0, null, null, 'N', null, 'Y', 9, 'Y', null, 'Y', 36, null, '85235727-cd95-4f94-9f1a-0596c2414452', 'N', null, 'N', 0, 'id_BillMaterialAllotB', null, 'N' );
 insert into md_property ( dynamicattr, createtime, ts, visibility, dynamictable, classid, accesspower, attrmaxvalue, notserialize, creator, calculation, id, help, datatypestyle, description, name, refmodelname, industry, defaultvalue, modifytime, dr, accessorclassname, tenantid, hided, resid, isauthen, attrsequence, nullable, attrminvalue, isactive, attrlength, modifier, datatype, readonly, accesspowergroup, customattr, versiontype, displayname, precise, fixedlength ) values ( 'N', null, '2019-02-18 15:49:40', 0, null, '22e9d3f9-9909-47b5-b6a3-21d1ebb9bfaf', 'N', null, 'N', null, 'N', '49e3cffe-aa1c-4bfa-aef5-6d32d0723d88', null, 300, null, 'modifier', null, '0', null, null, 0, null, null, 'N', null, 'Y', 10, 'Y', null, 'Y', 50, null, 'BS000010000100001001', 'N', null, 'N', 0, '修改人', null, 'N' );
 insert into md_property ( dynamicattr, createtime, ts, visibility, dynamictable, classid, accesspower, attrmaxvalue, notserialize, creator, calculation, id, help, datatypestyle, description, name, refmodelname, industry, defaultvalue, modifytime, dr, accessorclassname, tenantid, hided, resid, isauthen, attrsequence, nullable, attrminvalue, isactive, attrlength, modifier, datatype, readonly, accesspowergroup, customattr, versiontype, displayname, precise, fixedlength ) values ( 'N', null, '2019-02-18 15:49:40', 0, null, '22e9d3f9-9909-47b5-b6a3-21d1ebb9bfaf', 'N', null, 'N', null, 'N', 'b91f8764-5b87-4054-9e50-8b41c6017a24', null, 300, null, 'modifierid', null, '0', null, null, 0, null, null, 'N', null, 'Y', 11, 'Y', null, 'Y', 50, null, 'BS000010000100001001', 'N', null, 'N', 0, '修改人id', null, 'N' );
 insert into md_property ( dynamicattr, createtime, ts, visibility, dynamictable, classid, accesspower, attrmaxvalue, notserialize, creator, calculation, id, help, datatypestyle, description, name, refmodelname, industry, defaultvalue, modifytime, dr, accessorclassname, tenantid, hided, resid, isauthen, attrsequence, nullable, attrminvalue, isactive, attrlength, modifier, datatype, readonly, accesspowergroup, customattr, versiontype, displayname, precise, fixedlength ) values ( 'N', null, '2019-02-18 15:49:40', 0, null, '22e9d3f9-9909-47b5-b6a3-21d1ebb9bfaf', 'N', null, 'N', null, 'N', 'f1c27dd5-8892-47ec-9209-51551bae9c70', null, 300, null, 'modifytime', null, '0', null, null, 0, null, null, 'N', null, 'Y', 12, 'Y', null, 'Y', 50, null, 'BS000010000100001001', 'N', null, 'N', 0, '修改时间', null, 'N' );
 insert into md_property ( dynamicattr, createtime, ts, visibility, dynamictable, classid, accesspower, attrmaxvalue, notserialize, creator, calculation, id, help, datatypestyle, description, name, refmodelname, industry, defaultvalue, modifytime, dr, accessorclassname, tenantid, hided, resid, isauthen, attrsequence, nullable, attrminvalue, isactive, attrlength, modifier, datatype, readonly, accesspowergroup, customattr, versiontype, displayname, precise, fixedlength ) values ( 'N', null, '2019-02-18 15:49:40', 0, null, '85235727-cd95-4f94-9f1a-0596c2414452', 'N', null, 'N', null, 'N', '1295b28b-d761-4fae-98f8-9bbed0d3d3cb', null, 300, null, 'materialallotbid', null, '0', null, null, 0, null, null, 'N', null, 'Y', 0, 'N', null, 'Y', 36, null, 'BS000010000100001051', 'N', null, 'N', 0, '调配子表主键', null, 'N' );
 insert into md_property ( dynamicattr, createtime, ts, visibility, dynamictable, classid, accesspower, attrmaxvalue, notserialize, creator, calculation, id, help, datatypestyle, description, name, refmodelname, industry, defaultvalue, modifytime, dr, accessorclassname, tenantid, hided, resid, isauthen, attrsequence, nullable, attrminvalue, isactive, attrlength, modifier, datatype, readonly, accesspowergroup, customattr, versiontype, displayname, precise, fixedlength ) values ( 'N', null, '2019-02-18 15:49:40', 0, null, '85235727-cd95-4f94-9f1a-0596c2414452', 'N', null, 'N', null, 'N', '0e42c20a-5a79-4fb4-80a6-a681be9fc6e7', null, 300, null, 'materialid', null, '0', null, null, 0, null, null, 'N', null, 'Y', 1, 'Y', null, 'Y', 50, null, 'BS000010000100001001', 'N', null, 'N', 0, '物料id', null, 'N' );
 insert into md_property ( dynamicattr, createtime, ts, visibility, dynamictable, classid, accesspower, attrmaxvalue, notserialize, creator, calculation, id, help, datatypestyle, description, name, refmodelname, industry, defaultvalue, modifytime, dr, accessorclassname, tenantid, hided, resid, isauthen, attrsequence, nullable, attrminvalue, isactive, attrlength, modifier, datatype, readonly, accesspowergroup, customattr, versiontype, displayname, precise, fixedlength ) values ( 'N', null, '2019-02-18 15:49:40', 0, null, '85235727-cd95-4f94-9f1a-0596c2414452', 'N', null, 'N', null, 'N', '1da4f58a-77ba-434a-b678-12576cd29ded', null, 300, null, 'materialcode', null, '0', null, null, 0, null, null, 'N', null, 'Y', 2, 'Y', null, 'Y', 50, null, 'BS000010000100001001', 'N', null, 'N', 0, '物料编码', null, 'N' );
 insert into md_property ( dynamicattr, createtime, ts, visibility, dynamictable, classid, accesspower, attrmaxvalue, notserialize, creator, calculation, id, help, datatypestyle, description, name, refmodelname, industry, defaultvalue, modifytime, dr, accessorclassname, tenantid, hided, resid, isauthen, attrsequence, nullable, attrminvalue, isactive, attrlength, modifier, datatype, readonly, accesspowergroup, customattr, versiontype, displayname, precise, fixedlength ) values ( 'N', null, '2019-02-18 15:49:40', 0, null, '85235727-cd95-4f94-9f1a-0596c2414452', 'N', null, 'N', null, 'N', 'd511fa53-ab16-419d-adc2-783579bc2dd7', null, 300, null, 'materialname', null, '0', null, null, 0, null, null, 'N', null, 'Y', 3, 'Y', null, 'Y', 50, null, 'BS000010000100001001', 'N', null, 'N', 0, '物料名称', null, 'N' );
 insert into md_property ( dynamicattr, createtime, ts, visibility, dynamictable, classid, accesspower, attrmaxvalue, notserialize, creator, calculation, id, help, datatypestyle, description, name, refmodelname, industry, defaultvalue, modifytime, dr, accessorclassname, tenantid, hided, resid, isauthen, attrsequence, nullable, attrminvalue, isactive, attrlength, modifier, datatype, readonly, accesspowergroup, customattr, versiontype, displayname, precise, fixedlength ) values ( 'N', null, '2019-02-18 15:49:40', 0, null, '85235727-cd95-4f94-9f1a-0596c2414452', 'N', null, 'N', null, 'N', '69d25f1f-eaba-477a-a400-e25cc8293d04', null, 300, null, 'allotnum', null, '0', null, null, 0, null, null, 'N', null, 'Y', 4, 'Y', null, 'Y', 28, null, 'BS000010000100001031', 'N', null, 'N', 0, '调配数量', 8, 'N' );
 insert into md_property ( dynamicattr, createtime, ts, visibility, dynamictable, classid, accesspower, attrmaxvalue, notserialize, creator, calculation, id, help, datatypestyle, description, name, refmodelname, industry, defaultvalue, modifytime, dr, accessorclassname, tenantid, hided, resid, isauthen, attrsequence, nullable, attrminvalue, isactive, attrlength, modifier, datatype, readonly, accesspowergroup, customattr, versiontype, displayname, precise, fixedlength ) values ( 'N', null, '2019-02-18 15:49:40', 0, null, '85235727-cd95-4f94-9f1a-0596c2414452', 'N', null, 'N', null, 'N', 'f2fb4cce-bdeb-45f0-82cb-913fdb9cb382', null, 300, null, 'orderid', null, '0', null, null, 0, null, null, 'N', null, 'Y', 5, 'Y', null, 'Y', 50, null, 'BS000010000100001001', 'N', null, 'N', 0, '订单id', null, 'N' );
 insert into md_property ( dynamicattr, createtime, ts, visibility, dynamictable, classid, accesspower, attrmaxvalue, notserialize, creator, calculation, id, help, datatypestyle, description, name, refmodelname, industry, defaultvalue, modifytime, dr, accessorclassname, tenantid, hided, resid, isauthen, attrsequence, nullable, attrminvalue, isactive, attrlength, modifier, datatype, readonly, accesspowergroup, customattr, versiontype, displayname, precise, fixedlength ) values ( 'N', null, '2019-02-18 15:49:40', 0, null, '85235727-cd95-4f94-9f1a-0596c2414452', 'N', null, 'N', null, 'N', '50548552-07f9-40be-81c2-4c3faa76f4e0', null, 300, null, 'ordercode', null, '0', null, null, 0, null, null, 'N', null, 'Y', 6, 'Y', null, 'Y', 50, null, 'BS000010000100001001', 'N', null, 'N', 0, '订单编码', null, 'N' );
 insert into md_property ( dynamicattr, createtime, ts, visibility, dynamictable, classid, accesspower, attrmaxvalue, notserialize, creator, calculation, id, help, datatypestyle, description, name, refmodelname, industry, defaultvalue, modifytime, dr, accessorclassname, tenantid, hided, resid, isauthen, attrsequence, nullable, attrminvalue, isactive, attrlength, modifier, datatype, readonly, accesspowergroup, customattr, versiontype, displayname, precise, fixedlength ) values ( 'N', null, '2019-02-18 15:49:40', 0, null, '85235727-cd95-4f94-9f1a-0596c2414452', 'N', null, 'N', null, 'N', 'b5c51340-e0b0-42db-8e6f-e51760b42c24', null, 300, null, 'memo', null, '0', null, null, 0, null, null, 'N', null, 'Y', 7, 'Y', null, 'Y', 50, null, 'BS000010000100001001', 'N', null, 'N', 0, '备注', null, 'N' );
 insert into md_property ( dynamicattr, createtime, ts, visibility, dynamictable, classid, accesspower, attrmaxvalue, notserialize, creator, calculation, id, help, datatypestyle, description, name, refmodelname, industry, defaultvalue, modifytime, dr, accessorclassname, tenantid, hided, resid, isauthen, attrsequence, nullable, attrminvalue, isactive, attrlength, modifier, datatype, readonly, accesspowergroup, customattr, versiontype, displayname, precise, fixedlength ) values ( 'N', null, '2019-02-18 15:49:40', 0, null, '85235727-cd95-4f94-9f1a-0596c2414452', 'N', null, 'N', null, 'N', '3e2077dd-5c45-4a27-943c-57cb4ff474f2', null, 300, null, 'materialallotid', null, '0', null, null, 0, null, null, 'N', null, 'Y', 8, 'Y', null, 'Y', 50, null, 'BS000010000100001001', 'N', null, 'N', 0, '物料调配主表主键', null, 'N' );
 insert into md_association ( createtime, tenantid, ts, startcardinality, endelementid, type, componentid, creator, id, isactive, modifier, startbeanid, startelementid, name, versiontype, industry, modifytime, endcardinality, dr ) values ( '2019-02-15 11:52:10', null, '2019-02-18 15:49:40', '1', '85235727-cd95-4f94-9f1a-0596c2414452', 1, '56cc6875-0f09-43b2-9ca7-41d7e21fe7dc', null, '48e3c3a4-1492-482b-a6ec-00418f1bc238', 'N', null, '22e9d3f9-9909-47b5-b6a3-21d1ebb9bfaf', '5912f535-465e-402f-93df-a3794d74949d', 'Aggregation Relation', 0, '0', '2019-02-15 11:52:10', '1..n', 0 );
 insert into md_table ( createtime, tenantid, resid, ts, isextendtable, resmodule, creator, fromsourcebmf, modifier, id, isactive, help, databaseid, description, name, versiontype, industry, displayname, modifytime, parenttable, dr ) values ( '2019-02-15 10:43:16', null, null, '2019-02-18 15:49:40', 'N', 'bill_material_allot', null, 'Y', null, 'bill_material_allot', null, null, null, null, 'bill_material_allot', 0, '0', '物料调配主表', '2019-02-18 15:46:48', null, 0 );
 insert into md_table ( createtime, tenantid, resid, ts, isextendtable, resmodule, creator, fromsourcebmf, modifier, id, isactive, help, databaseid, description, name, versiontype, industry, displayname, modifytime, parenttable, dr ) values ( '2019-02-15 10:43:21', null, null, '2019-02-18 15:49:40', 'N', 'bill_material_allot', null, 'Y', null, 'bill_material_allot_b', null, null, null, null, 'bill_material_allot_b', 0, '0', '物料调配子表', '2019-02-18 15:46:48', null, 0 );
 insert into md_column ( createtime, forlocale, columntype, ts, creator, id, help, sqldatetype, groupid, description, name, incrementseed, incrementstep, defaultvalue, modifytime, dr, tenantid, columnlength, resid, pkey, nullable, isactive, modifier, columnsequence, identitied, versiontype, tableid, displayname, precise ) values ( null, 'N', 0, '2019-02-18 15:49:40', null, 'bill_material_allot@@PK@@', null, 'char', null, null, 'materialallotid', null, null, null, null, 0, null, 36, null, 'Y', 'N', 'Y', null, 0, null, 0, 'bill_material_allot', '主键', null );
 insert into md_column ( createtime, forlocale, columntype, ts, creator, id, help, sqldatetype, groupid, description, name, incrementseed, incrementstep, defaultvalue, modifytime, dr, tenantid, columnlength, resid, pkey, nullable, isactive, modifier, columnsequence, identitied, versiontype, tableid, displayname, precise ) values ( null, 'N', 0, '2019-02-18 15:49:40', null, 'bill_material_allot@@@serviceid', null, 'varchar', null, null, 'serviceid', null, null, null, null, 0, null, 50, null, 'N', 'Y', 'Y', null, 1, null, 0, 'bill_material_allot', '工程服务id', null );
 insert into md_column ( createtime, forlocale, columntype, ts, creator, id, help, sqldatetype, groupid, description, name, incrementseed, incrementstep, defaultvalue, modifytime, dr, tenantid, columnlength, resid, pkey, nullable, isactive, modifier, columnsequence, identitied, versiontype, tableid, displayname, precise ) values ( null, 'N', 0, '2019-02-18 15:49:40', null, 'bill_material_allot@@@servicecode', null, 'varchar', null, null, 'servicecode', null, null, null, null, 0, null, 50, null, 'N', 'Y', 'Y', null, 2, null, 0, 'bill_material_allot', '工程服务编码', null );
 insert into md_column ( createtime, forlocale, columntype, ts, creator, id, help, sqldatetype, groupid, description, name, incrementseed, incrementstep, defaultvalue, modifytime, dr, tenantid, columnlength, resid, pkey, nullable, isactive, modifier, columnsequence, identitied, versiontype, tableid, displayname, precise ) values ( null, 'N', 0, '2019-02-18 15:49:40', null, 'bill_material_allot@@@memo', null, 'varchar', null, null, 'memo', null, null, null, null, 0, null, 50, null, 'N', 'Y', 'Y', null, 3, null, 0, 'bill_material_allot', '备注', null );
 insert into md_column ( createtime, forlocale, columntype, ts, creator, id, help, sqldatetype, groupid, description, name, incrementseed, incrementstep, defaultvalue, modifytime, dr, tenantid, columnlength, resid, pkey, nullable, isactive, modifier, columnsequence, identitied, versiontype, tableid, displayname, precise ) values ( null, 'N', 0, '2019-02-18 15:49:40', null, 'bill_material_allot@@@creator', null, 'varchar', null, null, 'creator', null, null, null, null, 0, null, 50, null, 'N', 'Y', 'Y', null, 4, null, 0, 'bill_material_allot', '创建人', null );
 insert into md_column ( createtime, forlocale, columntype, ts, creator, id, help, sqldatetype, groupid, description, name, incrementseed, incrementstep, defaultvalue, modifytime, dr, tenantid, columnlength, resid, pkey, nullable, isactive, modifier, columnsequence, identitied, versiontype, tableid, displayname, precise ) values ( null, 'N', 0, '2019-02-18 15:49:40', null, 'bill_material_allot@@@creatorid', null, 'varchar', null, null, 'creatorid', null, null, null, null, 0, null, 50, null, 'N', 'Y', 'Y', null, 5, null, 0, 'bill_material_allot', '创建人id', null );
 insert into md_column ( createtime, forlocale, columntype, ts, creator, id, help, sqldatetype, groupid, description, name, incrementseed, incrementstep, defaultvalue, modifytime, dr, tenantid, columnlength, resid, pkey, nullable, isactive, modifier, columnsequence, identitied, versiontype, tableid, displayname, precise ) values ( null, 'N', 0, '2019-02-18 15:49:40', null, 'bill_material_allot@@@createtime', null, 'varchar', null, null, 'createtime', null, null, null, null, 0, null, 50, null, 'N', 'Y', 'Y', null, 6, null, 0, 'bill_material_allot', '创建时间', null );
 insert into md_column ( createtime, forlocale, columntype, ts, creator, id, help, sqldatetype, groupid, description, name, incrementseed, incrementstep, defaultvalue, modifytime, dr, tenantid, columnlength, resid, pkey, nullable, isactive, modifier, columnsequence, identitied, versiontype, tableid, displayname, precise ) values ( null, 'N', 0, '2019-02-18 15:49:40', null, 'bill_material_allot@@@orgname', null, 'varchar', null, null, 'orgname', null, null, null, null, 0, null, 50, null, 'N', 'Y', 'Y', null, 7, null, 0, 'bill_material_allot', '组织', null );
 insert into md_column ( createtime, forlocale, columntype, ts, creator, id, help, sqldatetype, groupid, description, name, incrementseed, incrementstep, defaultvalue, modifytime, dr, tenantid, columnlength, resid, pkey, nullable, isactive, modifier, columnsequence, identitied, versiontype, tableid, displayname, precise ) values ( null, 'N', 0, '2019-02-18 15:49:40', null, 'bill_material_allot@@@orgid', null, 'varchar', null, null, 'orgid', null, null, null, null, 0, null, 50, null, 'N', 'Y', 'Y', null, 8, null, 0, 'bill_material_allot', '组织id', null );
 insert into md_column ( createtime, forlocale, columntype, ts, creator, id, help, sqldatetype, groupid, description, name, incrementseed, incrementstep, defaultvalue, modifytime, dr, tenantid, columnlength, resid, pkey, nullable, isactive, modifier, columnsequence, identitied, versiontype, tableid, displayname, precise ) values ( null, 'N', 0, '2019-02-18 15:49:40', null, 'bill_material_allot@@@modifier', null, 'varchar', null, null, 'modifier', null, null, null, null, 0, null, 50, null, 'N', 'Y', 'Y', null, 10, null, 0, 'bill_material_allot', '修改人', null );
 insert into md_column ( createtime, forlocale, columntype, ts, creator, id, help, sqldatetype, groupid, description, name, incrementseed, incrementstep, defaultvalue, modifytime, dr, tenantid, columnlength, resid, pkey, nullable, isactive, modifier, columnsequence, identitied, versiontype, tableid, displayname, precise ) values ( null, 'N', 0, '2019-02-18 15:49:40', null, 'bill_material_allot@@@modifierid', null, 'varchar', null, null, 'modifierid', null, null, null, null, 0, null, 50, null, 'N', 'Y', 'Y', null, 11, null, 0, 'bill_material_allot', '修改人id', null );
 insert into md_column ( createtime, forlocale, columntype, ts, creator, id, help, sqldatetype, groupid, description, name, incrementseed, incrementstep, defaultvalue, modifytime, dr, tenantid, columnlength, resid, pkey, nullable, isactive, modifier, columnsequence, identitied, versiontype, tableid, displayname, precise ) values ( null, 'N', 0, '2019-02-18 15:49:40', null, 'bill_material_allot@@@modifytime', null, 'varchar', null, null, 'modifytime', null, null, null, null, 0, null, 50, null, 'N', 'Y', 'Y', null, 12, null, 0, 'bill_material_allot', '修改时间', null );
 insert into md_column ( createtime, forlocale, columntype, ts, creator, id, help, sqldatetype, groupid, description, name, incrementseed, incrementstep, defaultvalue, modifytime, dr, tenantid, columnlength, resid, pkey, nullable, isactive, modifier, columnsequence, identitied, versiontype, tableid, displayname, precise ) values ( null, 'N', 0, '2019-02-18 15:49:40', null, 'bill_material_allot_b@@PK@@', null, 'char', null, null, 'materialallotbid', null, null, null, null, 0, null, 36, null, 'Y', 'N', 'Y', null, 0, null, 0, 'bill_material_allot_b', '调配子表主键', null );
 insert into md_column ( createtime, forlocale, columntype, ts, creator, id, help, sqldatetype, groupid, description, name, incrementseed, incrementstep, defaultvalue, modifytime, dr, tenantid, columnlength, resid, pkey, nullable, isactive, modifier, columnsequence, identitied, versiontype, tableid, displayname, precise ) values ( null, 'N', 0, '2019-02-18 15:49:40', null, 'bill_material_allot_b@@@materialid', null, 'varchar', null, null, 'materialid', null, null, null, null, 0, null, 50, null, 'N', 'Y', 'Y', null, 1, null, 0, 'bill_material_allot_b', '物料id', null );
 insert into md_column ( createtime, forlocale, columntype, ts, creator, id, help, sqldatetype, groupid, description, name, incrementseed, incrementstep, defaultvalue, modifytime, dr, tenantid, columnlength, resid, pkey, nullable, isactive, modifier, columnsequence, identitied, versiontype, tableid, displayname, precise ) values ( null, 'N', 0, '2019-02-18 15:49:40', null, 'bill_material_allot_b@@@materialcode', null, 'varchar', null, null, 'materialcode', null, null, null, null, 0, null, 50, null, 'N', 'Y', 'Y', null, 2, null, 0, 'bill_material_allot_b', '物料编码', null );
 insert into md_column ( createtime, forlocale, columntype, ts, creator, id, help, sqldatetype, groupid, description, name, incrementseed, incrementstep, defaultvalue, modifytime, dr, tenantid, columnlength, resid, pkey, nullable, isactive, modifier, columnsequence, identitied, versiontype, tableid, displayname, precise ) values ( null, 'N', 0, '2019-02-18 15:49:40', null, 'bill_material_allot_b@@@materialname', null, 'varchar', null, null, 'materialname', null, null, null, null, 0, null, 50, null, 'N', 'Y', 'Y', null, 3, null, 0, 'bill_material_allot_b', '物料名称', null );
 insert into md_column ( createtime, forlocale, columntype, ts, creator, id, help, sqldatetype, groupid, description, name, incrementseed, incrementstep, defaultvalue, modifytime, dr, tenantid, columnlength, resid, pkey, nullable, isactive, modifier, columnsequence, identitied, versiontype, tableid, displayname, precise ) values ( null, 'N', 0, '2019-02-18 15:49:40', null, 'bill_material_allot_b@@@allotnum', null, 'decimal', null, null, 'allotnum', null, null, null, null, 0, null, 28, null, 'N', 'Y', 'Y', null, 4, null, 0, 'bill_material_allot_b', '调配数量', 8 );
 insert into md_column ( createtime, forlocale, columntype, ts, creator, id, help, sqldatetype, groupid, description, name, incrementseed, incrementstep, defaultvalue, modifytime, dr, tenantid, columnlength, resid, pkey, nullable, isactive, modifier, columnsequence, identitied, versiontype, tableid, displayname, precise ) values ( null, 'N', 0, '2019-02-18 15:49:40', null, 'bill_material_allot_b@@@orderid', null, 'varchar', null, null, 'orderid', null, null, null, null, 0, null, 50, null, 'N', 'Y', 'Y', null, 5, null, 0, 'bill_material_allot_b', '订单id', null );
 insert into md_column ( createtime, forlocale, columntype, ts, creator, id, help, sqldatetype, groupid, description, name, incrementseed, incrementstep, defaultvalue, modifytime, dr, tenantid, columnlength, resid, pkey, nullable, isactive, modifier, columnsequence, identitied, versiontype, tableid, displayname, precise ) values ( null, 'N', 0, '2019-02-18 15:49:40', null, 'bill_material_allot_b@@@ordercode', null, 'varchar', null, null, 'ordercode', null, null, null, null, 0, null, 50, null, 'N', 'Y', 'Y', null, 6, null, 0, 'bill_material_allot_b', '订单编码', null );
 insert into md_column ( createtime, forlocale, columntype, ts, creator, id, help, sqldatetype, groupid, description, name, incrementseed, incrementstep, defaultvalue, modifytime, dr, tenantid, columnlength, resid, pkey, nullable, isactive, modifier, columnsequence, identitied, versiontype, tableid, displayname, precise ) values ( null, 'N', 0, '2019-02-18 15:49:40', null, 'bill_material_allot_b@@@memo', null, 'varchar', null, null, 'memo', null, null, null, null, 0, null, 50, null, 'N', 'Y', 'Y', null, 7, null, 0, 'bill_material_allot_b', '备注', null );
 insert into md_column ( createtime, forlocale, columntype, ts, creator, id, help, sqldatetype, groupid, description, name, incrementseed, incrementstep, defaultvalue, modifytime, dr, tenantid, columnlength, resid, pkey, nullable, isactive, modifier, columnsequence, identitied, versiontype, tableid, displayname, precise ) values ( null, 'N', 0, '2019-02-18 15:49:40', null, 'bill_material_allot_b@@@materialallotid', null, 'varchar', null, null, 'materialallotid', null, null, null, null, 0, null, 50, null, 'N', 'Y', 'Y', null, 8, null, 0, 'bill_material_allot_b', '物料调配主表主键', null );
 insert into md_column ( createtime, forlocale, columntype, ts, creator, id, help, sqldatetype, groupid, description, name, incrementseed, incrementstep, defaultvalue, modifytime, dr, tenantid, columnlength, resid, pkey, nullable, isactive, modifier, columnsequence, identitied, versiontype, tableid, displayname, precise ) values ( null, 'N', 0, '2019-02-18 15:49:40', null, 'bill_material_allot_b@@@fk_id_billmaterialallotb', null, 'char', null, null, 'fk_id_billmaterialallotb', null, null, null, null, 0, null, 36, '2UC000-000003', 'N', 'N', 'Y', null, null, null, 0, 'bill_material_allot_b', '物料调配主表_主键', 0 );
 insert into md_ormap ( tenantid, ts, columnid, classid, tableid, attributeid, dr ) values ( null, '2019-02-18 15:49:40', 'bill_material_allot@@@modifytime', '22e9d3f9-9909-47b5-b6a3-21d1ebb9bfaf', 'bill_material_allot', 'f1c27dd5-8892-47ec-9209-51551bae9c70', 0 );
 insert into md_ormap ( tenantid, ts, columnid, classid, tableid, attributeid, dr ) values ( null, '2019-02-18 15:49:40', 'bill_material_allot@@PK@@', '22e9d3f9-9909-47b5-b6a3-21d1ebb9bfaf', 'bill_material_allot', 'fb8a561a-d68b-400f-8c50-ed40d69451a1', 0 );
 insert into md_ormap ( tenantid, ts, columnid, classid, tableid, attributeid, dr ) values ( null, '2019-02-18 15:49:40', 'bill_material_allot@@@servicecode', '22e9d3f9-9909-47b5-b6a3-21d1ebb9bfaf', 'bill_material_allot', '894951df-85ec-432a-9965-e438725e5cf4', 0 );
 insert into md_ormap ( tenantid, ts, columnid, classid, tableid, attributeid, dr ) values ( null, '2019-02-18 15:49:40', 'bill_material_allot@@@memo', '22e9d3f9-9909-47b5-b6a3-21d1ebb9bfaf', 'bill_material_allot', 'a2ab83cf-803e-42dc-a9ef-687ce5a67004', 0 );
 insert into md_ormap ( tenantid, ts, columnid, classid, tableid, attributeid, dr ) values ( null, '2019-02-18 15:49:40', 'bill_material_allot@@@creatorid', '22e9d3f9-9909-47b5-b6a3-21d1ebb9bfaf', 'bill_material_allot', '1ac3ff79-ee4f-482b-bbf9-eef55ccee8ef', 0 );
 insert into md_ormap ( tenantid, ts, columnid, classid, tableid, attributeid, dr ) values ( null, '2019-02-18 15:49:40', 'bill_material_allot_b@@@materialcode', '85235727-cd95-4f94-9f1a-0596c2414452', 'bill_material_allot_b', '1da4f58a-77ba-434a-b678-12576cd29ded', 0 );
 insert into md_ormap ( tenantid, ts, columnid, classid, tableid, attributeid, dr ) values ( null, '2019-02-18 15:49:40', 'bill_material_allot@@@serviceid', '22e9d3f9-9909-47b5-b6a3-21d1ebb9bfaf', 'bill_material_allot', 'b649d5f6-1984-43a9-96d1-f92d73e51b07', 0 );
 insert into md_ormap ( tenantid, ts, columnid, classid, tableid, attributeid, dr ) values ( null, '2019-02-18 15:49:40', 'bill_material_allot@@@modifierid', '22e9d3f9-9909-47b5-b6a3-21d1ebb9bfaf', 'bill_material_allot', 'b91f8764-5b87-4054-9e50-8b41c6017a24', 0 );
 insert into md_ormap ( tenantid, ts, columnid, classid, tableid, attributeid, dr ) values ( null, '2019-02-18 15:49:40', 'bill_material_allot@@@modifier', '22e9d3f9-9909-47b5-b6a3-21d1ebb9bfaf', 'bill_material_allot', '49e3cffe-aa1c-4bfa-aef5-6d32d0723d88', 0 );
 insert into md_ormap ( tenantid, ts, columnid, classid, tableid, attributeid, dr ) values ( null, '2019-02-18 15:49:40', 'bill_material_allot_b@@@materialname', '85235727-cd95-4f94-9f1a-0596c2414452', 'bill_material_allot_b', 'd511fa53-ab16-419d-adc2-783579bc2dd7', 0 );
 insert into md_ormap ( tenantid, ts, columnid, classid, tableid, attributeid, dr ) values ( null, '2019-02-18 15:49:40', 'bill_material_allot@@@orgid', '22e9d3f9-9909-47b5-b6a3-21d1ebb9bfaf', 'bill_material_allot', 'd778ca19-8f83-4bfe-9cad-77e4002ed3ec', 0 );
 insert into md_ormap ( tenantid, ts, columnid, classid, tableid, attributeid, dr ) values ( null, '2019-02-18 15:49:40', 'bill_material_allot@@@orgname', '22e9d3f9-9909-47b5-b6a3-21d1ebb9bfaf', 'bill_material_allot', 'b5da0b4a-0f3f-442e-a510-d3d36526f7d0', 0 );
 insert into md_ormap ( tenantid, ts, columnid, classid, tableid, attributeid, dr ) values ( null, '2019-02-18 15:49:40', 'bill_material_allot@@@createtime', '22e9d3f9-9909-47b5-b6a3-21d1ebb9bfaf', 'bill_material_allot', 'a5d4a181-9bf8-4caa-8676-a6db7c79e584', 0 );
 insert into md_ormap ( tenantid, ts, columnid, classid, tableid, attributeid, dr ) values ( null, '2019-02-18 15:49:40', 'bill_material_allot_b@@@ordercode', '85235727-cd95-4f94-9f1a-0596c2414452', 'bill_material_allot_b', '50548552-07f9-40be-81c2-4c3faa76f4e0', 0 );
 insert into md_ormap ( tenantid, ts, columnid, classid, tableid, attributeid, dr ) values ( null, '2019-02-18 15:49:40', 'bill_material_allot@@@creator', '22e9d3f9-9909-47b5-b6a3-21d1ebb9bfaf', 'bill_material_allot', 'f111aebd-2a4f-4a31-87c9-ac99eef5197e', 0 );
 insert into md_ormap ( tenantid, ts, columnid, classid, tableid, attributeid, dr ) values ( null, '2019-02-18 15:49:40', 'bill_material_allot_b@@@materialallotid', '85235727-cd95-4f94-9f1a-0596c2414452', 'bill_material_allot_b', '3e2077dd-5c45-4a27-943c-57cb4ff474f2', 0 );
 insert into md_ormap ( tenantid, ts, columnid, classid, tableid, attributeid, dr ) values ( null, '2019-02-18 15:49:40', 'bill_material_allot_b@@@memo', '85235727-cd95-4f94-9f1a-0596c2414452', 'bill_material_allot_b', 'b5c51340-e0b0-42db-8e6f-e51760b42c24', 0 );
 insert into md_ormap ( tenantid, ts, columnid, classid, tableid, attributeid, dr ) values ( null, '2019-02-18 15:49:40', 'bill_material_allot_b@@@orderid', '85235727-cd95-4f94-9f1a-0596c2414452', 'bill_material_allot_b', 'f2fb4cce-bdeb-45f0-82cb-913fdb9cb382', 0 );
 insert into md_ormap ( tenantid, ts, columnid, classid, tableid, attributeid, dr ) values ( null, '2019-02-18 15:49:40', 'bill_material_allot_b@@@allotnum', '85235727-cd95-4f94-9f1a-0596c2414452', 'bill_material_allot_b', '69d25f1f-eaba-477a-a400-e25cc8293d04', 0 );
 insert into md_ormap ( tenantid, ts, columnid, classid, tableid, attributeid, dr ) values ( null, '2019-02-18 15:49:40', 'bill_material_allot_b@@@fk_id_billmaterialallotb', '22e9d3f9-9909-47b5-b6a3-21d1ebb9bfaf', 'bill_material_allot_b', '5912f535-465e-402f-93df-a3794d74949d', 0 );
 insert into md_ormap ( tenantid, ts, columnid, classid, tableid, attributeid, dr ) values ( null, '2019-02-18 15:49:40', 'bill_material_allot_b@@PK@@', '85235727-cd95-4f94-9f1a-0596c2414452', 'bill_material_allot_b', '1295b28b-d761-4fae-98f8-9bbed0d3d3cb', 0 );
 insert into md_ormap ( tenantid, ts, columnid, classid, tableid, attributeid, dr ) values ( null, '2019-02-18 15:49:40', 'bill_material_allot_b@@@materialid', '85235727-cd95-4f94-9f1a-0596c2414452', 'bill_material_allot_b', '0e42c20a-5a79-4fb4-80a6-a681be9fc6e7', 0 );
 insert into md_db_relation ( endtableid, isforeignkey, createtime, tenantid, resid, ts, startcardinality, creator, modifier, id, help, endfieldid, starttableid, description, name, asstype, startattrid, versiontype, displayname, modifytime, endcardinality, startfieldid, dr ) values ( 'bill_material_allot', 'Y', null, null, null, '2019-02-18 15:49:40', null, null, null, '2d2183ce-7cce-4bbb-964a-5b5bb87c10a0', null, 'bill_material_allot@@PK@@', 'bill_material_allot_b', null, 'bill_material_allot_b->bill_material_allot', 1, '5912f535-465e-402f-93df-a3794d74949d', 0, 'bill_material_allot_b->bill_material_allot', null, null, 'bill_material_allot_b@@@fk_id_billmaterialallotb', 0 );
