
 delete from md_db_relation where startattrid in ( select id from md_property where classid in ( '04a35425-73bb-4392-81e3-3d56ccd3b57a', 'a40f65b2-26a5-4729-b06e-8f3efb39630b', '@@@@' ) and ( versiontype = 0 or versiontype is null ) ) and starttableid in ( 'bill_service_procedure', 'bill_service', '@@@@' );
 delete from md_ormap where ATTRIBUTEID in ( select id from md_property where classid in ( '04a35425-73bb-4392-81e3-3d56ccd3b57a', 'a40f65b2-26a5-4729-b06e-8f3efb39630b', '@@@@' ) and ( versiontype = 0 or versiontype is null ) ) and tableid in ( 'bill_service_procedure', 'bill_service', '@@@@' );
 delete from md_table where id not in ( select distinct tableid from md_ormap ) and ( versiontype = 0 or versiontype is null );
 delete from md_column where tableid in ( 'bill_service_procedure', 'bill_service', '@@@@' ) and id not in ( select distinct columnid from md_ormap ) and ( ifnull( groupid, '~' ) = '~' or groupid = id ) and name <> 'extend_bean_tag';
 delete from md_column where tableid in ( 'bill_service_procedure', 'bill_service', '@@@@' ) and groupid is not null and groupid not in ( select distinct t.id from ( select * from md_column ) t where tableid in ( 'bill_service_procedure', 'bill_service', '@@@@' ) );
 delete from md_db_relation where starttableid not in ( select id from md_table );
 delete from md_association where componentID = '277c0bcf-ae61-45ba-878a-8895b1eb3f7a' and ( versiontype = 0 or versiontype is null );
 delete from md_property where classID in ( select distinct id from md_class where componentID = '277c0bcf-ae61-45ba-878a-8895b1eb3f7a' ) and ( versiontype = 0 or versiontype is null );
 delete from md_bizitfmap where classID in ( select distinct id from md_class where componentID = '277c0bcf-ae61-45ba-878a-8895b1eb3f7a' );
 delete from md_bizitfmap where classID in ( select id from md_opinterface where componentID = '277c0bcf-ae61-45ba-878a-8895b1eb3f7a' and ( versiontype = 0 or versiontype is null ) );
 delete from md_accessorpara where id in ( select distinct id from md_class where componentID = '277c0bcf-ae61-45ba-878a-8895b1eb3f7a' );
 delete from md_enumvalue where id in ( select distinct id from md_class where componentID = '277c0bcf-ae61-45ba-878a-8895b1eb3f7a' ) and ( versiontype = 0 or versiontype is null );
 delete from md_class where componentID = '277c0bcf-ae61-45ba-878a-8895b1eb3f7a' and ( versiontype = 0 or versiontype is null );
 delete from md_component where id = '277c0bcf-ae61-45ba-878a-8895b1eb3f7a' and ( versiontype = 0 or versiontype is null );
 delete from md_table where ( id = 'bill_service' );
 delete from md_table where ( id = 'bill_service_procedure' );
 delete from md_column where ( id = 'bill_service@@PK@@' );
 delete from md_column where ( id = 'bill_service@@@vbillcode' );
 delete from md_column where ( id = 'bill_service@@@dbilldate' );
 delete from md_column where ( id = 'bill_service@@@orgname' );
 delete from md_column where ( id = 'bill_service@@@orgid' );
 delete from md_column where ( id = 'bill_service@@@agentname' );
 delete from md_column where ( id = 'bill_service@@@agentid' );
 delete from md_column where ( id = 'bill_service@@@dealid' );
 delete from md_column where ( id = 'bill_service@@@customerid' );
 delete from md_column where ( id = 'bill_service@@@houseid' );
 delete from md_column where ( id = 'bill_service@@@totalamount' );
 delete from md_column where ( id = 'bill_service@@@paidamount' );
 delete from md_column where ( id = 'bill_service@@@materialstate' );
 delete from md_column where ( id = 'bill_service@@@servicestate' );
 delete from md_column where ( id = 'bill_service@@@paystate' );
 delete from md_column where ( id = 'bill_service@@@contractstate' );
 delete from md_column where ( id = 'bill_service@@@startdate' );
 delete from md_column where ( id = 'bill_service@@@planneddate' );
 delete from md_column where ( id = 'bill_service@@@enddate' );
 delete from md_column where ( id = 'bill_service@@@procedureid' );
 delete from md_column where ( id = 'bill_service@@@procedurename' );
 delete from md_column where ( id = 'bill_service@@@servername' );
 delete from md_column where ( id = 'bill_service@@@serverid' );
 delete from md_column where ( id = 'bill_service@@@serverstate' );
 delete from md_column where ( id = 'bill_service@@@surveyname' );
 delete from md_column where ( id = 'bill_service@@@surveyid' );
 delete from md_column where ( id = 'bill_service@@@surveystate' );
 delete from md_column where ( id = 'bill_service@@@constructionname' );
 delete from md_column where ( id = 'bill_service@@@constructionid' );
 delete from md_column where ( id = 'bill_service@@@constructionstate' );
 delete from md_column where ( id = 'bill_service@@@supervisor' );
 delete from md_column where ( id = 'bill_service@@@supervisorid' );
 delete from md_column where ( id = 'bill_service@@@supervisorstate' );
 delete from md_column where ( id = 'bill_service@@@note' );
 delete from md_column where ( id = 'bill_service@@@creator' );
 delete from md_column where ( id = 'bill_service@@@creatorid' );
 delete from md_column where ( id = 'bill_service@@@createtime' );
 delete from md_column where ( id = 'bill_service@@@modifier' );
 delete from md_column where ( id = 'bill_service@@@modifierid' );
 delete from md_column where ( id = 'bill_service@@@modifytime' );
 delete from md_column where ( id = 'bill_service@@@servicecharge' );
 delete from md_column where ( id = 'bill_service@@@materialcosts' );
 delete from md_column where ( id = 'bill_service@@@orgstate' );
 delete from md_column where ( id = 'bill_service@@@agentstate' );
 delete from md_column where ( id = 'bill_service_procedure@@PK@@' );
 delete from md_column where ( id = 'bill_service_procedure@@@billid' );
 delete from md_column where ( id = 'bill_service_procedure@@@type' );
 delete from md_column where ( id = 'bill_service_procedure@@@itemid' );
 delete from md_column where ( id = 'bill_service_procedure@@@itemname' );
 delete from md_column where ( id = 'bill_service_procedure@@@itemorder' );
 delete from md_column where ( id = 'bill_service_procedure@@@formid' );
 delete from md_column where ( id = 'bill_service_procedure@@@state' );
 delete from md_column where ( id = 'bill_service_procedure@@@modifier' );
 delete from md_column where ( id = 'bill_service_procedure@@@modifierid' );
 delete from md_column where ( id = 'bill_service_procedure@@@modifytime' );
 delete from md_column where ( id = 'bill_service_procedure@@@orderid' );
 delete from md_column where ( id = 'bill_service_procedure@@@fk_id_serviceprocedure' );



 insert into md_component ( createtime, tenantid, resid, ts, resmodule, version, namespace, creator, fromsourcebmf, modifier, id, help, description, preload, name, ownmodule, versiontype, displayname, industry, modifytime, isbizmodel, dr ) values ( '2018-10-25 10:28:17', null, null, '2019-02-14 17:44:27', 'bill_service', '9', 'dingCMS', null, 'Y', null, '277c0bcf-ae61-45ba-878a-8895b1eb3f7a', null, null, null, 'bill_service', 'dingCMS', 0, 'bill_service', '0', '2019-02-14 17:29:44', 'N', 0 );
 insert into md_class ( modinfoclassname, createtime, parentclassid, ts, userdefclassname, iscreatesql, creator, id, help, bizitfimpclassname, description, name, refmodelname, industry, modifytime, dr, accessorclassname, tenantid, isprimary, resid, isauthen, keyattribute, fullclassname, classtype, returntype, componentid, isactive, modifier, stereotype, isextendbean, defaulttablename, versiontype, displayname, precise, fixedlength ) values ( null, '2018-10-25 10:35:14', null, '2019-02-14 17:44:27', null, 'Y', null, 'a40f65b2-26a5-4729-b06e-8f3efb39630b', null, null, null, 'BillService', null, '0', '2019-02-14 17:40:52', 0, 'nc.md.model.access.javamap.POJOStyle', null, 'Y', null, 'Y', '846bed1c-f290-4ac4-a39d-0cf6e753f10e', 'com.ding.cms.entity.BillService', 201, null, '277c0bcf-ae61-45ba-878a-8895b1eb3f7a', null, null, null, null, 'bill_service', 0, '工程服务', null, null );
 insert into md_class ( modinfoclassname, createtime, parentclassid, ts, userdefclassname, iscreatesql, creator, id, help, bizitfimpclassname, description, name, refmodelname, industry, modifytime, dr, accessorclassname, tenantid, isprimary, resid, isauthen, keyattribute, fullclassname, classtype, returntype, componentid, isactive, modifier, stereotype, isextendbean, defaulttablename, versiontype, displayname, precise, fixedlength ) values ( null, '2018-10-25 10:35:17', null, '2019-02-14 17:44:27', null, 'Y', null, '04a35425-73bb-4392-81e3-3d56ccd3b57a', null, null, null, 'BillServiceProcedure', null, '0', '2019-02-14 17:40:52', 0, 'nc.md.model.access.javamap.POJOStyle', null, 'N', null, 'Y', '81aeec23-97a9-44d0-95a5-dbce226ab35b', 'com.ding.cms.entity.BillServiceProcedure', 201, null, '277c0bcf-ae61-45ba-878a-8895b1eb3f7a', null, null, null, null, 'bill_service_procedure', 0, '工程工序', null, null );
 insert into md_property ( dynamicattr, createtime, ts, visibility, dynamictable, classid, accesspower, attrmaxvalue, notserialize, creator, calculation, id, help, datatypestyle, description, name, refmodelname, industry, defaultvalue, modifytime, dr, accessorclassname, tenantid, hided, resid, isauthen, attrsequence, nullable, attrminvalue, isactive, attrlength, modifier, datatype, readonly, accesspowergroup, customattr, versiontype, displayname, precise, fixedlength ) values ( 'N', null, '2019-02-14 17:44:27', 0, null, 'a40f65b2-26a5-4729-b06e-8f3efb39630b', 'N', null, 'N', null, 'N', '846bed1c-f290-4ac4-a39d-0cf6e753f10e', null, 300, null, 'billid', null, '0', null, null, 0, null, null, 'N', null, 'Y', 0, 'N', null, 'Y', 36, null, 'BS000010000100001051', 'N', null, 'N', 0, '主键', null, 'N' );
 insert into md_property ( dynamicattr, createtime, ts, visibility, dynamictable, classid, accesspower, attrmaxvalue, notserialize, creator, calculation, id, help, datatypestyle, description, name, refmodelname, industry, defaultvalue, modifytime, dr, accessorclassname, tenantid, hided, resid, isauthen, attrsequence, nullable, attrminvalue, isactive, attrlength, modifier, datatype, readonly, accesspowergroup, customattr, versiontype, displayname, precise, fixedlength ) values ( 'N', null, '2019-02-14 17:44:27', 0, null, 'a40f65b2-26a5-4729-b06e-8f3efb39630b', 'N', null, 'N', null, 'N', 'd5477a64-05f4-470d-b260-d7eb2b2dbdbb', null, 300, null, 'vbillcode', null, '0', null, null, 0, null, null, 'N', null, 'Y', 1, 'Y', null, 'Y', 50, null, 'BS000010000100001001', 'N', null, 'N', 0, '工程编号', null, 'N' );
 insert into md_property ( dynamicattr, createtime, ts, visibility, dynamictable, classid, accesspower, attrmaxvalue, notserialize, creator, calculation, id, help, datatypestyle, description, name, refmodelname, industry, defaultvalue, modifytime, dr, accessorclassname, tenantid, hided, resid, isauthen, attrsequence, nullable, attrminvalue, isactive, attrlength, modifier, datatype, readonly, accesspowergroup, customattr, versiontype, displayname, precise, fixedlength ) values ( 'N', null, '2019-02-14 17:44:27', 0, null, 'a40f65b2-26a5-4729-b06e-8f3efb39630b', 'N', null, 'N', null, 'N', '71320d47-2cf2-42de-ae93-730bb99d116c', null, 300, null, 'dbilldate', null, '0', null, null, 0, null, null, 'N', null, 'Y', 2, 'Y', null, 'Y', 50, null, 'BS000010000100001001', 'N', null, 'N', 0, '单据日期', null, 'N' );
 insert into md_property ( dynamicattr, createtime, ts, visibility, dynamictable, classid, accesspower, attrmaxvalue, notserialize, creator, calculation, id, help, datatypestyle, description, name, refmodelname, industry, defaultvalue, modifytime, dr, accessorclassname, tenantid, hided, resid, isauthen, attrsequence, nullable, attrminvalue, isactive, attrlength, modifier, datatype, readonly, accesspowergroup, customattr, versiontype, displayname, precise, fixedlength ) values ( 'N', null, '2019-02-14 17:44:27', 0, null, 'a40f65b2-26a5-4729-b06e-8f3efb39630b', 'N', null, 'N', null, 'N', '1196cf13-0bd1-4daf-b509-0a470cc68d2b', null, 300, null, 'orgname', null, '0', null, null, 0, null, null, 'N', null, 'Y', 3, 'Y', null, 'Y', 50, null, 'BS000010000100001001', 'N', null, 'N', 0, '组织', null, 'N' );
 insert into md_property ( dynamicattr, createtime, ts, visibility, dynamictable, classid, accesspower, attrmaxvalue, notserialize, creator, calculation, id, help, datatypestyle, description, name, refmodelname, industry, defaultvalue, modifytime, dr, accessorclassname, tenantid, hided, resid, isauthen, attrsequence, nullable, attrminvalue, isactive, attrlength, modifier, datatype, readonly, accesspowergroup, customattr, versiontype, displayname, precise, fixedlength ) values ( 'N', null, '2019-02-14 17:44:27', 0, null, 'a40f65b2-26a5-4729-b06e-8f3efb39630b', 'N', null, 'N', null, 'N', '83d4191d-a3c3-4ba9-b9df-aea8d9f15a0f', null, 300, null, 'orgid', null, '0', null, null, 0, null, null, 'N', null, 'Y', 4, 'Y', null, 'Y', 50, null, 'BS000010000100001001', 'N', null, 'N', 0, '组织id', null, 'N' );
 insert into md_property ( dynamicattr, createtime, ts, visibility, dynamictable, classid, accesspower, attrmaxvalue, notserialize, creator, calculation, id, help, datatypestyle, description, name, refmodelname, industry, defaultvalue, modifytime, dr, accessorclassname, tenantid, hided, resid, isauthen, attrsequence, nullable, attrminvalue, isactive, attrlength, modifier, datatype, readonly, accesspowergroup, customattr, versiontype, displayname, precise, fixedlength ) values ( 'N', null, '2019-02-14 17:44:27', 0, null, 'a40f65b2-26a5-4729-b06e-8f3efb39630b', 'N', null, 'N', null, 'N', '566a513b-45ec-44d7-a162-bdb62679bdb1', null, 300, null, 'agentname', null, '0', null, null, 0, null, null, 'N', null, 'Y', 5, 'Y', null, 'Y', 50, null, 'BS000010000100001001', 'N', null, 'N', 0, '运营商', null, 'N' );
 insert into md_property ( dynamicattr, createtime, ts, visibility, dynamictable, classid, accesspower, attrmaxvalue, notserialize, creator, calculation, id, help, datatypestyle, description, name, refmodelname, industry, defaultvalue, modifytime, dr, accessorclassname, tenantid, hided, resid, isauthen, attrsequence, nullable, attrminvalue, isactive, attrlength, modifier, datatype, readonly, accesspowergroup, customattr, versiontype, displayname, precise, fixedlength ) values ( 'N', null, '2019-02-14 17:44:27', 0, null, 'a40f65b2-26a5-4729-b06e-8f3efb39630b', 'N', null, 'N', null, 'N', '90f07146-93fc-4bba-813f-e5c539e91728', null, 300, null, 'agentid', null, '0', null, null, 0, null, null, 'N', null, 'Y', 6, 'Y', null, 'Y', 50, null, 'BS000010000100001001', 'N', null, 'N', 0, '运营商id', null, 'N' );
 insert into md_property ( dynamicattr, createtime, ts, visibility, dynamictable, classid, accesspower, attrmaxvalue, notserialize, creator, calculation, id, help, datatypestyle, description, name, refmodelname, industry, defaultvalue, modifytime, dr, accessorclassname, tenantid, hided, resid, isauthen, attrsequence, nullable, attrminvalue, isactive, attrlength, modifier, datatype, readonly, accesspowergroup, customattr, versiontype, displayname, precise, fixedlength ) values ( 'N', null, '2019-02-14 17:44:27', 0, null, 'a40f65b2-26a5-4729-b06e-8f3efb39630b', 'N', null, 'N', null, 'N', 'a9404990-5f05-46bd-93cc-86c5b7494b9a', null, 300, null, 'dealid', null, '0', null, null, 0, null, null, 'N', null, 'Y', 7, 'Y', null, 'Y', 50, null, 'BS000010000100001001', 'N', null, 'N', 0, '交易id', null, 'N' );
 insert into md_property ( dynamicattr, createtime, ts, visibility, dynamictable, classid, accesspower, attrmaxvalue, notserialize, creator, calculation, id, help, datatypestyle, description, name, refmodelname, industry, defaultvalue, modifytime, dr, accessorclassname, tenantid, hided, resid, isauthen, attrsequence, nullable, attrminvalue, isactive, attrlength, modifier, datatype, readonly, accesspowergroup, customattr, versiontype, displayname, precise, fixedlength ) values ( 'N', null, '2019-02-14 17:44:27', 0, null, 'a40f65b2-26a5-4729-b06e-8f3efb39630b', 'N', null, 'N', null, 'N', '039e273a-e4f3-4cad-9026-fbe77fb265cb', null, 300, null, 'customerid', null, '0', null, null, 0, null, null, 'N', null, 'Y', 8, 'Y', null, 'Y', 50, null, 'BS000010000100001001', 'N', null, 'N', 0, '客户id', null, 'N' );
 insert into md_property ( dynamicattr, createtime, ts, visibility, dynamictable, classid, accesspower, attrmaxvalue, notserialize, creator, calculation, id, help, datatypestyle, description, name, refmodelname, industry, defaultvalue, modifytime, dr, accessorclassname, tenantid, hided, resid, isauthen, attrsequence, nullable, attrminvalue, isactive, attrlength, modifier, datatype, readonly, accesspowergroup, customattr, versiontype, displayname, precise, fixedlength ) values ( 'N', null, '2019-02-14 17:44:27', 0, null, 'a40f65b2-26a5-4729-b06e-8f3efb39630b', 'N', null, 'N', null, 'N', '4dfeeb7b-8fa9-47ef-ba84-2ac9a4e78b74', null, 300, null, 'houseid', null, '0', null, null, 0, null, null, 'N', null, 'Y', 9, 'Y', null, 'Y', 50, null, 'BS000010000100001001', 'N', null, 'N', 0, '房屋id', null, 'N' );
 insert into md_property ( dynamicattr, createtime, ts, visibility, dynamictable, classid, accesspower, attrmaxvalue, notserialize, creator, calculation, id, help, datatypestyle, description, name, refmodelname, industry, defaultvalue, modifytime, dr, accessorclassname, tenantid, hided, resid, isauthen, attrsequence, nullable, attrminvalue, isactive, attrlength, modifier, datatype, readonly, accesspowergroup, customattr, versiontype, displayname, precise, fixedlength ) values ( 'N', null, '2019-02-14 17:44:27', 0, null, 'a40f65b2-26a5-4729-b06e-8f3efb39630b', 'N', null, 'N', null, 'N', '803bdee1-8096-45e4-8e19-b17df246792e', null, 300, null, 'totalamount', null, '0', null, null, 0, null, null, 'N', null, 'Y', 10, 'Y', null, 'Y', 28, null, 'BS000010000100001031', 'N', null, 'N', 0, '工程总金额', 8, 'N' );
 insert into md_property ( dynamicattr, createtime, ts, visibility, dynamictable, classid, accesspower, attrmaxvalue, notserialize, creator, calculation, id, help, datatypestyle, description, name, refmodelname, industry, defaultvalue, modifytime, dr, accessorclassname, tenantid, hided, resid, isauthen, attrsequence, nullable, attrminvalue, isactive, attrlength, modifier, datatype, readonly, accesspowergroup, customattr, versiontype, displayname, precise, fixedlength ) values ( 'N', null, '2019-02-14 17:44:27', 0, null, 'a40f65b2-26a5-4729-b06e-8f3efb39630b', 'N', null, 'N', null, 'N', 'f318dc0e-38ef-492f-be25-dec64eb96ec7', null, 300, null, 'paidamount', null, '0', null, null, 0, null, null, 'N', null, 'Y', 11, 'Y', null, 'Y', 28, null, 'BS000010000100001031', 'N', null, 'N', 0, '已支付金额', 8, 'N' );
 insert into md_property ( dynamicattr, createtime, ts, visibility, dynamictable, classid, accesspower, attrmaxvalue, notserialize, creator, calculation, id, help, datatypestyle, description, name, refmodelname, industry, defaultvalue, modifytime, dr, accessorclassname, tenantid, hided, resid, isauthen, attrsequence, nullable, attrminvalue, isactive, attrlength, modifier, datatype, readonly, accesspowergroup, customattr, versiontype, displayname, precise, fixedlength ) values ( 'N', null, '2019-02-14 17:44:27', 0, null, 'a40f65b2-26a5-4729-b06e-8f3efb39630b', 'N', null, 'N', null, 'N', '91829b31-26e1-488d-b545-9b52d042722f', null, 300, null, 'materialstate', null, '0', null, null, 0, null, null, 'N', null, 'Y', 12, 'Y', null, 'Y', null, null, 'BS000010000100001004', 'N', null, 'N', 0, '物料调配状态', null, 'N' );
 insert into md_property ( dynamicattr, createtime, ts, visibility, dynamictable, classid, accesspower, attrmaxvalue, notserialize, creator, calculation, id, help, datatypestyle, description, name, refmodelname, industry, defaultvalue, modifytime, dr, accessorclassname, tenantid, hided, resid, isauthen, attrsequence, nullable, attrminvalue, isactive, attrlength, modifier, datatype, readonly, accesspowergroup, customattr, versiontype, displayname, precise, fixedlength ) values ( 'N', null, '2019-02-14 17:44:27', 0, null, 'a40f65b2-26a5-4729-b06e-8f3efb39630b', 'N', null, 'N', null, 'N', '18089506-01ea-4d95-ab1c-72f27fb6a298', null, 300, null, 'servicestate', null, '0', null, null, 0, null, null, 'N', null, 'Y', 13, 'Y', null, 'Y', null, null, 'BS000010000100001004', 'N', null, 'N', 0, '工程服务状态', null, 'N' );
 insert into md_property ( dynamicattr, createtime, ts, visibility, dynamictable, classid, accesspower, attrmaxvalue, notserialize, creator, calculation, id, help, datatypestyle, description, name, refmodelname, industry, defaultvalue, modifytime, dr, accessorclassname, tenantid, hided, resid, isauthen, attrsequence, nullable, attrminvalue, isactive, attrlength, modifier, datatype, readonly, accesspowergroup, customattr, versiontype, displayname, precise, fixedlength ) values ( 'N', null, '2019-02-14 17:44:27', 0, null, 'a40f65b2-26a5-4729-b06e-8f3efb39630b', 'N', null, 'N', null, 'N', '62697113-348c-49bd-a1b6-c535e78d2fa5', null, 300, null, 'paystate', null, '0', null, null, 0, null, null, 'N', null, 'Y', 14, 'Y', null, 'Y', null, null, 'BS000010000100001004', 'N', null, 'N', 0, '支付状态', null, 'N' );
 insert into md_property ( dynamicattr, createtime, ts, visibility, dynamictable, classid, accesspower, attrmaxvalue, notserialize, creator, calculation, id, help, datatypestyle, description, name, refmodelname, industry, defaultvalue, modifytime, dr, accessorclassname, tenantid, hided, resid, isauthen, attrsequence, nullable, attrminvalue, isactive, attrlength, modifier, datatype, readonly, accesspowergroup, customattr, versiontype, displayname, precise, fixedlength ) values ( 'N', null, '2019-02-14 17:44:27', 0, null, 'a40f65b2-26a5-4729-b06e-8f3efb39630b', 'N', null, 'N', null, 'N', '4711e764-5852-4147-9dfe-a130ed742621', null, 300, null, 'contractstate', null, '0', null, null, 0, null, null, 'N', null, 'Y', 15, 'Y', null, 'Y', null, null, 'BS000010000100001004', 'N', null, 'N', 0, '合同状态', null, 'N' );
 insert into md_property ( dynamicattr, createtime, ts, visibility, dynamictable, classid, accesspower, attrmaxvalue, notserialize, creator, calculation, id, help, datatypestyle, description, name, refmodelname, industry, defaultvalue, modifytime, dr, accessorclassname, tenantid, hided, resid, isauthen, attrsequence, nullable, attrminvalue, isactive, attrlength, modifier, datatype, readonly, accesspowergroup, customattr, versiontype, displayname, precise, fixedlength ) values ( 'N', null, '2019-02-14 17:44:27', 0, null, 'a40f65b2-26a5-4729-b06e-8f3efb39630b', 'N', null, 'N', null, 'N', 'c4ca823f-4d21-4b5a-bcff-4d5cdfff4688', null, 300, null, 'startdate', null, '0', null, null, 0, null, null, 'N', null, 'Y', 16, 'Y', null, 'Y', 50, null, 'BS000010000100001001', 'N', null, 'N', 0, '开工日期', null, 'N' );
 insert into md_property ( dynamicattr, createtime, ts, visibility, dynamictable, classid, accesspower, attrmaxvalue, notserialize, creator, calculation, id, help, datatypestyle, description, name, refmodelname, industry, defaultvalue, modifytime, dr, accessorclassname, tenantid, hided, resid, isauthen, attrsequence, nullable, attrminvalue, isactive, attrlength, modifier, datatype, readonly, accesspowergroup, customattr, versiontype, displayname, precise, fixedlength ) values ( 'N', null, '2019-02-14 17:44:27', 0, null, 'a40f65b2-26a5-4729-b06e-8f3efb39630b', 'N', null, 'N', null, 'N', '8297c624-1f57-4259-83ae-c5d54ac7b973', null, 300, null, 'planneddate', null, '0', null, null, 0, null, null, 'N', null, 'Y', 17, 'Y', null, 'Y', 50, null, 'BS000010000100001001', 'N', null, 'N', 0, '计划工期', null, 'N' );
 insert into md_property ( dynamicattr, createtime, ts, visibility, dynamictable, classid, accesspower, attrmaxvalue, notserialize, creator, calculation, id, help, datatypestyle, description, name, refmodelname, industry, defaultvalue, modifytime, dr, accessorclassname, tenantid, hided, resid, isauthen, attrsequence, nullable, attrminvalue, isactive, attrlength, modifier, datatype, readonly, accesspowergroup, customattr, versiontype, displayname, precise, fixedlength ) values ( 'N', null, '2019-02-14 17:44:27', 0, null, 'a40f65b2-26a5-4729-b06e-8f3efb39630b', 'N', null, 'N', null, 'N', '7f5d09c4-7035-468d-a2dc-01ba22bab638', null, 300, null, 'enddate', null, '0', null, null, 0, null, null, 'N', null, 'Y', 18, 'Y', null, 'Y', 50, null, 'BS000010000100001001', 'N', null, 'N', 0, '结束日期', null, 'N' );
 insert into md_property ( dynamicattr, createtime, ts, visibility, dynamictable, classid, accesspower, attrmaxvalue, notserialize, creator, calculation, id, help, datatypestyle, description, name, refmodelname, industry, defaultvalue, modifytime, dr, accessorclassname, tenantid, hided, resid, isauthen, attrsequence, nullable, attrminvalue, isactive, attrlength, modifier, datatype, readonly, accesspowergroup, customattr, versiontype, displayname, precise, fixedlength ) values ( 'N', null, '2019-02-14 17:44:27', 0, null, 'a40f65b2-26a5-4729-b06e-8f3efb39630b', 'N', null, 'N', null, 'N', '9366994a-3362-4771-bb16-0d10322f8d40', null, 300, null, 'procedureid', null, '0', null, null, 0, null, null, 'N', null, 'Y', 19, 'Y', null, 'Y', 50, null, 'BS000010000100001001', 'N', null, 'N', 0, '工序id', null, 'N' );
 insert into md_property ( dynamicattr, createtime, ts, visibility, dynamictable, classid, accesspower, attrmaxvalue, notserialize, creator, calculation, id, help, datatypestyle, description, name, refmodelname, industry, defaultvalue, modifytime, dr, accessorclassname, tenantid, hided, resid, isauthen, attrsequence, nullable, attrminvalue, isactive, attrlength, modifier, datatype, readonly, accesspowergroup, customattr, versiontype, displayname, precise, fixedlength ) values ( 'N', null, '2019-02-14 17:44:27', 0, null, 'a40f65b2-26a5-4729-b06e-8f3efb39630b', 'N', null, 'N', null, 'N', 'a3eec0e6-b362-4db3-9951-2fdf75f0694a', null, 300, null, 'procedurename', null, '0', null, null, 0, null, null, 'N', null, 'Y', 20, 'Y', null, 'Y', 50, null, 'BS000010000100001001', 'N', null, 'N', 0, '工序名称', null, 'N' );
 insert into md_property ( dynamicattr, createtime, ts, visibility, dynamictable, classid, accesspower, attrmaxvalue, notserialize, creator, calculation, id, help, datatypestyle, description, name, refmodelname, industry, defaultvalue, modifytime, dr, accessorclassname, tenantid, hided, resid, isauthen, attrsequence, nullable, attrminvalue, isactive, attrlength, modifier, datatype, readonly, accesspowergroup, customattr, versiontype, displayname, precise, fixedlength ) values ( 'N', null, '2019-02-14 17:44:27', 0, null, 'a40f65b2-26a5-4729-b06e-8f3efb39630b', 'N', null, 'N', null, 'N', 'ef971a0a-bb63-4722-a1d0-39177950f0e6', null, 300, null, 'servername', null, '0', null, null, 0, null, null, 'N', null, 'Y', 21, 'Y', null, 'Y', 50, null, 'BS000010000100001001', 'N', null, 'N', 0, '客服', null, 'N' );
 insert into md_property ( dynamicattr, createtime, ts, visibility, dynamictable, classid, accesspower, attrmaxvalue, notserialize, creator, calculation, id, help, datatypestyle, description, name, refmodelname, industry, defaultvalue, modifytime, dr, accessorclassname, tenantid, hided, resid, isauthen, attrsequence, nullable, attrminvalue, isactive, attrlength, modifier, datatype, readonly, accesspowergroup, customattr, versiontype, displayname, precise, fixedlength ) values ( 'N', null, '2019-02-14 17:44:27', 0, null, 'a40f65b2-26a5-4729-b06e-8f3efb39630b', 'N', null, 'N', null, 'N', 'fd9000bf-41b7-4a27-8aef-3d77b404ce73', null, 300, null, 'serverid', null, '0', null, null, 0, null, null, 'N', null, 'Y', 22, 'Y', null, 'Y', 50, null, 'BS000010000100001001', 'N', null, 'N', 0, '客服id', null, 'N' );
 insert into md_property ( dynamicattr, createtime, ts, visibility, dynamictable, classid, accesspower, attrmaxvalue, notserialize, creator, calculation, id, help, datatypestyle, description, name, refmodelname, industry, defaultvalue, modifytime, dr, accessorclassname, tenantid, hided, resid, isauthen, attrsequence, nullable, attrminvalue, isactive, attrlength, modifier, datatype, readonly, accesspowergroup, customattr, versiontype, displayname, precise, fixedlength ) values ( 'N', null, '2019-02-14 17:44:27', 0, null, 'a40f65b2-26a5-4729-b06e-8f3efb39630b', 'N', null, 'N', null, 'N', '1e65d5da-1177-44f1-b0f5-b7c58d18b435', null, 300, null, 'serverstate', null, '0', null, null, 0, null, null, 'N', null, 'Y', 23, 'Y', null, 'Y', null, null, 'BS000010000100001004', 'N', null, 'N', 0, '客服状态', null, 'N' );
 insert into md_property ( dynamicattr, createtime, ts, visibility, dynamictable, classid, accesspower, attrmaxvalue, notserialize, creator, calculation, id, help, datatypestyle, description, name, refmodelname, industry, defaultvalue, modifytime, dr, accessorclassname, tenantid, hided, resid, isauthen, attrsequence, nullable, attrminvalue, isactive, attrlength, modifier, datatype, readonly, accesspowergroup, customattr, versiontype, displayname, precise, fixedlength ) values ( 'N', null, '2019-02-14 17:44:27', 0, null, 'a40f65b2-26a5-4729-b06e-8f3efb39630b', 'N', null, 'N', null, 'N', '237b0c73-ce01-4dd9-a4ef-5493a61dd395', null, 300, null, 'surveyname', null, '0', null, null, 0, null, null, 'N', null, 'Y', 24, 'Y', null, 'Y', 50, null, 'BS000010000100001001', 'N', null, 'N', 0, '勘察', null, 'N' );
 insert into md_property ( dynamicattr, createtime, ts, visibility, dynamictable, classid, accesspower, attrmaxvalue, notserialize, creator, calculation, id, help, datatypestyle, description, name, refmodelname, industry, defaultvalue, modifytime, dr, accessorclassname, tenantid, hided, resid, isauthen, attrsequence, nullable, attrminvalue, isactive, attrlength, modifier, datatype, readonly, accesspowergroup, customattr, versiontype, displayname, precise, fixedlength ) values ( 'N', null, '2019-02-14 17:44:27', 0, null, 'a40f65b2-26a5-4729-b06e-8f3efb39630b', 'N', null, 'N', null, 'N', 'a30378a4-cc93-4158-bf0d-bed12d22ed0f', null, 300, null, 'surveyid', null, '0', null, null, 0, null, null, 'N', null, 'Y', 25, 'Y', null, 'Y', 50, null, 'BS000010000100001001', 'N', null, 'N', 0, '勘察id', null, 'N' );
 insert into md_property ( dynamicattr, createtime, ts, visibility, dynamictable, classid, accesspower, attrmaxvalue, notserialize, creator, calculation, id, help, datatypestyle, description, name, refmodelname, industry, defaultvalue, modifytime, dr, accessorclassname, tenantid, hided, resid, isauthen, attrsequence, nullable, attrminvalue, isactive, attrlength, modifier, datatype, readonly, accesspowergroup, customattr, versiontype, displayname, precise, fixedlength ) values ( 'N', null, '2019-02-14 17:44:27', 0, null, 'a40f65b2-26a5-4729-b06e-8f3efb39630b', 'N', null, 'N', null, 'N', '5afe49ad-788d-4aa5-acf6-d97da37d1d02', null, 300, null, 'surveystate', null, '0', null, null, 0, null, null, 'N', null, 'Y', 26, 'Y', null, 'Y', null, null, 'BS000010000100001004', 'N', null, 'N', 0, '勘察状态', null, 'N' );
 insert into md_property ( dynamicattr, createtime, ts, visibility, dynamictable, classid, accesspower, attrmaxvalue, notserialize, creator, calculation, id, help, datatypestyle, description, name, refmodelname, industry, defaultvalue, modifytime, dr, accessorclassname, tenantid, hided, resid, isauthen, attrsequence, nullable, attrminvalue, isactive, attrlength, modifier, datatype, readonly, accesspowergroup, customattr, versiontype, displayname, precise, fixedlength ) values ( 'N', null, '2019-02-14 17:44:27', 0, null, 'a40f65b2-26a5-4729-b06e-8f3efb39630b', 'N', null, 'N', null, 'N', '8a1a7213-c2ff-419d-bf52-581e01d640ac', null, 300, null, 'constructionname', null, '0', null, null, 0, null, null, 'N', null, 'Y', 27, 'Y', null, 'Y', 50, null, 'BS000010000100001001', 'N', null, 'N', 0, '工队', null, 'N' );
 insert into md_property ( dynamicattr, createtime, ts, visibility, dynamictable, classid, accesspower, attrmaxvalue, notserialize, creator, calculation, id, help, datatypestyle, description, name, refmodelname, industry, defaultvalue, modifytime, dr, accessorclassname, tenantid, hided, resid, isauthen, attrsequence, nullable, attrminvalue, isactive, attrlength, modifier, datatype, readonly, accesspowergroup, customattr, versiontype, displayname, precise, fixedlength ) values ( 'N', null, '2019-02-14 17:44:27', 0, null, 'a40f65b2-26a5-4729-b06e-8f3efb39630b', 'N', null, 'N', null, 'N', '63ba2498-8e62-46fd-a385-12743df09183', null, 300, null, 'constructionid', null, '0', null, null, 0, null, null, 'N', null, 'Y', 28, 'Y', null, 'Y', 50, null, 'BS000010000100001001', 'N', null, 'N', 0, '工队id', null, 'N' );
 insert into md_property ( dynamicattr, createtime, ts, visibility, dynamictable, classid, accesspower, attrmaxvalue, notserialize, creator, calculation, id, help, datatypestyle, description, name, refmodelname, industry, defaultvalue, modifytime, dr, accessorclassname, tenantid, hided, resid, isauthen, attrsequence, nullable, attrminvalue, isactive, attrlength, modifier, datatype, readonly, accesspowergroup, customattr, versiontype, displayname, precise, fixedlength ) values ( 'N', null, '2019-02-14 17:44:27', 0, null, 'a40f65b2-26a5-4729-b06e-8f3efb39630b', 'N', null, 'N', null, 'N', '815731c4-823e-4e76-a2f5-0c55307d8017', null, 300, null, 'constructionstate', null, '0', null, null, 0, null, null, 'N', null, 'Y', 29, 'Y', null, 'Y', null, null, 'BS000010000100001004', 'N', null, 'N', 0, '工人状态', null, 'N' );
 insert into md_property ( dynamicattr, createtime, ts, visibility, dynamictable, classid, accesspower, attrmaxvalue, notserialize, creator, calculation, id, help, datatypestyle, description, name, refmodelname, industry, defaultvalue, modifytime, dr, accessorclassname, tenantid, hided, resid, isauthen, attrsequence, nullable, attrminvalue, isactive, attrlength, modifier, datatype, readonly, accesspowergroup, customattr, versiontype, displayname, precise, fixedlength ) values ( 'N', null, '2019-02-14 17:44:27', 0, null, 'a40f65b2-26a5-4729-b06e-8f3efb39630b', 'N', null, 'N', null, 'N', '5b659e54-fc71-4283-8184-20588e947e4a', null, 300, null, 'supervisor', null, '0', null, null, 0, null, null, 'N', null, 'Y', 30, 'Y', null, 'Y', 50, null, 'BS000010000100001001', 'N', null, 'N', 0, '管家', null, 'N' );
 insert into md_property ( dynamicattr, createtime, ts, visibility, dynamictable, classid, accesspower, attrmaxvalue, notserialize, creator, calculation, id, help, datatypestyle, description, name, refmodelname, industry, defaultvalue, modifytime, dr, accessorclassname, tenantid, hided, resid, isauthen, attrsequence, nullable, attrminvalue, isactive, attrlength, modifier, datatype, readonly, accesspowergroup, customattr, versiontype, displayname, precise, fixedlength ) values ( 'N', null, '2019-02-14 17:44:27', 0, null, 'a40f65b2-26a5-4729-b06e-8f3efb39630b', 'N', null, 'N', null, 'N', '387d9896-c4f1-45cc-a86c-e1344c30ed35', null, 300, null, 'supervisorid', null, '0', null, null, 0, null, null, 'N', null, 'Y', 31, 'Y', null, 'Y', 50, null, 'BS000010000100001001', 'N', null, 'N', 0, '管家id', null, 'N' );
 insert into md_property ( dynamicattr, createtime, ts, visibility, dynamictable, classid, accesspower, attrmaxvalue, notserialize, creator, calculation, id, help, datatypestyle, description, name, refmodelname, industry, defaultvalue, modifytime, dr, accessorclassname, tenantid, hided, resid, isauthen, attrsequence, nullable, attrminvalue, isactive, attrlength, modifier, datatype, readonly, accesspowergroup, customattr, versiontype, displayname, precise, fixedlength ) values ( 'N', null, '2019-02-14 17:44:27', 0, null, 'a40f65b2-26a5-4729-b06e-8f3efb39630b', 'N', null, 'N', null, 'N', '78c13f88-6171-45cf-abbe-49715cf4984c', null, 300, null, 'supervisorstate', null, '0', null, null, 0, null, null, 'N', null, 'Y', 32, 'Y', null, 'Y', null, null, 'BS000010000100001004', 'N', null, 'N', 0, '管家状态', null, 'N' );
 insert into md_property ( dynamicattr, createtime, ts, visibility, dynamictable, classid, accesspower, attrmaxvalue, notserialize, creator, calculation, id, help, datatypestyle, description, name, refmodelname, industry, defaultvalue, modifytime, dr, accessorclassname, tenantid, hided, resid, isauthen, attrsequence, nullable, attrminvalue, isactive, attrlength, modifier, datatype, readonly, accesspowergroup, customattr, versiontype, displayname, precise, fixedlength ) values ( 'N', null, '2019-02-14 17:44:27', 0, null, 'a40f65b2-26a5-4729-b06e-8f3efb39630b', 'N', null, 'N', null, 'N', '3a800284-a0cb-4f79-bdba-79c2eb525993', null, 300, null, 'note', null, '0', null, null, 0, null, null, 'N', null, 'Y', 33, 'Y', null, 'Y', 500, null, 'BS000010000100001001', 'N', null, 'N', 0, '备注', null, 'N' );
 insert into md_property ( dynamicattr, createtime, ts, visibility, dynamictable, classid, accesspower, attrmaxvalue, notserialize, creator, calculation, id, help, datatypestyle, description, name, refmodelname, industry, defaultvalue, modifytime, dr, accessorclassname, tenantid, hided, resid, isauthen, attrsequence, nullable, attrminvalue, isactive, attrlength, modifier, datatype, readonly, accesspowergroup, customattr, versiontype, displayname, precise, fixedlength ) values ( 'N', null, '2019-02-14 17:44:27', 0, null, 'a40f65b2-26a5-4729-b06e-8f3efb39630b', 'N', null, 'N', null, 'N', '08fb2b74-1bff-4e85-b0e5-9143a1b926ad', null, 300, null, 'creator', null, '0', null, null, 0, null, null, 'N', null, 'Y', 34, 'Y', null, 'Y', 50, null, 'BS000010000100001001', 'N', null, 'N', 0, '创建人', null, 'N' );
 insert into md_property ( dynamicattr, createtime, ts, visibility, dynamictable, classid, accesspower, attrmaxvalue, notserialize, creator, calculation, id, help, datatypestyle, description, name, refmodelname, industry, defaultvalue, modifytime, dr, accessorclassname, tenantid, hided, resid, isauthen, attrsequence, nullable, attrminvalue, isactive, attrlength, modifier, datatype, readonly, accesspowergroup, customattr, versiontype, displayname, precise, fixedlength ) values ( 'N', null, '2019-02-14 17:44:27', 0, null, 'a40f65b2-26a5-4729-b06e-8f3efb39630b', 'N', null, 'N', null, 'N', 'db814e41-fcc3-4c3c-8cfe-a2ee1219c16f', null, 300, null, 'creatorid', null, '0', null, null, 0, null, null, 'N', null, 'Y', 35, 'Y', null, 'Y', 50, null, 'BS000010000100001001', 'N', null, 'N', 0, '创建人id', null, 'N' );
 insert into md_property ( dynamicattr, createtime, ts, visibility, dynamictable, classid, accesspower, attrmaxvalue, notserialize, creator, calculation, id, help, datatypestyle, description, name, refmodelname, industry, defaultvalue, modifytime, dr, accessorclassname, tenantid, hided, resid, isauthen, attrsequence, nullable, attrminvalue, isactive, attrlength, modifier, datatype, readonly, accesspowergroup, customattr, versiontype, displayname, precise, fixedlength ) values ( 'N', null, '2019-02-14 17:44:27', 0, null, 'a40f65b2-26a5-4729-b06e-8f3efb39630b', 'N', null, 'N', null, 'N', 'd6b9a29b-3685-4826-b623-a20a09c8241e', null, 300, null, 'createtime', null, '0', null, null, 0, null, null, 'N', null, 'Y', 36, 'Y', null, 'Y', 50, null, 'BS000010000100001001', 'N', null, 'N', 0, '创建时间', null, 'N' );
 insert into md_property ( dynamicattr, createtime, ts, visibility, dynamictable, classid, accesspower, attrmaxvalue, notserialize, creator, calculation, id, help, datatypestyle, description, name, refmodelname, industry, defaultvalue, modifytime, dr, accessorclassname, tenantid, hided, resid, isauthen, attrsequence, nullable, attrminvalue, isactive, attrlength, modifier, datatype, readonly, accesspowergroup, customattr, versiontype, displayname, precise, fixedlength ) values ( 'N', null, '2019-02-14 17:44:27', 0, null, 'a40f65b2-26a5-4729-b06e-8f3efb39630b', 'N', null, 'N', null, 'N', 'd31ba3a7-64b8-4040-ab7d-a04169716515', null, 300, null, 'modifier', null, '0', null, null, 0, null, null, 'N', null, 'Y', 37, 'Y', null, 'Y', 50, null, 'BS000010000100001001', 'N', null, 'N', 0, '修改人', null, 'N' );
 insert into md_property ( dynamicattr, createtime, ts, visibility, dynamictable, classid, accesspower, attrmaxvalue, notserialize, creator, calculation, id, help, datatypestyle, description, name, refmodelname, industry, defaultvalue, modifytime, dr, accessorclassname, tenantid, hided, resid, isauthen, attrsequence, nullable, attrminvalue, isactive, attrlength, modifier, datatype, readonly, accesspowergroup, customattr, versiontype, displayname, precise, fixedlength ) values ( 'N', null, '2019-02-14 17:44:27', 0, null, 'a40f65b2-26a5-4729-b06e-8f3efb39630b', 'N', null, 'N', null, 'N', 'fb8db65c-d449-41bb-af3e-b6ce6580822f', null, 300, null, 'modifierid', null, '0', null, null, 0, null, null, 'N', null, 'Y', 38, 'Y', null, 'Y', 50, null, 'BS000010000100001001', 'N', null, 'N', 0, '修改人id', null, 'N' );
 insert into md_property ( dynamicattr, createtime, ts, visibility, dynamictable, classid, accesspower, attrmaxvalue, notserialize, creator, calculation, id, help, datatypestyle, description, name, refmodelname, industry, defaultvalue, modifytime, dr, accessorclassname, tenantid, hided, resid, isauthen, attrsequence, nullable, attrminvalue, isactive, attrlength, modifier, datatype, readonly, accesspowergroup, customattr, versiontype, displayname, precise, fixedlength ) values ( 'N', null, '2019-02-14 17:44:27', 0, null, 'a40f65b2-26a5-4729-b06e-8f3efb39630b', 'N', null, 'N', null, 'N', '8928c4a6-2f16-42dd-a40c-87f9f9f480f8', null, 300, null, 'modifytime', null, '0', null, null, 0, null, null, 'N', null, 'Y', 39, 'Y', null, 'Y', 50, null, 'BS000010000100001001', 'N', null, 'N', 0, '修改时间', null, 'N' );
 insert into md_property ( dynamicattr, createtime, ts, visibility, dynamictable, classid, accesspower, attrmaxvalue, notserialize, creator, calculation, id, help, datatypestyle, description, name, refmodelname, industry, defaultvalue, modifytime, dr, accessorclassname, tenantid, hided, resid, isauthen, attrsequence, nullable, attrminvalue, isactive, attrlength, modifier, datatype, readonly, accesspowergroup, customattr, versiontype, displayname, precise, fixedlength ) values ( 'N', null, '2019-02-14 17:44:27', 0, null, 'a40f65b2-26a5-4729-b06e-8f3efb39630b', 'N', null, 'N', null, 'N', '00211f3c-721a-4b27-9e95-2d39cc328a5d', null, 302, null, 'id_serviceprocedure', null, '0', null, null, 0, null, null, 'N', null, 'Y', 40, 'Y', null, 'Y', 36, null, '04a35425-73bb-4392-81e3-3d56ccd3b57a', 'N', null, 'N', 0, 'id_ServiceProcedure', null, 'N' );
 insert into md_property ( dynamicattr, createtime, ts, visibility, dynamictable, classid, accesspower, attrmaxvalue, notserialize, creator, calculation, id, help, datatypestyle, description, name, refmodelname, industry, defaultvalue, modifytime, dr, accessorclassname, tenantid, hided, resid, isauthen, attrsequence, nullable, attrminvalue, isactive, attrlength, modifier, datatype, readonly, accesspowergroup, customattr, versiontype, displayname, precise, fixedlength ) values ( 'N', null, '2019-02-14 17:44:27', 0, null, 'a40f65b2-26a5-4729-b06e-8f3efb39630b', 'N', null, 'N', null, 'N', 'a5ab3b75-ca60-42f8-b182-2e8dd5ecb3e1', null, 300, null, 'servicecharge', null, '0', null, null, 0, null, null, 'N', null, 'Y', 41, 'Y', null, 'Y', 28, null, 'BS000010000100001031', 'N', null, 'N', 0, '服务费', 8, 'N' );
 insert into md_property ( dynamicattr, createtime, ts, visibility, dynamictable, classid, accesspower, attrmaxvalue, notserialize, creator, calculation, id, help, datatypestyle, description, name, refmodelname, industry, defaultvalue, modifytime, dr, accessorclassname, tenantid, hided, resid, isauthen, attrsequence, nullable, attrminvalue, isactive, attrlength, modifier, datatype, readonly, accesspowergroup, customattr, versiontype, displayname, precise, fixedlength ) values ( 'N', null, '2019-02-14 17:44:27', 0, null, 'a40f65b2-26a5-4729-b06e-8f3efb39630b', 'N', null, 'N', null, 'N', '90306b23-4883-47e2-86f6-2a27cd2dcf00', null, 300, null, 'materialcosts', null, '0', null, null, 0, null, null, 'N', null, 'Y', 42, 'Y', null, 'Y', 28, null, 'BS000010000100001031', 'N', null, 'N', 0, '材料费', 8, 'N' );
 insert into md_property ( dynamicattr, createtime, ts, visibility, dynamictable, classid, accesspower, attrmaxvalue, notserialize, creator, calculation, id, help, datatypestyle, description, name, refmodelname, industry, defaultvalue, modifytime, dr, accessorclassname, tenantid, hided, resid, isauthen, attrsequence, nullable, attrminvalue, isactive, attrlength, modifier, datatype, readonly, accesspowergroup, customattr, versiontype, displayname, precise, fixedlength ) values ( 'N', null, '2019-02-14 17:44:27', 0, null, 'a40f65b2-26a5-4729-b06e-8f3efb39630b', 'N', null, 'N', null, 'N', 'ffbddedf-c51a-42da-9d10-2d3facd4ae63', null, 300, '运营中心是否给区域运营商结算的状态', 'orgstate', null, '0', null, null, 0, null, null, 'N', null, 'Y', 43, 'Y', null, 'Y', null, null, 'BS000010000100001004', 'N', null, 'N', 0, '运营中心结算状态', null, 'N' );
 insert into md_property ( dynamicattr, createtime, ts, visibility, dynamictable, classid, accesspower, attrmaxvalue, notserialize, creator, calculation, id, help, datatypestyle, description, name, refmodelname, industry, defaultvalue, modifytime, dr, accessorclassname, tenantid, hided, resid, isauthen, attrsequence, nullable, attrminvalue, isactive, attrlength, modifier, datatype, readonly, accesspowergroup, customattr, versiontype, displayname, precise, fixedlength ) values ( 'N', null, '2019-02-14 17:44:27', 0, null, 'a40f65b2-26a5-4729-b06e-8f3efb39630b', 'N', null, 'N', null, 'N', '601203c9-18e7-472c-88b2-c6aaf939cb84', null, 300, '区域运营商是否给工队结算的状态', 'agentstate', null, '0', null, null, 0, null, null, 'N', null, 'Y', 44, 'Y', null, 'Y', null, null, 'BS000010000100001004', 'N', null, 'N', 0, '区域运营商结算状态', null, 'N' );
 insert into md_property ( dynamicattr, createtime, ts, visibility, dynamictable, classid, accesspower, attrmaxvalue, notserialize, creator, calculation, id, help, datatypestyle, description, name, refmodelname, industry, defaultvalue, modifytime, dr, accessorclassname, tenantid, hided, resid, isauthen, attrsequence, nullable, attrminvalue, isactive, attrlength, modifier, datatype, readonly, accesspowergroup, customattr, versiontype, displayname, precise, fixedlength ) values ( 'N', null, '2019-02-14 17:44:27', 0, null, '04a35425-73bb-4392-81e3-3d56ccd3b57a', 'N', null, 'N', null, 'N', '81aeec23-97a9-44d0-95a5-dbce226ab35b', null, 300, null, 'billbid', null, '0', null, null, 0, null, null, 'N', null, 'Y', 0, 'N', null, 'Y', 36, null, 'BS000010000100001051', 'N', null, 'N', 0, '主键', null, 'N' );
 insert into md_property ( dynamicattr, createtime, ts, visibility, dynamictable, classid, accesspower, attrmaxvalue, notserialize, creator, calculation, id, help, datatypestyle, description, name, refmodelname, industry, defaultvalue, modifytime, dr, accessorclassname, tenantid, hided, resid, isauthen, attrsequence, nullable, attrminvalue, isactive, attrlength, modifier, datatype, readonly, accesspowergroup, customattr, versiontype, displayname, precise, fixedlength ) values ( 'N', null, '2019-02-14 17:44:27', 0, null, '04a35425-73bb-4392-81e3-3d56ccd3b57a', 'N', null, 'N', null, 'N', 'fad2f897-b1a0-4a5f-bd72-de0729ceeff4', null, 300, null, 'billid', null, '0', null, null, 0, null, null, 'N', null, 'Y', 1, 'Y', null, 'Y', 50, null, 'BS000010000100001001', 'N', null, 'N', 0, '主表主键', null, 'N' );
 insert into md_property ( dynamicattr, createtime, ts, visibility, dynamictable, classid, accesspower, attrmaxvalue, notserialize, creator, calculation, id, help, datatypestyle, description, name, refmodelname, industry, defaultvalue, modifytime, dr, accessorclassname, tenantid, hided, resid, isauthen, attrsequence, nullable, attrminvalue, isactive, attrlength, modifier, datatype, readonly, accesspowergroup, customattr, versiontype, displayname, precise, fixedlength ) values ( 'N', null, '2019-02-14 17:44:27', 0, null, '04a35425-73bb-4392-81e3-3d56ccd3b57a', 'N', null, 'N', null, 'N', '5887f443-614f-4ab5-8a25-bc6267897cf7', null, 300, null, 'type', null, '0', null, null, 0, null, null, 'N', null, 'Y', 2, 'Y', null, 'Y', 50, null, 'BS000010000100001001', 'N', null, 'N', 0, '工序类型', null, 'N' );
 insert into md_property ( dynamicattr, createtime, ts, visibility, dynamictable, classid, accesspower, attrmaxvalue, notserialize, creator, calculation, id, help, datatypestyle, description, name, refmodelname, industry, defaultvalue, modifytime, dr, accessorclassname, tenantid, hided, resid, isauthen, attrsequence, nullable, attrminvalue, isactive, attrlength, modifier, datatype, readonly, accesspowergroup, customattr, versiontype, displayname, precise, fixedlength ) values ( 'N', null, '2019-02-14 17:44:27', 0, null, '04a35425-73bb-4392-81e3-3d56ccd3b57a', 'N', null, 'N', null, 'N', '528c4b09-233c-49f8-9414-7200e322ce09', null, 300, null, 'itemid', null, '0', null, null, 0, null, null, 'N', null, 'Y', 3, 'Y', null, 'Y', 50, null, 'BS000010000100001001', 'N', null, 'N', 0, '工序id', null, 'N' );
 insert into md_property ( dynamicattr, createtime, ts, visibility, dynamictable, classid, accesspower, attrmaxvalue, notserialize, creator, calculation, id, help, datatypestyle, description, name, refmodelname, industry, defaultvalue, modifytime, dr, accessorclassname, tenantid, hided, resid, isauthen, attrsequence, nullable, attrminvalue, isactive, attrlength, modifier, datatype, readonly, accesspowergroup, customattr, versiontype, displayname, precise, fixedlength ) values ( 'N', null, '2019-02-14 17:44:27', 0, null, '04a35425-73bb-4392-81e3-3d56ccd3b57a', 'N', null, 'N', null, 'N', '5d1d92d3-c775-4399-a04b-fe5fa75f8c07', null, 300, null, 'itemname', null, '0', null, null, 0, null, null, 'N', null, 'Y', 4, 'Y', null, 'Y', 50, null, 'BS000010000100001001', 'N', null, 'N', 0, '工序名称', null, 'N' );
 insert into md_property ( dynamicattr, createtime, ts, visibility, dynamictable, classid, accesspower, attrmaxvalue, notserialize, creator, calculation, id, help, datatypestyle, description, name, refmodelname, industry, defaultvalue, modifytime, dr, accessorclassname, tenantid, hided, resid, isauthen, attrsequence, nullable, attrminvalue, isactive, attrlength, modifier, datatype, readonly, accesspowergroup, customattr, versiontype, displayname, precise, fixedlength ) values ( 'N', null, '2019-02-14 17:44:27', 0, null, '04a35425-73bb-4392-81e3-3d56ccd3b57a', 'N', null, 'N', null, 'N', '3f501164-efcd-403b-82a1-b04d60f72a1e', null, 300, null, 'itemorder', null, '0', null, null, 0, null, null, 'N', null, 'Y', 5, 'Y', null, 'Y', 50, null, 'BS000010000100001001', 'N', null, 'N', 0, '序号', null, 'N' );
 insert into md_property ( dynamicattr, createtime, ts, visibility, dynamictable, classid, accesspower, attrmaxvalue, notserialize, creator, calculation, id, help, datatypestyle, description, name, refmodelname, industry, defaultvalue, modifytime, dr, accessorclassname, tenantid, hided, resid, isauthen, attrsequence, nullable, attrminvalue, isactive, attrlength, modifier, datatype, readonly, accesspowergroup, customattr, versiontype, displayname, precise, fixedlength ) values ( 'N', null, '2019-02-14 17:44:27', 0, null, '04a35425-73bb-4392-81e3-3d56ccd3b57a', 'N', null, 'N', null, 'N', '58beeb30-c1a1-40f9-8f6e-88c00f38420a', null, 300, null, 'formid', null, '0', null, null, 0, null, null, 'N', null, 'Y', 6, 'Y', null, 'Y', 50, null, 'BS000010000100001001', 'N', null, 'N', 0, '表单id', null, 'N' );
 insert into md_property ( dynamicattr, createtime, ts, visibility, dynamictable, classid, accesspower, attrmaxvalue, notserialize, creator, calculation, id, help, datatypestyle, description, name, refmodelname, industry, defaultvalue, modifytime, dr, accessorclassname, tenantid, hided, resid, isauthen, attrsequence, nullable, attrminvalue, isactive, attrlength, modifier, datatype, readonly, accesspowergroup, customattr, versiontype, displayname, precise, fixedlength ) values ( 'N', null, '2019-02-14 17:44:27', 0, null, '04a35425-73bb-4392-81e3-3d56ccd3b57a', 'N', null, 'N', null, 'N', '8fd618c6-8e84-4401-a9a2-57a19c261ba1', null, 300, null, 'state', null, '0', null, null, 0, null, null, 'N', null, 'Y', 7, 'Y', null, 'Y', null, null, 'BS000010000100001004', 'N', null, 'N', 0, '工序状态', null, 'N' );
 insert into md_property ( dynamicattr, createtime, ts, visibility, dynamictable, classid, accesspower, attrmaxvalue, notserialize, creator, calculation, id, help, datatypestyle, description, name, refmodelname, industry, defaultvalue, modifytime, dr, accessorclassname, tenantid, hided, resid, isauthen, attrsequence, nullable, attrminvalue, isactive, attrlength, modifier, datatype, readonly, accesspowergroup, customattr, versiontype, displayname, precise, fixedlength ) values ( 'N', null, '2019-02-14 17:44:27', 0, null, '04a35425-73bb-4392-81e3-3d56ccd3b57a', 'N', null, 'N', null, 'N', '9f82047f-072d-45b1-8e4f-49af5b11d1b8', null, 300, null, 'modifier', null, '0', null, null, 0, null, null, 'N', null, 'Y', 8, 'Y', null, 'Y', 50, null, 'BS000010000100001001', 'N', null, 'N', 0, '修改人', null, 'N' );
 insert into md_property ( dynamicattr, createtime, ts, visibility, dynamictable, classid, accesspower, attrmaxvalue, notserialize, creator, calculation, id, help, datatypestyle, description, name, refmodelname, industry, defaultvalue, modifytime, dr, accessorclassname, tenantid, hided, resid, isauthen, attrsequence, nullable, attrminvalue, isactive, attrlength, modifier, datatype, readonly, accesspowergroup, customattr, versiontype, displayname, precise, fixedlength ) values ( 'N', null, '2019-02-14 17:44:27', 0, null, '04a35425-73bb-4392-81e3-3d56ccd3b57a', 'N', null, 'N', null, 'N', '47c28e66-bfad-43cb-9414-1f5c235e5706', null, 300, null, 'modifierid', null, '0', null, null, 0, null, null, 'N', null, 'Y', 9, 'Y', null, 'Y', 50, null, 'BS000010000100001001', 'N', null, 'N', 0, '修改人id', null, 'N' );
 insert into md_property ( dynamicattr, createtime, ts, visibility, dynamictable, classid, accesspower, attrmaxvalue, notserialize, creator, calculation, id, help, datatypestyle, description, name, refmodelname, industry, defaultvalue, modifytime, dr, accessorclassname, tenantid, hided, resid, isauthen, attrsequence, nullable, attrminvalue, isactive, attrlength, modifier, datatype, readonly, accesspowergroup, customattr, versiontype, displayname, precise, fixedlength ) values ( 'N', null, '2019-02-14 17:44:27', 0, null, '04a35425-73bb-4392-81e3-3d56ccd3b57a', 'N', null, 'N', null, 'N', 'f7760a18-c31c-4cbf-8de4-de17237b1070', null, 300, null, 'modifytime', null, '0', null, null, 0, null, null, 'N', null, 'Y', 10, 'Y', null, 'Y', 50, null, 'BS000010000100001001', 'N', null, 'N', 0, '修改时间', null, 'N' );
 insert into md_property ( dynamicattr, createtime, ts, visibility, dynamictable, classid, accesspower, attrmaxvalue, notserialize, creator, calculation, id, help, datatypestyle, description, name, refmodelname, industry, defaultvalue, modifytime, dr, accessorclassname, tenantid, hided, resid, isauthen, attrsequence, nullable, attrminvalue, isactive, attrlength, modifier, datatype, readonly, accesspowergroup, customattr, versiontype, displayname, precise, fixedlength ) values ( 'N', null, '2019-02-14 17:44:27', 0, null, '04a35425-73bb-4392-81e3-3d56ccd3b57a', 'N', null, 'N', null, 'N', 'fcabbaf7-1892-4113-905d-5ccf5fd13d33', null, 300, null, 'orderid', null, '0', null, null, 0, null, null, 'N', null, 'Y', 11, 'Y', null, 'Y', 50, null, 'BS000010000100001001', 'N', null, 'N', 0, '订单id', null, 'N' );
 insert into md_association ( createtime, tenantid, ts, startcardinality, endelementid, type, componentid, creator, id, isactive, modifier, startbeanid, startelementid, name, versiontype, industry, modifytime, endcardinality, dr ) values ( '2018-10-25 10:37:44', null, '2019-02-14 17:44:27', '1', '04a35425-73bb-4392-81e3-3d56ccd3b57a', 1, '277c0bcf-ae61-45ba-878a-8895b1eb3f7a', null, '698517f6-8c55-4462-bce7-212ec5039718', 'N', null, 'a40f65b2-26a5-4729-b06e-8f3efb39630b', '00211f3c-721a-4b27-9e95-2d39cc328a5d', 'Aggregation Relation', 0, '0', '2018-10-25 10:37:44', '1..n', 0 );
 insert into md_table ( createtime, tenantid, resid, ts, isextendtable, resmodule, creator, fromsourcebmf, modifier, id, isactive, help, databaseid, description, name, versiontype, industry, displayname, modifytime, parenttable, dr ) values ( '2018-10-25 10:35:14', null, null, '2019-02-14 17:44:27', 'N', 'bill_service', null, 'Y', null, 'bill_service', null, null, null, null, 'bill_service', 0, '0', '工程服务', '2019-02-14 17:40:52', null, 0 );
 insert into md_table ( createtime, tenantid, resid, ts, isextendtable, resmodule, creator, fromsourcebmf, modifier, id, isactive, help, databaseid, description, name, versiontype, industry, displayname, modifytime, parenttable, dr ) values ( '2018-10-25 10:35:17', null, null, '2019-02-14 17:44:27', 'N', 'bill_service', null, 'Y', null, 'bill_service_procedure', null, null, null, null, 'bill_service_procedure', 0, '0', '工程工序', '2019-02-14 17:40:52', null, 0 );
 insert into md_column ( createtime, forlocale, columntype, ts, creator, id, help, sqldatetype, groupid, description, name, incrementseed, incrementstep, defaultvalue, modifytime, dr, tenantid, columnlength, resid, pkey, nullable, isactive, modifier, columnsequence, identitied, versiontype, tableid, displayname, precise ) values ( null, 'N', 0, '2019-02-14 17:44:27', null, 'bill_service@@PK@@', null, 'char', null, null, 'billid', null, null, null, null, 0, null, 36, null, 'Y', 'N', 'Y', null, 0, null, 0, 'bill_service', '主键', null );
 insert into md_column ( createtime, forlocale, columntype, ts, creator, id, help, sqldatetype, groupid, description, name, incrementseed, incrementstep, defaultvalue, modifytime, dr, tenantid, columnlength, resid, pkey, nullable, isactive, modifier, columnsequence, identitied, versiontype, tableid, displayname, precise ) values ( null, 'N', 0, '2019-02-14 17:44:27', null, 'bill_service@@@vbillcode', null, 'varchar', null, null, 'vbillcode', null, null, null, null, 0, null, 50, null, 'N', 'Y', 'Y', null, 1, null, 0, 'bill_service', '工程编号', null );
 insert into md_column ( createtime, forlocale, columntype, ts, creator, id, help, sqldatetype, groupid, description, name, incrementseed, incrementstep, defaultvalue, modifytime, dr, tenantid, columnlength, resid, pkey, nullable, isactive, modifier, columnsequence, identitied, versiontype, tableid, displayname, precise ) values ( null, 'N', 0, '2019-02-14 17:44:27', null, 'bill_service@@@dbilldate', null, 'varchar', null, null, 'dbilldate', null, null, null, null, 0, null, 50, null, 'N', 'Y', 'Y', null, 2, null, 0, 'bill_service', '单据日期', null );
 insert into md_column ( createtime, forlocale, columntype, ts, creator, id, help, sqldatetype, groupid, description, name, incrementseed, incrementstep, defaultvalue, modifytime, dr, tenantid, columnlength, resid, pkey, nullable, isactive, modifier, columnsequence, identitied, versiontype, tableid, displayname, precise ) values ( null, 'N', 0, '2019-02-14 17:44:27', null, 'bill_service@@@orgname', null, 'varchar', null, null, 'orgname', null, null, null, null, 0, null, 50, null, 'N', 'Y', 'Y', null, 3, null, 0, 'bill_service', '组织', null );
 insert into md_column ( createtime, forlocale, columntype, ts, creator, id, help, sqldatetype, groupid, description, name, incrementseed, incrementstep, defaultvalue, modifytime, dr, tenantid, columnlength, resid, pkey, nullable, isactive, modifier, columnsequence, identitied, versiontype, tableid, displayname, precise ) values ( null, 'N', 0, '2019-02-14 17:44:27', null, 'bill_service@@@orgid', null, 'varchar', null, null, 'orgid', null, null, null, null, 0, null, 50, null, 'N', 'Y', 'Y', null, 4, null, 0, 'bill_service', '组织id', null );
 insert into md_column ( createtime, forlocale, columntype, ts, creator, id, help, sqldatetype, groupid, description, name, incrementseed, incrementstep, defaultvalue, modifytime, dr, tenantid, columnlength, resid, pkey, nullable, isactive, modifier, columnsequence, identitied, versiontype, tableid, displayname, precise ) values ( null, 'N', 0, '2019-02-14 17:44:27', null, 'bill_service@@@agentname', null, 'varchar', null, null, 'agentname', null, null, null, null, 0, null, 50, null, 'N', 'Y', 'Y', null, 5, null, 0, 'bill_service', '运营商', null );
 insert into md_column ( createtime, forlocale, columntype, ts, creator, id, help, sqldatetype, groupid, description, name, incrementseed, incrementstep, defaultvalue, modifytime, dr, tenantid, columnlength, resid, pkey, nullable, isactive, modifier, columnsequence, identitied, versiontype, tableid, displayname, precise ) values ( null, 'N', 0, '2019-02-14 17:44:27', null, 'bill_service@@@agentid', null, 'varchar', null, null, 'agentid', null, null, null, null, 0, null, 50, null, 'N', 'Y', 'Y', null, 6, null, 0, 'bill_service', '运营商id', null );
 insert into md_column ( createtime, forlocale, columntype, ts, creator, id, help, sqldatetype, groupid, description, name, incrementseed, incrementstep, defaultvalue, modifytime, dr, tenantid, columnlength, resid, pkey, nullable, isactive, modifier, columnsequence, identitied, versiontype, tableid, displayname, precise ) values ( null, 'N', 0, '2019-02-14 17:44:27', null, 'bill_service@@@dealid', null, 'varchar', null, null, 'dealid', null, null, null, null, 0, null, 50, null, 'N', 'Y', 'Y', null, 7, null, 0, 'bill_service', '交易id', null );
 insert into md_column ( createtime, forlocale, columntype, ts, creator, id, help, sqldatetype, groupid, description, name, incrementseed, incrementstep, defaultvalue, modifytime, dr, tenantid, columnlength, resid, pkey, nullable, isactive, modifier, columnsequence, identitied, versiontype, tableid, displayname, precise ) values ( null, 'N', 0, '2019-02-14 17:44:27', null, 'bill_service@@@customerid', null, 'varchar', null, null, 'customerid', null, null, null, null, 0, null, 50, null, 'N', 'Y', 'Y', null, 8, null, 0, 'bill_service', '客户id', null );
 insert into md_column ( createtime, forlocale, columntype, ts, creator, id, help, sqldatetype, groupid, description, name, incrementseed, incrementstep, defaultvalue, modifytime, dr, tenantid, columnlength, resid, pkey, nullable, isactive, modifier, columnsequence, identitied, versiontype, tableid, displayname, precise ) values ( null, 'N', 0, '2019-02-14 17:44:27', null, 'bill_service@@@houseid', null, 'varchar', null, null, 'houseid', null, null, null, null, 0, null, 50, null, 'N', 'Y', 'Y', null, 9, null, 0, 'bill_service', '房屋id', null );
 insert into md_column ( createtime, forlocale, columntype, ts, creator, id, help, sqldatetype, groupid, description, name, incrementseed, incrementstep, defaultvalue, modifytime, dr, tenantid, columnlength, resid, pkey, nullable, isactive, modifier, columnsequence, identitied, versiontype, tableid, displayname, precise ) values ( null, 'N', 0, '2019-02-14 17:44:27', null, 'bill_service@@@totalamount', null, 'decimal', null, null, 'totalamount', null, null, null, null, 0, null, 28, null, 'N', 'Y', 'Y', null, 10, null, 0, 'bill_service', '工程总金额', 8 );
 insert into md_column ( createtime, forlocale, columntype, ts, creator, id, help, sqldatetype, groupid, description, name, incrementseed, incrementstep, defaultvalue, modifytime, dr, tenantid, columnlength, resid, pkey, nullable, isactive, modifier, columnsequence, identitied, versiontype, tableid, displayname, precise ) values ( null, 'N', 0, '2019-02-14 17:44:27', null, 'bill_service@@@paidamount', null, 'decimal', null, null, 'paidamount', null, null, null, null, 0, null, 28, null, 'N', 'Y', 'Y', null, 11, null, 0, 'bill_service', '已支付金额', 8 );
 insert into md_column ( createtime, forlocale, columntype, ts, creator, id, help, sqldatetype, groupid, description, name, incrementseed, incrementstep, defaultvalue, modifytime, dr, tenantid, columnlength, resid, pkey, nullable, isactive, modifier, columnsequence, identitied, versiontype, tableid, displayname, precise ) values ( null, 'N', 0, '2019-02-14 17:44:27', null, 'bill_service@@@materialstate', null, 'int', null, null, 'materialstate', null, null, null, null, 0, null, null, null, 'N', 'Y', 'Y', null, 12, null, 0, 'bill_service', '物料调配状态', null );
 insert into md_column ( createtime, forlocale, columntype, ts, creator, id, help, sqldatetype, groupid, description, name, incrementseed, incrementstep, defaultvalue, modifytime, dr, tenantid, columnlength, resid, pkey, nullable, isactive, modifier, columnsequence, identitied, versiontype, tableid, displayname, precise ) values ( null, 'N', 0, '2019-02-14 17:44:27', null, 'bill_service@@@servicestate', null, 'int', null, null, 'servicestate', null, null, null, null, 0, null, null, null, 'N', 'Y', 'Y', null, 13, null, 0, 'bill_service', '工程服务状态', null );
 insert into md_column ( createtime, forlocale, columntype, ts, creator, id, help, sqldatetype, groupid, description, name, incrementseed, incrementstep, defaultvalue, modifytime, dr, tenantid, columnlength, resid, pkey, nullable, isactive, modifier, columnsequence, identitied, versiontype, tableid, displayname, precise ) values ( null, 'N', 0, '2019-02-14 17:44:27', null, 'bill_service@@@paystate', null, 'int', null, null, 'paystate', null, null, null, null, 0, null, null, null, 'N', 'Y', 'Y', null, 14, null, 0, 'bill_service', '支付状态', null );
 insert into md_column ( createtime, forlocale, columntype, ts, creator, id, help, sqldatetype, groupid, description, name, incrementseed, incrementstep, defaultvalue, modifytime, dr, tenantid, columnlength, resid, pkey, nullable, isactive, modifier, columnsequence, identitied, versiontype, tableid, displayname, precise ) values ( null, 'N', 0, '2019-02-14 17:44:27', null, 'bill_service@@@contractstate', null, 'int', null, null, 'contractstate', null, null, null, null, 0, null, null, null, 'N', 'Y', 'Y', null, 15, null, 0, 'bill_service', '合同状态', null );
 insert into md_column ( createtime, forlocale, columntype, ts, creator, id, help, sqldatetype, groupid, description, name, incrementseed, incrementstep, defaultvalue, modifytime, dr, tenantid, columnlength, resid, pkey, nullable, isactive, modifier, columnsequence, identitied, versiontype, tableid, displayname, precise ) values ( null, 'N', 0, '2019-02-14 17:44:27', null, 'bill_service@@@startdate', null, 'varchar', null, null, 'startdate', null, null, null, null, 0, null, 50, null, 'N', 'Y', 'Y', null, 16, null, 0, 'bill_service', '开工日期', null );
 insert into md_column ( createtime, forlocale, columntype, ts, creator, id, help, sqldatetype, groupid, description, name, incrementseed, incrementstep, defaultvalue, modifytime, dr, tenantid, columnlength, resid, pkey, nullable, isactive, modifier, columnsequence, identitied, versiontype, tableid, displayname, precise ) values ( null, 'N', 0, '2019-02-14 17:44:27', null, 'bill_service@@@planneddate', null, 'varchar', null, null, 'planneddate', null, null, null, null, 0, null, 50, null, 'N', 'Y', 'Y', null, 17, null, 0, 'bill_service', '计划工期', null );
 insert into md_column ( createtime, forlocale, columntype, ts, creator, id, help, sqldatetype, groupid, description, name, incrementseed, incrementstep, defaultvalue, modifytime, dr, tenantid, columnlength, resid, pkey, nullable, isactive, modifier, columnsequence, identitied, versiontype, tableid, displayname, precise ) values ( null, 'N', 0, '2019-02-14 17:44:27', null, 'bill_service@@@enddate', null, 'varchar', null, null, 'enddate', null, null, null, null, 0, null, 50, null, 'N', 'Y', 'Y', null, 18, null, 0, 'bill_service', '结束日期', null );
 insert into md_column ( createtime, forlocale, columntype, ts, creator, id, help, sqldatetype, groupid, description, name, incrementseed, incrementstep, defaultvalue, modifytime, dr, tenantid, columnlength, resid, pkey, nullable, isactive, modifier, columnsequence, identitied, versiontype, tableid, displayname, precise ) values ( null, 'N', 0, '2019-02-14 17:44:27', null, 'bill_service@@@procedureid', null, 'varchar', null, null, 'procedureid', null, null, null, null, 0, null, 50, null, 'N', 'Y', 'Y', null, 19, null, 0, 'bill_service', '工序id', null );
 insert into md_column ( createtime, forlocale, columntype, ts, creator, id, help, sqldatetype, groupid, description, name, incrementseed, incrementstep, defaultvalue, modifytime, dr, tenantid, columnlength, resid, pkey, nullable, isactive, modifier, columnsequence, identitied, versiontype, tableid, displayname, precise ) values ( null, 'N', 0, '2019-02-14 17:44:27', null, 'bill_service@@@procedurename', null, 'varchar', null, null, 'procedurename', null, null, null, null, 0, null, 50, null, 'N', 'Y', 'Y', null, 20, null, 0, 'bill_service', '工序名称', null );
 insert into md_column ( createtime, forlocale, columntype, ts, creator, id, help, sqldatetype, groupid, description, name, incrementseed, incrementstep, defaultvalue, modifytime, dr, tenantid, columnlength, resid, pkey, nullable, isactive, modifier, columnsequence, identitied, versiontype, tableid, displayname, precise ) values ( null, 'N', 0, '2019-02-14 17:44:27', null, 'bill_service@@@servername', null, 'varchar', null, null, 'servername', null, null, null, null, 0, null, 50, null, 'N', 'Y', 'Y', null, 21, null, 0, 'bill_service', '客服', null );
 insert into md_column ( createtime, forlocale, columntype, ts, creator, id, help, sqldatetype, groupid, description, name, incrementseed, incrementstep, defaultvalue, modifytime, dr, tenantid, columnlength, resid, pkey, nullable, isactive, modifier, columnsequence, identitied, versiontype, tableid, displayname, precise ) values ( null, 'N', 0, '2019-02-14 17:44:27', null, 'bill_service@@@serverid', null, 'varchar', null, null, 'serverid', null, null, null, null, 0, null, 50, null, 'N', 'Y', 'Y', null, 22, null, 0, 'bill_service', '客服id', null );
 insert into md_column ( createtime, forlocale, columntype, ts, creator, id, help, sqldatetype, groupid, description, name, incrementseed, incrementstep, defaultvalue, modifytime, dr, tenantid, columnlength, resid, pkey, nullable, isactive, modifier, columnsequence, identitied, versiontype, tableid, displayname, precise ) values ( null, 'N', 0, '2019-02-14 17:44:27', null, 'bill_service@@@serverstate', null, 'int', null, null, 'serverstate', null, null, null, null, 0, null, null, null, 'N', 'Y', 'Y', null, 23, null, 0, 'bill_service', '客服状态', null );
 insert into md_column ( createtime, forlocale, columntype, ts, creator, id, help, sqldatetype, groupid, description, name, incrementseed, incrementstep, defaultvalue, modifytime, dr, tenantid, columnlength, resid, pkey, nullable, isactive, modifier, columnsequence, identitied, versiontype, tableid, displayname, precise ) values ( null, 'N', 0, '2019-02-14 17:44:27', null, 'bill_service@@@surveyname', null, 'varchar', null, null, 'surveyname', null, null, null, null, 0, null, 50, null, 'N', 'Y', 'Y', null, 24, null, 0, 'bill_service', '勘察', null );
 insert into md_column ( createtime, forlocale, columntype, ts, creator, id, help, sqldatetype, groupid, description, name, incrementseed, incrementstep, defaultvalue, modifytime, dr, tenantid, columnlength, resid, pkey, nullable, isactive, modifier, columnsequence, identitied, versiontype, tableid, displayname, precise ) values ( null, 'N', 0, '2019-02-14 17:44:27', null, 'bill_service@@@surveyid', null, 'varchar', null, null, 'surveyid', null, null, null, null, 0, null, 50, null, 'N', 'Y', 'Y', null, 25, null, 0, 'bill_service', '勘察id', null );
 insert into md_column ( createtime, forlocale, columntype, ts, creator, id, help, sqldatetype, groupid, description, name, incrementseed, incrementstep, defaultvalue, modifytime, dr, tenantid, columnlength, resid, pkey, nullable, isactive, modifier, columnsequence, identitied, versiontype, tableid, displayname, precise ) values ( null, 'N', 0, '2019-02-14 17:44:27', null, 'bill_service@@@surveystate', null, 'int', null, null, 'surveystate', null, null, null, null, 0, null, null, null, 'N', 'Y', 'Y', null, 26, null, 0, 'bill_service', '勘察状态', null );
 insert into md_column ( createtime, forlocale, columntype, ts, creator, id, help, sqldatetype, groupid, description, name, incrementseed, incrementstep, defaultvalue, modifytime, dr, tenantid, columnlength, resid, pkey, nullable, isactive, modifier, columnsequence, identitied, versiontype, tableid, displayname, precise ) values ( null, 'N', 0, '2019-02-14 17:44:27', null, 'bill_service@@@constructionname', null, 'varchar', null, null, 'constructionname', null, null, null, null, 0, null, 50, null, 'N', 'Y', 'Y', null, 27, null, 0, 'bill_service', '工队', null );
 insert into md_column ( createtime, forlocale, columntype, ts, creator, id, help, sqldatetype, groupid, description, name, incrementseed, incrementstep, defaultvalue, modifytime, dr, tenantid, columnlength, resid, pkey, nullable, isactive, modifier, columnsequence, identitied, versiontype, tableid, displayname, precise ) values ( null, 'N', 0, '2019-02-14 17:44:27', null, 'bill_service@@@constructionid', null, 'varchar', null, null, 'constructionid', null, null, null, null, 0, null, 50, null, 'N', 'Y', 'Y', null, 28, null, 0, 'bill_service', '工队id', null );
 insert into md_column ( createtime, forlocale, columntype, ts, creator, id, help, sqldatetype, groupid, description, name, incrementseed, incrementstep, defaultvalue, modifytime, dr, tenantid, columnlength, resid, pkey, nullable, isactive, modifier, columnsequence, identitied, versiontype, tableid, displayname, precise ) values ( null, 'N', 0, '2019-02-14 17:44:27', null, 'bill_service@@@constructionstate', null, 'int', null, null, 'constructionstate', null, null, null, null, 0, null, null, null, 'N', 'Y', 'Y', null, 29, null, 0, 'bill_service', '工人状态', null );
 insert into md_column ( createtime, forlocale, columntype, ts, creator, id, help, sqldatetype, groupid, description, name, incrementseed, incrementstep, defaultvalue, modifytime, dr, tenantid, columnlength, resid, pkey, nullable, isactive, modifier, columnsequence, identitied, versiontype, tableid, displayname, precise ) values ( null, 'N', 0, '2019-02-14 17:44:27', null, 'bill_service@@@supervisor', null, 'varchar', null, null, 'supervisor', null, null, null, null, 0, null, 50, null, 'N', 'Y', 'Y', null, 30, null, 0, 'bill_service', '管家', null );
 insert into md_column ( createtime, forlocale, columntype, ts, creator, id, help, sqldatetype, groupid, description, name, incrementseed, incrementstep, defaultvalue, modifytime, dr, tenantid, columnlength, resid, pkey, nullable, isactive, modifier, columnsequence, identitied, versiontype, tableid, displayname, precise ) values ( null, 'N', 0, '2019-02-14 17:44:27', null, 'bill_service@@@supervisorid', null, 'varchar', null, null, 'supervisorid', null, null, null, null, 0, null, 50, null, 'N', 'Y', 'Y', null, 31, null, 0, 'bill_service', '管家id', null );
 insert into md_column ( createtime, forlocale, columntype, ts, creator, id, help, sqldatetype, groupid, description, name, incrementseed, incrementstep, defaultvalue, modifytime, dr, tenantid, columnlength, resid, pkey, nullable, isactive, modifier, columnsequence, identitied, versiontype, tableid, displayname, precise ) values ( null, 'N', 0, '2019-02-14 17:44:27', null, 'bill_service@@@supervisorstate', null, 'int', null, null, 'supervisorstate', null, null, null, null, 0, null, null, null, 'N', 'Y', 'Y', null, 32, null, 0, 'bill_service', '管家状态', null );
 insert into md_column ( createtime, forlocale, columntype, ts, creator, id, help, sqldatetype, groupid, description, name, incrementseed, incrementstep, defaultvalue, modifytime, dr, tenantid, columnlength, resid, pkey, nullable, isactive, modifier, columnsequence, identitied, versiontype, tableid, displayname, precise ) values ( null, 'N', 0, '2019-02-14 17:44:27', null, 'bill_service@@@note', null, 'varchar', null, null, 'note', null, null, null, null, 0, null, 500, null, 'N', 'Y', 'Y', null, 33, null, 0, 'bill_service', '备注', null );
 insert into md_column ( createtime, forlocale, columntype, ts, creator, id, help, sqldatetype, groupid, description, name, incrementseed, incrementstep, defaultvalue, modifytime, dr, tenantid, columnlength, resid, pkey, nullable, isactive, modifier, columnsequence, identitied, versiontype, tableid, displayname, precise ) values ( null, 'N', 0, '2019-02-14 17:44:27', null, 'bill_service@@@creator', null, 'varchar', null, null, 'creator', null, null, null, null, 0, null, 50, null, 'N', 'Y', 'Y', null, 34, null, 0, 'bill_service', '创建人', null );
 insert into md_column ( createtime, forlocale, columntype, ts, creator, id, help, sqldatetype, groupid, description, name, incrementseed, incrementstep, defaultvalue, modifytime, dr, tenantid, columnlength, resid, pkey, nullable, isactive, modifier, columnsequence, identitied, versiontype, tableid, displayname, precise ) values ( null, 'N', 0, '2019-02-14 17:44:27', null, 'bill_service@@@creatorid', null, 'varchar', null, null, 'creatorid', null, null, null, null, 0, null, 50, null, 'N', 'Y', 'Y', null, 35, null, 0, 'bill_service', '创建人id', null );
 insert into md_column ( createtime, forlocale, columntype, ts, creator, id, help, sqldatetype, groupid, description, name, incrementseed, incrementstep, defaultvalue, modifytime, dr, tenantid, columnlength, resid, pkey, nullable, isactive, modifier, columnsequence, identitied, versiontype, tableid, displayname, precise ) values ( null, 'N', 0, '2019-02-14 17:44:27', null, 'bill_service@@@createtime', null, 'varchar', null, null, 'createtime', null, null, null, null, 0, null, 50, null, 'N', 'Y', 'Y', null, 36, null, 0, 'bill_service', '创建时间', null );
 insert into md_column ( createtime, forlocale, columntype, ts, creator, id, help, sqldatetype, groupid, description, name, incrementseed, incrementstep, defaultvalue, modifytime, dr, tenantid, columnlength, resid, pkey, nullable, isactive, modifier, columnsequence, identitied, versiontype, tableid, displayname, precise ) values ( null, 'N', 0, '2019-02-14 17:44:27', null, 'bill_service@@@modifier', null, 'varchar', null, null, 'modifier', null, null, null, null, 0, null, 50, null, 'N', 'Y', 'Y', null, 37, null, 0, 'bill_service', '修改人', null );
 insert into md_column ( createtime, forlocale, columntype, ts, creator, id, help, sqldatetype, groupid, description, name, incrementseed, incrementstep, defaultvalue, modifytime, dr, tenantid, columnlength, resid, pkey, nullable, isactive, modifier, columnsequence, identitied, versiontype, tableid, displayname, precise ) values ( null, 'N', 0, '2019-02-14 17:44:27', null, 'bill_service@@@modifierid', null, 'varchar', null, null, 'modifierid', null, null, null, null, 0, null, 50, null, 'N', 'Y', 'Y', null, 38, null, 0, 'bill_service', '修改人id', null );
 insert into md_column ( createtime, forlocale, columntype, ts, creator, id, help, sqldatetype, groupid, description, name, incrementseed, incrementstep, defaultvalue, modifytime, dr, tenantid, columnlength, resid, pkey, nullable, isactive, modifier, columnsequence, identitied, versiontype, tableid, displayname, precise ) values ( null, 'N', 0, '2019-02-14 17:44:27', null, 'bill_service@@@modifytime', null, 'varchar', null, null, 'modifytime', null, null, null, null, 0, null, 50, null, 'N', 'Y', 'Y', null, 39, null, 0, 'bill_service', '修改时间', null );
 insert into md_column ( createtime, forlocale, columntype, ts, creator, id, help, sqldatetype, groupid, description, name, incrementseed, incrementstep, defaultvalue, modifytime, dr, tenantid, columnlength, resid, pkey, nullable, isactive, modifier, columnsequence, identitied, versiontype, tableid, displayname, precise ) values ( null, 'N', 0, '2019-02-14 17:44:27', null, 'bill_service@@@servicecharge', null, 'decimal', null, null, 'servicecharge', null, null, null, null, 0, null, 28, null, 'N', 'Y', 'Y', null, 41, null, 0, 'bill_service', '服务费', 8 );
 insert into md_column ( createtime, forlocale, columntype, ts, creator, id, help, sqldatetype, groupid, description, name, incrementseed, incrementstep, defaultvalue, modifytime, dr, tenantid, columnlength, resid, pkey, nullable, isactive, modifier, columnsequence, identitied, versiontype, tableid, displayname, precise ) values ( null, 'N', 0, '2019-02-14 17:44:27', null, 'bill_service@@@materialcosts', null, 'decimal', null, null, 'materialcosts', null, null, null, null, 0, null, 28, null, 'N', 'Y', 'Y', null, 42, null, 0, 'bill_service', '材料费', 8 );
 insert into md_column ( createtime, forlocale, columntype, ts, creator, id, help, sqldatetype, groupid, description, name, incrementseed, incrementstep, defaultvalue, modifytime, dr, tenantid, columnlength, resid, pkey, nullable, isactive, modifier, columnsequence, identitied, versiontype, tableid, displayname, precise ) values ( null, 'N', 0, '2019-02-14 17:44:27', null, 'bill_service@@@orgstate', null, 'int', null, '运营中心是否给区域运营商结算的状态', 'orgstate', null, null, null, null, 0, null, null, null, 'N', 'Y', 'Y', null, 43, null, 0, 'bill_service', '运营中心结算状态', null );
 insert into md_column ( createtime, forlocale, columntype, ts, creator, id, help, sqldatetype, groupid, description, name, incrementseed, incrementstep, defaultvalue, modifytime, dr, tenantid, columnlength, resid, pkey, nullable, isactive, modifier, columnsequence, identitied, versiontype, tableid, displayname, precise ) values ( null, 'N', 0, '2019-02-14 17:44:27', null, 'bill_service@@@agentstate', null, 'int', null, '区域运营商是否给工队结算的状态', 'agentstate', null, null, null, null, 0, null, null, null, 'N', 'Y', 'Y', null, 44, null, 0, 'bill_service', '区域运营商结算状态', null );
 insert into md_column ( createtime, forlocale, columntype, ts, creator, id, help, sqldatetype, groupid, description, name, incrementseed, incrementstep, defaultvalue, modifytime, dr, tenantid, columnlength, resid, pkey, nullable, isactive, modifier, columnsequence, identitied, versiontype, tableid, displayname, precise ) values ( null, 'N', 0, '2019-02-14 17:44:27', null, 'bill_service_procedure@@PK@@', null, 'char', null, null, 'billbid', null, null, null, null, 0, null, 36, null, 'Y', 'N', 'Y', null, 0, null, 0, 'bill_service_procedure', '主键', null );
 insert into md_column ( createtime, forlocale, columntype, ts, creator, id, help, sqldatetype, groupid, description, name, incrementseed, incrementstep, defaultvalue, modifytime, dr, tenantid, columnlength, resid, pkey, nullable, isactive, modifier, columnsequence, identitied, versiontype, tableid, displayname, precise ) values ( null, 'N', 0, '2019-02-14 17:44:27', null, 'bill_service_procedure@@@billid', null, 'varchar', null, null, 'billid', null, null, null, null, 0, null, 50, null, 'N', 'Y', 'Y', null, 1, null, 0, 'bill_service_procedure', '主表主键', null );
 insert into md_column ( createtime, forlocale, columntype, ts, creator, id, help, sqldatetype, groupid, description, name, incrementseed, incrementstep, defaultvalue, modifytime, dr, tenantid, columnlength, resid, pkey, nullable, isactive, modifier, columnsequence, identitied, versiontype, tableid, displayname, precise ) values ( null, 'N', 0, '2019-02-14 17:44:27', null, 'bill_service_procedure@@@type', null, 'varchar', null, null, 'type', null, null, null, null, 0, null, 50, null, 'N', 'Y', 'Y', null, 2, null, 0, 'bill_service_procedure', '工序类型', null );
 insert into md_column ( createtime, forlocale, columntype, ts, creator, id, help, sqldatetype, groupid, description, name, incrementseed, incrementstep, defaultvalue, modifytime, dr, tenantid, columnlength, resid, pkey, nullable, isactive, modifier, columnsequence, identitied, versiontype, tableid, displayname, precise ) values ( null, 'N', 0, '2019-02-14 17:44:27', null, 'bill_service_procedure@@@itemid', null, 'varchar', null, null, 'itemid', null, null, null, null, 0, null, 50, null, 'N', 'Y', 'Y', null, 3, null, 0, 'bill_service_procedure', '工序id', null );
 insert into md_column ( createtime, forlocale, columntype, ts, creator, id, help, sqldatetype, groupid, description, name, incrementseed, incrementstep, defaultvalue, modifytime, dr, tenantid, columnlength, resid, pkey, nullable, isactive, modifier, columnsequence, identitied, versiontype, tableid, displayname, precise ) values ( null, 'N', 0, '2019-02-14 17:44:27', null, 'bill_service_procedure@@@itemname', null, 'varchar', null, null, 'itemname', null, null, null, null, 0, null, 50, null, 'N', 'Y', 'Y', null, 4, null, 0, 'bill_service_procedure', '工序名称', null );
 insert into md_column ( createtime, forlocale, columntype, ts, creator, id, help, sqldatetype, groupid, description, name, incrementseed, incrementstep, defaultvalue, modifytime, dr, tenantid, columnlength, resid, pkey, nullable, isactive, modifier, columnsequence, identitied, versiontype, tableid, displayname, precise ) values ( null, 'N', 0, '2019-02-14 17:44:27', null, 'bill_service_procedure@@@itemorder', null, 'varchar', null, null, 'itemorder', null, null, null, null, 0, null, 50, null, 'N', 'Y', 'Y', null, 5, null, 0, 'bill_service_procedure', '序号', null );
 insert into md_column ( createtime, forlocale, columntype, ts, creator, id, help, sqldatetype, groupid, description, name, incrementseed, incrementstep, defaultvalue, modifytime, dr, tenantid, columnlength, resid, pkey, nullable, isactive, modifier, columnsequence, identitied, versiontype, tableid, displayname, precise ) values ( null, 'N', 0, '2019-02-14 17:44:27', null, 'bill_service_procedure@@@formid', null, 'varchar', null, null, 'formid', null, null, null, null, 0, null, 50, null, 'N', 'Y', 'Y', null, 6, null, 0, 'bill_service_procedure', '表单id', null );
 insert into md_column ( createtime, forlocale, columntype, ts, creator, id, help, sqldatetype, groupid, description, name, incrementseed, incrementstep, defaultvalue, modifytime, dr, tenantid, columnlength, resid, pkey, nullable, isactive, modifier, columnsequence, identitied, versiontype, tableid, displayname, precise ) values ( null, 'N', 0, '2019-02-14 17:44:27', null, 'bill_service_procedure@@@state', null, 'int', null, null, 'state', null, null, null, null, 0, null, null, null, 'N', 'Y', 'Y', null, 7, null, 0, 'bill_service_procedure', '工序状态', null );
 insert into md_column ( createtime, forlocale, columntype, ts, creator, id, help, sqldatetype, groupid, description, name, incrementseed, incrementstep, defaultvalue, modifytime, dr, tenantid, columnlength, resid, pkey, nullable, isactive, modifier, columnsequence, identitied, versiontype, tableid, displayname, precise ) values ( null, 'N', 0, '2019-02-14 17:44:27', null, 'bill_service_procedure@@@modifier', null, 'varchar', null, null, 'modifier', null, null, null, null, 0, null, 50, null, 'N', 'Y', 'Y', null, 8, null, 0, 'bill_service_procedure', '修改人', null );
 insert into md_column ( createtime, forlocale, columntype, ts, creator, id, help, sqldatetype, groupid, description, name, incrementseed, incrementstep, defaultvalue, modifytime, dr, tenantid, columnlength, resid, pkey, nullable, isactive, modifier, columnsequence, identitied, versiontype, tableid, displayname, precise ) values ( null, 'N', 0, '2019-02-14 17:44:27', null, 'bill_service_procedure@@@modifierid', null, 'varchar', null, null, 'modifierid', null, null, null, null, 0, null, 50, null, 'N', 'Y', 'Y', null, 9, null, 0, 'bill_service_procedure', '修改人id', null );
 insert into md_column ( createtime, forlocale, columntype, ts, creator, id, help, sqldatetype, groupid, description, name, incrementseed, incrementstep, defaultvalue, modifytime, dr, tenantid, columnlength, resid, pkey, nullable, isactive, modifier, columnsequence, identitied, versiontype, tableid, displayname, precise ) values ( null, 'N', 0, '2019-02-14 17:44:27', null, 'bill_service_procedure@@@modifytime', null, 'varchar', null, null, 'modifytime', null, null, null, null, 0, null, 50, null, 'N', 'Y', 'Y', null, 10, null, 0, 'bill_service_procedure', '修改时间', null );
 insert into md_column ( createtime, forlocale, columntype, ts, creator, id, help, sqldatetype, groupid, description, name, incrementseed, incrementstep, defaultvalue, modifytime, dr, tenantid, columnlength, resid, pkey, nullable, isactive, modifier, columnsequence, identitied, versiontype, tableid, displayname, precise ) values ( null, 'N', 0, '2019-02-14 17:44:27', null, 'bill_service_procedure@@@orderid', null, 'varchar', null, null, 'orderid', null, null, null, null, 0, null, 50, null, 'N', 'Y', 'Y', null, 11, null, 0, 'bill_service_procedure', '订单id', null );
 insert into md_column ( createtime, forlocale, columntype, ts, creator, id, help, sqldatetype, groupid, description, name, incrementseed, incrementstep, defaultvalue, modifytime, dr, tenantid, columnlength, resid, pkey, nullable, isactive, modifier, columnsequence, identitied, versiontype, tableid, displayname, precise ) values ( null, 'N', 0, '2019-02-14 17:44:27', null, 'bill_service_procedure@@@fk_id_serviceprocedure', null, 'char', null, null, 'fk_id_serviceprocedure', null, null, null, null, 0, null, 36, '2UC000-000003', 'N', 'N', 'Y', null, null, null, 0, 'bill_service_procedure', '工程服务_主键', 0 );
 insert into md_ormap ( tenantid, ts, columnid, classid, tableid, attributeid, dr ) values ( null, '2019-02-14 17:44:27', 'bill_service_procedure@@@modifytime', '04a35425-73bb-4392-81e3-3d56ccd3b57a', 'bill_service_procedure', 'f7760a18-c31c-4cbf-8de4-de17237b1070', 0 );
 insert into md_ormap ( tenantid, ts, columnid, classid, tableid, attributeid, dr ) values ( null, '2019-02-14 17:44:27', 'bill_service@@@constructionid', 'a40f65b2-26a5-4729-b06e-8f3efb39630b', 'bill_service', '63ba2498-8e62-46fd-a385-12743df09183', 0 );
 insert into md_ormap ( tenantid, ts, columnid, classid, tableid, attributeid, dr ) values ( null, '2019-02-14 17:44:27', 'bill_service@@@paystate', 'a40f65b2-26a5-4729-b06e-8f3efb39630b', 'bill_service', '62697113-348c-49bd-a1b6-c535e78d2fa5', 0 );
 insert into md_ormap ( tenantid, ts, columnid, classid, tableid, attributeid, dr ) values ( null, '2019-02-14 17:44:27', 'bill_service@@@vbillcode', 'a40f65b2-26a5-4729-b06e-8f3efb39630b', 'bill_service', 'd5477a64-05f4-470d-b260-d7eb2b2dbdbb', 0 );
 insert into md_ormap ( tenantid, ts, columnid, classid, tableid, attributeid, dr ) values ( null, '2019-02-14 17:44:27', 'bill_service@@@houseid', 'a40f65b2-26a5-4729-b06e-8f3efb39630b', 'bill_service', '4dfeeb7b-8fa9-47ef-ba84-2ac9a4e78b74', 0 );
 insert into md_ormap ( tenantid, ts, columnid, classid, tableid, attributeid, dr ) values ( null, '2019-02-14 17:44:27', 'bill_service@@@createtime', 'a40f65b2-26a5-4729-b06e-8f3efb39630b', 'bill_service', 'd6b9a29b-3685-4826-b623-a20a09c8241e', 0 );
 insert into md_ormap ( tenantid, ts, columnid, classid, tableid, attributeid, dr ) values ( null, '2019-02-14 17:44:27', 'bill_service@@@customerid', 'a40f65b2-26a5-4729-b06e-8f3efb39630b', 'bill_service', '039e273a-e4f3-4cad-9026-fbe77fb265cb', 0 );
 insert into md_ormap ( tenantid, ts, columnid, classid, tableid, attributeid, dr ) values ( null, '2019-02-14 17:44:27', 'bill_service@@@paidamount', 'a40f65b2-26a5-4729-b06e-8f3efb39630b', 'bill_service', 'f318dc0e-38ef-492f-be25-dec64eb96ec7', 0 );
 insert into md_ormap ( tenantid, ts, columnid, classid, tableid, attributeid, dr ) values ( null, '2019-02-14 17:44:27', 'bill_service@@@serverid', 'a40f65b2-26a5-4729-b06e-8f3efb39630b', 'bill_service', 'fd9000bf-41b7-4a27-8aef-3d77b404ce73', 0 );
 insert into md_ormap ( tenantid, ts, columnid, classid, tableid, attributeid, dr ) values ( null, '2019-02-14 17:44:27', 'bill_service@@@agentstate', 'a40f65b2-26a5-4729-b06e-8f3efb39630b', 'bill_service', '601203c9-18e7-472c-88b2-c6aaf939cb84', 0 );
 insert into md_ormap ( tenantid, ts, columnid, classid, tableid, attributeid, dr ) values ( null, '2019-02-14 17:44:27', 'bill_service@@@agentid', 'a40f65b2-26a5-4729-b06e-8f3efb39630b', 'bill_service', '90f07146-93fc-4bba-813f-e5c539e91728', 0 );
 insert into md_ormap ( tenantid, ts, columnid, classid, tableid, attributeid, dr ) values ( null, '2019-02-14 17:44:27', 'bill_service_procedure@@@itemname', '04a35425-73bb-4392-81e3-3d56ccd3b57a', 'bill_service_procedure', '5d1d92d3-c775-4399-a04b-fe5fa75f8c07', 0 );
 insert into md_ormap ( tenantid, ts, columnid, classid, tableid, attributeid, dr ) values ( null, '2019-02-14 17:44:27', 'bill_service_procedure@@PK@@', '04a35425-73bb-4392-81e3-3d56ccd3b57a', 'bill_service_procedure', '81aeec23-97a9-44d0-95a5-dbce226ab35b', 0 );
 insert into md_ormap ( tenantid, ts, columnid, classid, tableid, attributeid, dr ) values ( null, '2019-02-14 17:44:27', 'bill_service_procedure@@@formid', '04a35425-73bb-4392-81e3-3d56ccd3b57a', 'bill_service_procedure', '58beeb30-c1a1-40f9-8f6e-88c00f38420a', 0 );
 insert into md_ormap ( tenantid, ts, columnid, classid, tableid, attributeid, dr ) values ( null, '2019-02-14 17:44:27', 'bill_service_procedure@@@orderid', '04a35425-73bb-4392-81e3-3d56ccd3b57a', 'bill_service_procedure', 'fcabbaf7-1892-4113-905d-5ccf5fd13d33', 0 );
 insert into md_ormap ( tenantid, ts, columnid, classid, tableid, attributeid, dr ) values ( null, '2019-02-14 17:44:27', 'bill_service_procedure@@@itemorder', '04a35425-73bb-4392-81e3-3d56ccd3b57a', 'bill_service_procedure', '3f501164-efcd-403b-82a1-b04d60f72a1e', 0 );
 insert into md_ormap ( tenantid, ts, columnid, classid, tableid, attributeid, dr ) values ( null, '2019-02-14 17:44:27', 'bill_service@@@agentname', 'a40f65b2-26a5-4729-b06e-8f3efb39630b', 'bill_service', '566a513b-45ec-44d7-a162-bdb62679bdb1', 0 );
 insert into md_ormap ( tenantid, ts, columnid, classid, tableid, attributeid, dr ) values ( null, '2019-02-14 17:44:27', 'bill_service_procedure@@@fk_id_serviceprocedure', 'a40f65b2-26a5-4729-b06e-8f3efb39630b', 'bill_service_procedure', '00211f3c-721a-4b27-9e95-2d39cc328a5d', 0 );
 insert into md_ormap ( tenantid, ts, columnid, classid, tableid, attributeid, dr ) values ( null, '2019-02-14 17:44:27', 'bill_service@@@enddate', 'a40f65b2-26a5-4729-b06e-8f3efb39630b', 'bill_service', '7f5d09c4-7035-468d-a2dc-01ba22bab638', 0 );
 insert into md_ormap ( tenantid, ts, columnid, classid, tableid, attributeid, dr ) values ( null, '2019-02-14 17:44:27', 'bill_service@@@servicecharge', 'a40f65b2-26a5-4729-b06e-8f3efb39630b', 'bill_service', 'a5ab3b75-ca60-42f8-b182-2e8dd5ecb3e1', 0 );
 insert into md_ormap ( tenantid, ts, columnid, classid, tableid, attributeid, dr ) values ( null, '2019-02-14 17:44:27', 'bill_service@@@modifytime', 'a40f65b2-26a5-4729-b06e-8f3efb39630b', 'bill_service', '8928c4a6-2f16-42dd-a40c-87f9f9f480f8', 0 );
 insert into md_ormap ( tenantid, ts, columnid, classid, tableid, attributeid, dr ) values ( null, '2019-02-14 17:44:27', 'bill_service@@@totalamount', 'a40f65b2-26a5-4729-b06e-8f3efb39630b', 'bill_service', '803bdee1-8096-45e4-8e19-b17df246792e', 0 );
 insert into md_ormap ( tenantid, ts, columnid, classid, tableid, attributeid, dr ) values ( null, '2019-02-14 17:44:27', 'bill_service_procedure@@@modifier', '04a35425-73bb-4392-81e3-3d56ccd3b57a', 'bill_service_procedure', '9f82047f-072d-45b1-8e4f-49af5b11d1b8', 0 );
 insert into md_ormap ( tenantid, ts, columnid, classid, tableid, attributeid, dr ) values ( null, '2019-02-14 17:44:27', 'bill_service_procedure@@@itemid', '04a35425-73bb-4392-81e3-3d56ccd3b57a', 'bill_service_procedure', '528c4b09-233c-49f8-9414-7200e322ce09', 0 );
 insert into md_ormap ( tenantid, ts, columnid, classid, tableid, attributeid, dr ) values ( null, '2019-02-14 17:44:27', 'bill_service_procedure@@@modifierid', '04a35425-73bb-4392-81e3-3d56ccd3b57a', 'bill_service_procedure', '47c28e66-bfad-43cb-9414-1f5c235e5706', 0 );
 insert into md_ormap ( tenantid, ts, columnid, classid, tableid, attributeid, dr ) values ( null, '2019-02-14 17:44:27', 'bill_service@@@procedurename', 'a40f65b2-26a5-4729-b06e-8f3efb39630b', 'bill_service', 'a3eec0e6-b362-4db3-9951-2fdf75f0694a', 0 );
 insert into md_ormap ( tenantid, ts, columnid, classid, tableid, attributeid, dr ) values ( null, '2019-02-14 17:44:27', 'bill_service@@@planneddate', 'a40f65b2-26a5-4729-b06e-8f3efb39630b', 'bill_service', '8297c624-1f57-4259-83ae-c5d54ac7b973', 0 );
 insert into md_ormap ( tenantid, ts, columnid, classid, tableid, attributeid, dr ) values ( null, '2019-02-14 17:44:27', 'bill_service_procedure@@@state', '04a35425-73bb-4392-81e3-3d56ccd3b57a', 'bill_service_procedure', '8fd618c6-8e84-4401-a9a2-57a19c261ba1', 0 );
 insert into md_ormap ( tenantid, ts, columnid, classid, tableid, attributeid, dr ) values ( null, '2019-02-14 17:44:27', 'bill_service@@@note', 'a40f65b2-26a5-4729-b06e-8f3efb39630b', 'bill_service', '3a800284-a0cb-4f79-bdba-79c2eb525993', 0 );
 insert into md_ormap ( tenantid, ts, columnid, classid, tableid, attributeid, dr ) values ( null, '2019-02-14 17:44:27', 'bill_service@@@dealid', 'a40f65b2-26a5-4729-b06e-8f3efb39630b', 'bill_service', 'a9404990-5f05-46bd-93cc-86c5b7494b9a', 0 );
 insert into md_ormap ( tenantid, ts, columnid, classid, tableid, attributeid, dr ) values ( null, '2019-02-14 17:44:27', 'bill_service@@@surveystate', 'a40f65b2-26a5-4729-b06e-8f3efb39630b', 'bill_service', '5afe49ad-788d-4aa5-acf6-d97da37d1d02', 0 );
 insert into md_ormap ( tenantid, ts, columnid, classid, tableid, attributeid, dr ) values ( null, '2019-02-14 17:44:27', 'bill_service@@@servicestate', 'a40f65b2-26a5-4729-b06e-8f3efb39630b', 'bill_service', '18089506-01ea-4d95-ab1c-72f27fb6a298', 0 );
 insert into md_ormap ( tenantid, ts, columnid, classid, tableid, attributeid, dr ) values ( null, '2019-02-14 17:44:27', 'bill_service@@@constructionname', 'a40f65b2-26a5-4729-b06e-8f3efb39630b', 'bill_service', '8a1a7213-c2ff-419d-bf52-581e01d640ac', 0 );
 insert into md_ormap ( tenantid, ts, columnid, classid, tableid, attributeid, dr ) values ( null, '2019-02-14 17:44:27', 'bill_service@@@orgstate', 'a40f65b2-26a5-4729-b06e-8f3efb39630b', 'bill_service', 'ffbddedf-c51a-42da-9d10-2d3facd4ae63', 0 );
 insert into md_ormap ( tenantid, ts, columnid, classid, tableid, attributeid, dr ) values ( null, '2019-02-14 17:44:27', 'bill_service@@@orgname', 'a40f65b2-26a5-4729-b06e-8f3efb39630b', 'bill_service', '1196cf13-0bd1-4daf-b509-0a470cc68d2b', 0 );
 insert into md_ormap ( tenantid, ts, columnid, classid, tableid, attributeid, dr ) values ( null, '2019-02-14 17:44:27', 'bill_service@@@materialcosts', 'a40f65b2-26a5-4729-b06e-8f3efb39630b', 'bill_service', '90306b23-4883-47e2-86f6-2a27cd2dcf00', 0 );
 insert into md_ormap ( tenantid, ts, columnid, classid, tableid, attributeid, dr ) values ( null, '2019-02-14 17:44:27', 'bill_service@@@supervisorstate', 'a40f65b2-26a5-4729-b06e-8f3efb39630b', 'bill_service', '78c13f88-6171-45cf-abbe-49715cf4984c', 0 );
 insert into md_ormap ( tenantid, ts, columnid, classid, tableid, attributeid, dr ) values ( null, '2019-02-14 17:44:27', 'bill_service@@PK@@', 'a40f65b2-26a5-4729-b06e-8f3efb39630b', 'bill_service', '846bed1c-f290-4ac4-a39d-0cf6e753f10e', 0 );
 insert into md_ormap ( tenantid, ts, columnid, classid, tableid, attributeid, dr ) values ( null, '2019-02-14 17:44:27', 'bill_service@@@constructionstate', 'a40f65b2-26a5-4729-b06e-8f3efb39630b', 'bill_service', '815731c4-823e-4e76-a2f5-0c55307d8017', 0 );
 insert into md_ormap ( tenantid, ts, columnid, classid, tableid, attributeid, dr ) values ( null, '2019-02-14 17:44:27', 'bill_service@@@startdate', 'a40f65b2-26a5-4729-b06e-8f3efb39630b', 'bill_service', 'c4ca823f-4d21-4b5a-bcff-4d5cdfff4688', 0 );
 insert into md_ormap ( tenantid, ts, columnid, classid, tableid, attributeid, dr ) values ( null, '2019-02-14 17:44:27', 'bill_service@@@surveyname', 'a40f65b2-26a5-4729-b06e-8f3efb39630b', 'bill_service', '237b0c73-ce01-4dd9-a4ef-5493a61dd395', 0 );
 insert into md_ormap ( tenantid, ts, columnid, classid, tableid, attributeid, dr ) values ( null, '2019-02-14 17:44:27', 'bill_service@@@creator', 'a40f65b2-26a5-4729-b06e-8f3efb39630b', 'bill_service', '08fb2b74-1bff-4e85-b0e5-9143a1b926ad', 0 );
 insert into md_ormap ( tenantid, ts, columnid, classid, tableid, attributeid, dr ) values ( null, '2019-02-14 17:44:27', 'bill_service@@@surveyid', 'a40f65b2-26a5-4729-b06e-8f3efb39630b', 'bill_service', 'a30378a4-cc93-4158-bf0d-bed12d22ed0f', 0 );
 insert into md_ormap ( tenantid, ts, columnid, classid, tableid, attributeid, dr ) values ( null, '2019-02-14 17:44:27', 'bill_service@@@creatorid', 'a40f65b2-26a5-4729-b06e-8f3efb39630b', 'bill_service', 'db814e41-fcc3-4c3c-8cfe-a2ee1219c16f', 0 );
 insert into md_ormap ( tenantid, ts, columnid, classid, tableid, attributeid, dr ) values ( null, '2019-02-14 17:44:27', 'bill_service@@@dbilldate', 'a40f65b2-26a5-4729-b06e-8f3efb39630b', 'bill_service', '71320d47-2cf2-42de-ae93-730bb99d116c', 0 );
 insert into md_ormap ( tenantid, ts, columnid, classid, tableid, attributeid, dr ) values ( null, '2019-02-14 17:44:27', 'bill_service@@@supervisorid', 'a40f65b2-26a5-4729-b06e-8f3efb39630b', 'bill_service', '387d9896-c4f1-45cc-a86c-e1344c30ed35', 0 );
 insert into md_ormap ( tenantid, ts, columnid, classid, tableid, attributeid, dr ) values ( null, '2019-02-14 17:44:27', 'bill_service@@@modifierid', 'a40f65b2-26a5-4729-b06e-8f3efb39630b', 'bill_service', 'fb8db65c-d449-41bb-af3e-b6ce6580822f', 0 );
 insert into md_ormap ( tenantid, ts, columnid, classid, tableid, attributeid, dr ) values ( null, '2019-02-14 17:44:27', 'bill_service@@@supervisor', 'a40f65b2-26a5-4729-b06e-8f3efb39630b', 'bill_service', '5b659e54-fc71-4283-8184-20588e947e4a', 0 );
 insert into md_ormap ( tenantid, ts, columnid, classid, tableid, attributeid, dr ) values ( null, '2019-02-14 17:44:27', 'bill_service_procedure@@@type', '04a35425-73bb-4392-81e3-3d56ccd3b57a', 'bill_service_procedure', '5887f443-614f-4ab5-8a25-bc6267897cf7', 0 );
 insert into md_ormap ( tenantid, ts, columnid, classid, tableid, attributeid, dr ) values ( null, '2019-02-14 17:44:27', 'bill_service@@@servername', 'a40f65b2-26a5-4729-b06e-8f3efb39630b', 'bill_service', 'ef971a0a-bb63-4722-a1d0-39177950f0e6', 0 );
 insert into md_ormap ( tenantid, ts, columnid, classid, tableid, attributeid, dr ) values ( null, '2019-02-14 17:44:27', 'bill_service_procedure@@@billid', '04a35425-73bb-4392-81e3-3d56ccd3b57a', 'bill_service_procedure', 'fad2f897-b1a0-4a5f-bd72-de0729ceeff4', 0 );
 insert into md_ormap ( tenantid, ts, columnid, classid, tableid, attributeid, dr ) values ( null, '2019-02-14 17:44:27', 'bill_service@@@contractstate', 'a40f65b2-26a5-4729-b06e-8f3efb39630b', 'bill_service', '4711e764-5852-4147-9dfe-a130ed742621', 0 );
 insert into md_ormap ( tenantid, ts, columnid, classid, tableid, attributeid, dr ) values ( null, '2019-02-14 17:44:27', 'bill_service@@@materialstate', 'a40f65b2-26a5-4729-b06e-8f3efb39630b', 'bill_service', '91829b31-26e1-488d-b545-9b52d042722f', 0 );
 insert into md_ormap ( tenantid, ts, columnid, classid, tableid, attributeid, dr ) values ( null, '2019-02-14 17:44:27', 'bill_service@@@modifier', 'a40f65b2-26a5-4729-b06e-8f3efb39630b', 'bill_service', 'd31ba3a7-64b8-4040-ab7d-a04169716515', 0 );
 insert into md_ormap ( tenantid, ts, columnid, classid, tableid, attributeid, dr ) values ( null, '2019-02-14 17:44:27', 'bill_service@@@orgid', 'a40f65b2-26a5-4729-b06e-8f3efb39630b', 'bill_service', '83d4191d-a3c3-4ba9-b9df-aea8d9f15a0f', 0 );
 insert into md_ormap ( tenantid, ts, columnid, classid, tableid, attributeid, dr ) values ( null, '2019-02-14 17:44:27', 'bill_service@@@serverstate', 'a40f65b2-26a5-4729-b06e-8f3efb39630b', 'bill_service', '1e65d5da-1177-44f1-b0f5-b7c58d18b435', 0 );
 insert into md_ormap ( tenantid, ts, columnid, classid, tableid, attributeid, dr ) values ( null, '2019-02-14 17:44:27', 'bill_service@@@procedureid', 'a40f65b2-26a5-4729-b06e-8f3efb39630b', 'bill_service', '9366994a-3362-4771-bb16-0d10322f8d40', 0 );
 insert into md_db_relation ( endtableid, isforeignkey, createtime, tenantid, resid, ts, startcardinality, creator, modifier, id, help, endfieldid, starttableid, description, name, asstype, startattrid, versiontype, displayname, modifytime, endcardinality, startfieldid, dr ) values ( 'bill_service', 'Y', null, null, null, '2019-02-14 17:44:27', null, null, null, 'e39f4c3b-7718-4e31-8491-b387021d8754', null, 'bill_service@@PK@@', 'bill_service_procedure', null, 'bill_service_procedure->bill_service', 1, '00211f3c-721a-4b27-9e95-2d39cc328a5d', 0, 'bill_service_procedure->bill_service', null, null, 'bill_service_procedure@@@fk_id_serviceprocedure', 0 );
