--此脚本作为元数据发布时参考使用,以便开发者了解元数据信息在数据库中的记录.
--严禁将此脚本直接或修改后在数据库中执行,如由上述行为引发问题,概不支持.


 delete from md_db_relation where startattrid in ( select id from md_property where classid in ( '3bdd2951-99ed-45a9-9845-305b96f99277', '@@@@' ) and ( versiontype = 0 or versiontype is null ) ) and starttableid in ( 'log_user', '@@@@' );
 delete from md_ormap where ATTRIBUTEID in ( select id from md_property where classid in ( '3bdd2951-99ed-45a9-9845-305b96f99277', '@@@@' ) and ( versiontype = 0 or versiontype is null ) ) and tableid in ( 'log_user', '@@@@' );
 delete from md_table where id not in ( select distinct tableid from md_ormap ) and ( versiontype = 0 or versiontype is null );
 delete from md_column where tableid in ( 'log_user', '@@@@' ) and id not in ( select distinct columnid from md_ormap ) and ( ifnull( groupid, '~' ) = '~' or groupid = id ) and name <> 'extend_bean_tag';
 delete from md_column where tableid in ( 'log_user', '@@@@' ) and groupid is not null and groupid not in ( select distinct t.id from ( select * from md_column ) t where tableid in ( 'log_user', '@@@@' ) );
 delete from md_db_relation where starttableid not in ( select id from md_table );
 delete from md_association where componentID = '9b53e473-c19e-4138-9ef1-9a1b3b70748a' and ( versiontype = 0 or versiontype is null );
 delete from md_property where classID in ( select distinct id from md_class where componentID = '9b53e473-c19e-4138-9ef1-9a1b3b70748a' ) and ( versiontype = 0 or versiontype is null );
 delete from md_bizitfmap where classID in ( select distinct id from md_class where componentID = '9b53e473-c19e-4138-9ef1-9a1b3b70748a' );
 delete from md_bizitfmap where classID in ( select id from md_opinterface where componentID = '9b53e473-c19e-4138-9ef1-9a1b3b70748a' and ( versiontype = 0 or versiontype is null ) );
 delete from md_accessorpara where id in ( select distinct id from md_class where componentID = '9b53e473-c19e-4138-9ef1-9a1b3b70748a' );
 delete from md_enumvalue where id in ( select distinct id from md_class where componentID = '9b53e473-c19e-4138-9ef1-9a1b3b70748a' ) and ( versiontype = 0 or versiontype is null );
 delete from md_class where componentID = '9b53e473-c19e-4138-9ef1-9a1b3b70748a' and ( versiontype = 0 or versiontype is null );
 delete from md_component where id = '9b53e473-c19e-4138-9ef1-9a1b3b70748a' and ( versiontype = 0 or versiontype is null );
 delete from md_table where ( id = 'log_user' );
 delete from md_column where ( id = 'log_user@@PK@@' );
 delete from md_column where ( id = 'log_user@@@userid' );
 delete from md_column where ( id = 'log_user@@@username' );
 delete from md_column where ( id = 'log_user@@@role' );
 delete from md_column where ( id = 'log_user@@@memo' );
 delete from md_column where ( id = 'log_user@@@memotype' );
 delete from md_column where ( id = 'log_user@@@createorid' );
 delete from md_column where ( id = 'log_user@@@createname' );



 insert into md_component ( createtime, tenantid, resid, ts, resmodule, version, namespace, creator, fromsourcebmf, modifier, id, help, description, preload, name, ownmodule, versiontype, displayname, industry, modifytime, isbizmodel, dr ) values ( '2019-06-20 12:02:10', null, null, '2019-06-20 12:24:05', 'log_user', '4', 'dingCMS', null, 'Y', null, '9b53e473-c19e-4138-9ef1-9a1b3b70748a', null, null, null, 'log_user', 'dingCMS', 0, 'log_user', '0', '2019-06-20 12:03:19', 'N', 0 );
 insert into md_class ( modinfoclassname, createtime, parentclassid, ts, userdefclassname, iscreatesql, creator, id, help, bizitfimpclassname, description, name, refmodelname, industry, modifytime, dr, accessorclassname, tenantid, isprimary, resid, isauthen, keyattribute, fullclassname, classtype, returntype, componentid, isactive, modifier, stereotype, isextendbean, defaulttablename, versiontype, displayname, precise, fixedlength ) values ( null, '2019-06-20 12:03:18', null, '2019-06-20 12:24:05', null, 'Y', null, '3bdd2951-99ed-45a9-9845-305b96f99277', null, null, null, 'LogUser', null, '0', '2019-06-20 12:23:49', 0, 'nc.md.model.access.javamap.POJOStyle', null, 'Y', null, 'Y', '66560ec9-5737-4f3d-ada5-04901d977dcb', 'com.ding.cms.entity.LogUser', 201, null, '9b53e473-c19e-4138-9ef1-9a1b3b70748a', null, null, null, null, 'log_user', 0, '用户修改操作日志', null, null );
 insert into md_property ( dynamicattr, createtime, ts, visibility, dynamictable, classid, accesspower, attrmaxvalue, notserialize, creator, calculation, id, help, datatypestyle, description, name, refmodelname, industry, defaultvalue, modifytime, dr, accessorclassname, tenantid, hided, resid, isauthen, attrsequence, nullable, attrminvalue, isactive, attrlength, modifier, datatype, readonly, accesspowergroup, customattr, versiontype, displayname, precise, fixedlength ) values ( 'N', null, '2019-06-20 12:24:05', 0, null, '3bdd2951-99ed-45a9-9845-305b96f99277', 'N', null, 'N', null, 'N', '66560ec9-5737-4f3d-ada5-04901d977dcb', null, 300, null, 'logid', null, '0', null, null, 0, null, null, 'N', null, 'Y', 0, 'N', null, 'Y', 36, null, 'BS000010000100001051', 'N', null, 'N', 0, '主键', null, 'N' );
 insert into md_property ( dynamicattr, createtime, ts, visibility, dynamictable, classid, accesspower, attrmaxvalue, notserialize, creator, calculation, id, help, datatypestyle, description, name, refmodelname, industry, defaultvalue, modifytime, dr, accessorclassname, tenantid, hided, resid, isauthen, attrsequence, nullable, attrminvalue, isactive, attrlength, modifier, datatype, readonly, accesspowergroup, customattr, versiontype, displayname, precise, fixedlength ) values ( 'N', null, '2019-06-20 12:24:05', 0, null, '3bdd2951-99ed-45a9-9845-305b96f99277', 'N', null, 'N', null, 'N', 'b0c1224f-86a5-4051-a03d-b4eb3c0857df', null, 300, null, 'userid', null, '0', null, null, 0, null, null, 'N', null, 'Y', 1, 'Y', null, 'Y', 50, null, 'BS000010000100001001', 'N', null, 'N', 0, '被操作用户主键', null, 'N' );
 insert into md_property ( dynamicattr, createtime, ts, visibility, dynamictable, classid, accesspower, attrmaxvalue, notserialize, creator, calculation, id, help, datatypestyle, description, name, refmodelname, industry, defaultvalue, modifytime, dr, accessorclassname, tenantid, hided, resid, isauthen, attrsequence, nullable, attrminvalue, isactive, attrlength, modifier, datatype, readonly, accesspowergroup, customattr, versiontype, displayname, precise, fixedlength ) values ( 'N', null, '2019-06-20 12:24:05', 0, null, '3bdd2951-99ed-45a9-9845-305b96f99277', 'N', null, 'N', null, 'N', 'a5da9aaf-ef35-4c75-a371-c5512989b0f0', null, 300, null, 'username', null, '0', null, null, 0, null, null, 'N', null, 'Y', 2, 'Y', null, 'Y', 50, null, 'BS000010000100001001', 'N', null, 'N', 0, '被操作人姓名', null, 'N' );
 insert into md_property ( dynamicattr, createtime, ts, visibility, dynamictable, classid, accesspower, attrmaxvalue, notserialize, creator, calculation, id, help, datatypestyle, description, name, refmodelname, industry, defaultvalue, modifytime, dr, accessorclassname, tenantid, hided, resid, isauthen, attrsequence, nullable, attrminvalue, isactive, attrlength, modifier, datatype, readonly, accesspowergroup, customattr, versiontype, displayname, precise, fixedlength ) values ( 'N', null, '2019-06-20 12:24:05', 0, null, '3bdd2951-99ed-45a9-9845-305b96f99277', 'N', null, 'N', null, 'N', 'e35ed011-92b4-4e3c-9aa5-da30e1e2afbc', null, 300, null, 'role', null, '0', null, null, 0, null, null, 'N', null, 'Y', 3, 'Y', null, 'Y', 50, null, 'BS000010000100001001', 'N', null, 'N', 0, '被操作人角色', null, 'N' );
 insert into md_property ( dynamicattr, createtime, ts, visibility, dynamictable, classid, accesspower, attrmaxvalue, notserialize, creator, calculation, id, help, datatypestyle, description, name, refmodelname, industry, defaultvalue, modifytime, dr, accessorclassname, tenantid, hided, resid, isauthen, attrsequence, nullable, attrminvalue, isactive, attrlength, modifier, datatype, readonly, accesspowergroup, customattr, versiontype, displayname, precise, fixedlength ) values ( 'N', null, '2019-06-20 12:24:05', 0, null, '3bdd2951-99ed-45a9-9845-305b96f99277', 'N', null, 'N', null, 'N', '119dc451-ec01-4a6c-9d68-149729264139', null, 300, null, 'memo', null, '0', null, null, 0, null, null, 'N', null, 'Y', 4, 'Y', null, 'Y', 50, null, 'BS000010000100001001', 'N', null, 'N', 0, '操作原因', null, 'N' );
 insert into md_property ( dynamicattr, createtime, ts, visibility, dynamictable, classid, accesspower, attrmaxvalue, notserialize, creator, calculation, id, help, datatypestyle, description, name, refmodelname, industry, defaultvalue, modifytime, dr, accessorclassname, tenantid, hided, resid, isauthen, attrsequence, nullable, attrminvalue, isactive, attrlength, modifier, datatype, readonly, accesspowergroup, customattr, versiontype, displayname, precise, fixedlength ) values ( 'N', null, '2019-06-20 12:24:05', 0, null, '3bdd2951-99ed-45a9-9845-305b96f99277', 'N', null, 'N', null, 'N', '6e95314c-c5a4-4af6-ba84-30c05c232ea0', null, 300, null, 'memotype', null, '0', null, null, 0, null, null, 'N', null, 'Y', 5, 'Y', null, 'Y', 50, null, 'BS000010000100001001', 'N', null, 'N', 0, '原因类型', null, 'N' );
 insert into md_property ( dynamicattr, createtime, ts, visibility, dynamictable, classid, accesspower, attrmaxvalue, notserialize, creator, calculation, id, help, datatypestyle, description, name, refmodelname, industry, defaultvalue, modifytime, dr, accessorclassname, tenantid, hided, resid, isauthen, attrsequence, nullable, attrminvalue, isactive, attrlength, modifier, datatype, readonly, accesspowergroup, customattr, versiontype, displayname, precise, fixedlength ) values ( 'N', null, '2019-06-20 12:24:05', 0, null, '3bdd2951-99ed-45a9-9845-305b96f99277', 'N', null, 'N', null, 'N', '38dff242-1d64-4fcd-9393-938d4ca8cc5f', null, 300, null, 'createorid', null, '0', null, null, 0, null, null, 'N', null, 'Y', 6, 'Y', null, 'Y', 50, null, 'BS000010000100001001', 'N', null, 'N', 0, '操作人', null, 'N' );
 insert into md_property ( dynamicattr, createtime, ts, visibility, dynamictable, classid, accesspower, attrmaxvalue, notserialize, creator, calculation, id, help, datatypestyle, description, name, refmodelname, industry, defaultvalue, modifytime, dr, accessorclassname, tenantid, hided, resid, isauthen, attrsequence, nullable, attrminvalue, isactive, attrlength, modifier, datatype, readonly, accesspowergroup, customattr, versiontype, displayname, precise, fixedlength ) values ( 'N', null, '2019-06-20 12:24:05', 0, null, '3bdd2951-99ed-45a9-9845-305b96f99277', 'N', null, 'N', null, 'N', 'bcfd1b25-9c19-43fc-bf12-e6d04de6f218', null, 300, null, 'createname', null, '0', null, null, 0, null, null, 'N', null, 'Y', 7, 'Y', null, 'Y', 50, null, 'BS000010000100001001', 'N', null, 'N', 0, '操作人姓名', null, 'N' );
 insert into md_table ( createtime, tenantid, resid, ts, isextendtable, resmodule, creator, fromsourcebmf, modifier, id, isactive, help, databaseid, description, name, versiontype, industry, displayname, modifytime, parenttable, dr ) values ( '2019-06-20 12:03:18', null, null, '2019-06-20 12:24:05', 'N', 'log_user', null, 'Y', null, 'log_user', null, null, null, null, 'log_user', 0, '0', '用户修改操作日志', '2019-06-20 12:23:49', null, 0 );
 insert into md_column ( createtime, forlocale, columntype, ts, creator, id, help, sqldatetype, groupid, description, name, incrementseed, incrementstep, defaultvalue, modifytime, dr, tenantid, columnlength, resid, pkey, nullable, isactive, modifier, columnsequence, identitied, versiontype, tableid, displayname, precise ) values ( null, 'N', 0, '2019-06-20 12:24:05', null, 'log_user@@PK@@', null, 'char', null, null, 'logid', null, null, null, null, 0, null, 36, null, 'Y', 'N', 'Y', null, 0, null, 0, 'log_user', '主键', null );
 insert into md_column ( createtime, forlocale, columntype, ts, creator, id, help, sqldatetype, groupid, description, name, incrementseed, incrementstep, defaultvalue, modifytime, dr, tenantid, columnlength, resid, pkey, nullable, isactive, modifier, columnsequence, identitied, versiontype, tableid, displayname, precise ) values ( null, 'N', 0, '2019-06-20 12:24:05', null, 'log_user@@@userid', null, 'varchar', null, null, 'userid', null, null, null, null, 0, null, 50, null, 'N', 'Y', 'Y', null, 1, null, 0, 'log_user', '被操作用户主键', null );
 insert into md_column ( createtime, forlocale, columntype, ts, creator, id, help, sqldatetype, groupid, description, name, incrementseed, incrementstep, defaultvalue, modifytime, dr, tenantid, columnlength, resid, pkey, nullable, isactive, modifier, columnsequence, identitied, versiontype, tableid, displayname, precise ) values ( null, 'N', 0, '2019-06-20 12:24:05', null, 'log_user@@@username', null, 'varchar', null, null, 'username', null, null, null, null, 0, null, 50, null, 'N', 'Y', 'Y', null, 2, null, 0, 'log_user', '被操作人姓名', null );
 insert into md_column ( createtime, forlocale, columntype, ts, creator, id, help, sqldatetype, groupid, description, name, incrementseed, incrementstep, defaultvalue, modifytime, dr, tenantid, columnlength, resid, pkey, nullable, isactive, modifier, columnsequence, identitied, versiontype, tableid, displayname, precise ) values ( null, 'N', 0, '2019-06-20 12:24:05', null, 'log_user@@@role', null, 'varchar', null, null, 'role', null, null, null, null, 0, null, 50, null, 'N', 'Y', 'Y', null, 3, null, 0, 'log_user', '被操作人角色', null );
 insert into md_column ( createtime, forlocale, columntype, ts, creator, id, help, sqldatetype, groupid, description, name, incrementseed, incrementstep, defaultvalue, modifytime, dr, tenantid, columnlength, resid, pkey, nullable, isactive, modifier, columnsequence, identitied, versiontype, tableid, displayname, precise ) values ( null, 'N', 0, '2019-06-20 12:24:05', null, 'log_user@@@memo', null, 'varchar', null, null, 'memo', null, null, null, null, 0, null, 50, null, 'N', 'Y', 'Y', null, 4, null, 0, 'log_user', '操作原因', null );
 insert into md_column ( createtime, forlocale, columntype, ts, creator, id, help, sqldatetype, groupid, description, name, incrementseed, incrementstep, defaultvalue, modifytime, dr, tenantid, columnlength, resid, pkey, nullable, isactive, modifier, columnsequence, identitied, versiontype, tableid, displayname, precise ) values ( null, 'N', 0, '2019-06-20 12:24:05', null, 'log_user@@@memotype', null, 'varchar', null, null, 'memotype', null, null, null, null, 0, null, 50, null, 'N', 'Y', 'Y', null, 5, null, 0, 'log_user', '原因类型', null );
 insert into md_column ( createtime, forlocale, columntype, ts, creator, id, help, sqldatetype, groupid, description, name, incrementseed, incrementstep, defaultvalue, modifytime, dr, tenantid, columnlength, resid, pkey, nullable, isactive, modifier, columnsequence, identitied, versiontype, tableid, displayname, precise ) values ( null, 'N', 0, '2019-06-20 12:24:05', null, 'log_user@@@createorid', null, 'varchar', null, null, 'createorid', null, null, null, null, 0, null, 50, null, 'N', 'Y', 'Y', null, 6, null, 0, 'log_user', '操作人', null );
 insert into md_column ( createtime, forlocale, columntype, ts, creator, id, help, sqldatetype, groupid, description, name, incrementseed, incrementstep, defaultvalue, modifytime, dr, tenantid, columnlength, resid, pkey, nullable, isactive, modifier, columnsequence, identitied, versiontype, tableid, displayname, precise ) values ( null, 'N', 0, '2019-06-20 12:24:05', null, 'log_user@@@createname', null, 'varchar', null, null, 'createname', null, null, null, null, 0, null, 50, null, 'N', 'Y', 'Y', null, 7, null, 0, 'log_user', '操作人姓名', null );
 insert into md_ormap ( tenantid, ts, columnid, classid, tableid, attributeid, dr ) values ( null, '2019-06-20 12:24:05', 'log_user@@@userid', '3bdd2951-99ed-45a9-9845-305b96f99277', 'log_user', 'b0c1224f-86a5-4051-a03d-b4eb3c0857df', 0 );
 insert into md_ormap ( tenantid, ts, columnid, classid, tableid, attributeid, dr ) values ( null, '2019-06-20 12:24:05', 'log_user@@@memo', '3bdd2951-99ed-45a9-9845-305b96f99277', 'log_user', '119dc451-ec01-4a6c-9d68-149729264139', 0 );
 insert into md_ormap ( tenantid, ts, columnid, classid, tableid, attributeid, dr ) values ( null, '2019-06-20 12:24:05', 'log_user@@@username', '3bdd2951-99ed-45a9-9845-305b96f99277', 'log_user', 'a5da9aaf-ef35-4c75-a371-c5512989b0f0', 0 );
 insert into md_ormap ( tenantid, ts, columnid, classid, tableid, attributeid, dr ) values ( null, '2019-06-20 12:24:05', 'log_user@@PK@@', '3bdd2951-99ed-45a9-9845-305b96f99277', 'log_user', '66560ec9-5737-4f3d-ada5-04901d977dcb', 0 );
 insert into md_ormap ( tenantid, ts, columnid, classid, tableid, attributeid, dr ) values ( null, '2019-06-20 12:24:05', 'log_user@@@createname', '3bdd2951-99ed-45a9-9845-305b96f99277', 'log_user', 'bcfd1b25-9c19-43fc-bf12-e6d04de6f218', 0 );
 insert into md_ormap ( tenantid, ts, columnid, classid, tableid, attributeid, dr ) values ( null, '2019-06-20 12:24:05', 'log_user@@@role', '3bdd2951-99ed-45a9-9845-305b96f99277', 'log_user', 'e35ed011-92b4-4e3c-9aa5-da30e1e2afbc', 0 );
 insert into md_ormap ( tenantid, ts, columnid, classid, tableid, attributeid, dr ) values ( null, '2019-06-20 12:24:05', 'log_user@@@memotype', '3bdd2951-99ed-45a9-9845-305b96f99277', 'log_user', '6e95314c-c5a4-4af6-ba84-30c05c232ea0', 0 );
 insert into md_ormap ( tenantid, ts, columnid, classid, tableid, attributeid, dr ) values ( null, '2019-06-20 12:24:05', 'log_user@@@createorid', '3bdd2951-99ed-45a9-9845-305b96f99277', 'log_user', '38dff242-1d64-4fcd-9393-938d4ca8cc5f', 0 );
