--此脚本作为元数据发布时参考使用,以便开发者了解元数据信息在数据库中的记录.
--严禁将此脚本直接或修改后在数据库中执行,如由上述行为引发问题,概不支持.


 delete from md_db_relation where startattrid in ( select id from md_property where classid in ( '47d71a39-1057-4490-b2a9-e693f8405437', '@@@@' ) and ( versiontype = 0 or versiontype is null ) ) and starttableid in ( 'bd_joblog', '@@@@' );
 delete from md_ormap where ATTRIBUTEID in ( select id from md_property where classid in ( '47d71a39-1057-4490-b2a9-e693f8405437', '@@@@' ) and ( versiontype = 0 or versiontype is null ) ) and tableid in ( 'bd_joblog', '@@@@' );
 delete from md_table where id not in ( select distinct tableid from md_ormap ) and ( versiontype = 0 or versiontype is null );
 delete from md_column where tableid in ( 'bd_joblog', '@@@@' ) and id not in ( select distinct columnid from md_ormap ) and ( ifnull( groupid, '~' ) = '~' or groupid = id ) and name <> 'extend_bean_tag';
 delete from md_column where tableid in ( 'bd_joblog', '@@@@' ) and groupid is not null and groupid not in ( select distinct t.id from ( select * from md_column ) t where tableid in ( 'bd_joblog', '@@@@' ) );
 delete from md_db_relation where starttableid not in ( select id from md_table );
 delete from md_association where componentID = '3cc7d386-ce7d-4060-b435-f2c1dfd5ed65' and ( versiontype = 0 or versiontype is null );
 delete from md_property where classID in ( select distinct id from md_class where componentID = '3cc7d386-ce7d-4060-b435-f2c1dfd5ed65' ) and ( versiontype = 0 or versiontype is null );
 delete from md_bizitfmap where classID in ( select distinct id from md_class where componentID = '3cc7d386-ce7d-4060-b435-f2c1dfd5ed65' );
 delete from md_bizitfmap where classID in ( select id from md_opinterface where componentID = '3cc7d386-ce7d-4060-b435-f2c1dfd5ed65' and ( versiontype = 0 or versiontype is null ) );
 delete from md_accessorpara where id in ( select distinct id from md_class where componentID = '3cc7d386-ce7d-4060-b435-f2c1dfd5ed65' );
 delete from md_enumvalue where id in ( select distinct id from md_class where componentID = '3cc7d386-ce7d-4060-b435-f2c1dfd5ed65' ) and ( versiontype = 0 or versiontype is null );
 delete from md_class where componentID = '3cc7d386-ce7d-4060-b435-f2c1dfd5ed65' and ( versiontype = 0 or versiontype is null );
 delete from md_component where id = '3cc7d386-ce7d-4060-b435-f2c1dfd5ed65' and ( versiontype = 0 or versiontype is null );
 delete from md_table where ( id = 'bd_joblog' );
 delete from md_column where ( id = 'bd_joblog@@PK@@' );
 delete from md_column where ( id = 'bd_joblog@@@jobid' );
 delete from md_column where ( id = 'bd_joblog@@@starttime' );
 delete from md_column where ( id = 'bd_joblog@@@endtime' );
 delete from md_column where ( id = 'bd_joblog@@@request' );
 delete from md_column where ( id = 'bd_joblog@@@response' );
 delete from md_column where ( id = 'bd_joblog@@@success' );
 delete from md_column where ( id = 'bd_joblog@@@totalsize' );



 insert into md_component ( createtime, tenantid, resid, ts, resmodule, version, namespace, creator, fromsourcebmf, modifier, id, help, description, preload, name, ownmodule, versiontype, displayname, industry, modifytime, isbizmodel, dr ) values ( '2019-05-28 12:19:19', null, null, '2019-06-06 15:30:33', 'bd_joblog', '4', 'dingCMS', null, 'Y', null, '3cc7d386-ce7d-4060-b435-f2c1dfd5ed65', null, null, null, 'bd_joblog', 'dingCMS', 0, 'bd_joblog', '0', '2019-06-06 15:26:23', 'N', 0 );
 insert into md_class ( modinfoclassname, createtime, parentclassid, ts, userdefclassname, iscreatesql, creator, id, help, bizitfimpclassname, description, name, refmodelname, industry, modifytime, dr, accessorclassname, tenantid, isprimary, resid, isauthen, keyattribute, fullclassname, classtype, returntype, componentid, isactive, modifier, stereotype, isextendbean, defaulttablename, versiontype, displayname, precise, fixedlength ) values ( null, '2019-05-28 12:19:26', null, '2019-06-06 15:30:33', null, 'Y', null, '47d71a39-1057-4490-b2a9-e693f8405437', null, null, null, 'JobLog', null, '0', '2019-06-06 15:30:12', 0, 'nc.md.model.access.javamap.POJOStyle', null, 'Y', null, 'Y', '5fe36277-664d-4c10-a7b8-db6daf9c07ae', 'com.ding.cms.entity.JobLog', 201, null, '3cc7d386-ce7d-4060-b435-f2c1dfd5ed65', null, null, null, null, 'bd_joblog', 0, 'job日志', null, null );
 insert into md_property ( dynamicattr, createtime, ts, visibility, dynamictable, classid, accesspower, attrmaxvalue, notserialize, creator, calculation, id, help, datatypestyle, description, name, refmodelname, industry, defaultvalue, modifytime, dr, accessorclassname, tenantid, hided, resid, isauthen, attrsequence, nullable, attrminvalue, isactive, attrlength, modifier, datatype, readonly, accesspowergroup, customattr, versiontype, displayname, precise, fixedlength ) values ( 'N', null, '2019-06-06 15:30:33', 0, null, '47d71a39-1057-4490-b2a9-e693f8405437', 'N', null, 'N', null, 'N', '5fe36277-664d-4c10-a7b8-db6daf9c07ae', null, 300, null, 'id', null, '0', null, null, 0, null, null, 'N', null, 'Y', 0, 'N', null, 'Y', 36, null, 'BS000010000100001051', 'N', null, 'N', 0, '主键', null, 'N' );
 insert into md_property ( dynamicattr, createtime, ts, visibility, dynamictable, classid, accesspower, attrmaxvalue, notserialize, creator, calculation, id, help, datatypestyle, description, name, refmodelname, industry, defaultvalue, modifytime, dr, accessorclassname, tenantid, hided, resid, isauthen, attrsequence, nullable, attrminvalue, isactive, attrlength, modifier, datatype, readonly, accesspowergroup, customattr, versiontype, displayname, precise, fixedlength ) values ( 'N', null, '2019-06-06 15:30:33', 0, null, '47d71a39-1057-4490-b2a9-e693f8405437', 'N', null, 'N', null, 'N', 'eefa3c11-41d6-4a67-a64e-ce8efe7077e8', null, 300, null, 'jobid', null, '0', null, null, 0, null, null, 'N', null, 'Y', 1, 'Y', null, 'Y', 50, null, 'BS000010000100001001', 'N', null, 'N', 0, 'job主键', null, 'N' );
 insert into md_property ( dynamicattr, createtime, ts, visibility, dynamictable, classid, accesspower, attrmaxvalue, notserialize, creator, calculation, id, help, datatypestyle, description, name, refmodelname, industry, defaultvalue, modifytime, dr, accessorclassname, tenantid, hided, resid, isauthen, attrsequence, nullable, attrminvalue, isactive, attrlength, modifier, datatype, readonly, accesspowergroup, customattr, versiontype, displayname, precise, fixedlength ) values ( 'N', null, '2019-06-06 15:30:33', 0, null, '47d71a39-1057-4490-b2a9-e693f8405437', 'N', null, 'N', null, 'N', '57e6962f-19c2-4ccc-893f-515e74794ece', null, 300, null, 'starttime', null, '0', null, null, 0, null, null, 'N', null, 'Y', 2, 'Y', null, 'Y', null, null, 'BS000010000100001033', 'N', null, 'N', 0, '开始时间', null, 'N' );
 insert into md_property ( dynamicattr, createtime, ts, visibility, dynamictable, classid, accesspower, attrmaxvalue, notserialize, creator, calculation, id, help, datatypestyle, description, name, refmodelname, industry, defaultvalue, modifytime, dr, accessorclassname, tenantid, hided, resid, isauthen, attrsequence, nullable, attrminvalue, isactive, attrlength, modifier, datatype, readonly, accesspowergroup, customattr, versiontype, displayname, precise, fixedlength ) values ( 'N', null, '2019-06-06 15:30:33', 0, null, '47d71a39-1057-4490-b2a9-e693f8405437', 'N', null, 'N', null, 'N', '0d6a5bea-091e-4434-aad6-fc1c117f1bde', null, 300, null, 'endtime', null, '0', null, null, 0, null, null, 'N', null, 'Y', 3, 'Y', null, 'Y', null, null, 'BS000010000100001033', 'N', null, 'N', 0, '结束时间', null, 'N' );
 insert into md_property ( dynamicattr, createtime, ts, visibility, dynamictable, classid, accesspower, attrmaxvalue, notserialize, creator, calculation, id, help, datatypestyle, description, name, refmodelname, industry, defaultvalue, modifytime, dr, accessorclassname, tenantid, hided, resid, isauthen, attrsequence, nullable, attrminvalue, isactive, attrlength, modifier, datatype, readonly, accesspowergroup, customattr, versiontype, displayname, precise, fixedlength ) values ( 'N', null, '2019-06-06 15:30:33', 0, null, '47d71a39-1057-4490-b2a9-e693f8405437', 'N', null, 'N', null, 'N', '98715e1d-1af8-4001-872f-440c8bc5381e', null, 300, null, 'request', null, '0', null, null, 0, null, null, 'N', null, 'Y', 4, 'Y', null, 'Y', null, null, 'BS000010000100001054', 'N', null, 'N', 0, '请求内容', null, 'N' );
 insert into md_property ( dynamicattr, createtime, ts, visibility, dynamictable, classid, accesspower, attrmaxvalue, notserialize, creator, calculation, id, help, datatypestyle, description, name, refmodelname, industry, defaultvalue, modifytime, dr, accessorclassname, tenantid, hided, resid, isauthen, attrsequence, nullable, attrminvalue, isactive, attrlength, modifier, datatype, readonly, accesspowergroup, customattr, versiontype, displayname, precise, fixedlength ) values ( 'N', null, '2019-06-06 15:30:33', 0, null, '47d71a39-1057-4490-b2a9-e693f8405437', 'N', null, 'N', null, 'N', '9cb5f728-d83a-4058-a510-d69072b25ad7', null, 300, null, 'response', null, '0', null, null, 0, null, null, 'N', null, 'Y', 5, 'Y', null, 'Y', null, null, 'BS000010000100001054', 'N', null, 'N', 0, '相应内容', null, 'N' );
 insert into md_property ( dynamicattr, createtime, ts, visibility, dynamictable, classid, accesspower, attrmaxvalue, notserialize, creator, calculation, id, help, datatypestyle, description, name, refmodelname, industry, defaultvalue, modifytime, dr, accessorclassname, tenantid, hided, resid, isauthen, attrsequence, nullable, attrminvalue, isactive, attrlength, modifier, datatype, readonly, accesspowergroup, customattr, versiontype, displayname, precise, fixedlength ) values ( 'N', null, '2019-06-06 15:30:33', 0, null, '47d71a39-1057-4490-b2a9-e693f8405437', 'N', null, 'N', null, 'N', '8df6e833-b0e0-400d-bb78-92c117366cc2', null, 300, null, 'success', null, '0', null, null, 0, null, null, 'N', null, 'Y', 6, 'Y', null, 'Y', null, null, 'BS000010000100001032', 'N', null, 'N', 0, '是否成功', null, 'N' );
 insert into md_property ( dynamicattr, createtime, ts, visibility, dynamictable, classid, accesspower, attrmaxvalue, notserialize, creator, calculation, id, help, datatypestyle, description, name, refmodelname, industry, defaultvalue, modifytime, dr, accessorclassname, tenantid, hided, resid, isauthen, attrsequence, nullable, attrminvalue, isactive, attrlength, modifier, datatype, readonly, accesspowergroup, customattr, versiontype, displayname, precise, fixedlength ) values ( 'N', null, '2019-06-06 15:30:33', 0, null, '47d71a39-1057-4490-b2a9-e693f8405437', 'N', null, 'N', null, 'N', '9d889006-191a-4f02-a824-1d9ea48ce374', null, 300, null, 'totalsize', null, '0', null, null, 0, null, null, 'N', null, 'Y', 7, 'Y', null, 'Y', null, null, 'BS000010000100001004', 'N', null, 'N', 0, '条数', null, 'N' );
 insert into md_table ( createtime, tenantid, resid, ts, isextendtable, resmodule, creator, fromsourcebmf, modifier, id, isactive, help, databaseid, description, name, versiontype, industry, displayname, modifytime, parenttable, dr ) values ( '2019-05-28 12:19:26', null, null, '2019-06-06 15:30:33', 'N', 'bd_joblog', null, 'Y', null, 'bd_joblog', null, null, null, null, 'bd_joblog', 0, '0', 'job日志', '2019-06-06 15:30:12', null, 0 );
 insert into md_column ( createtime, forlocale, columntype, ts, creator, id, help, sqldatetype, groupid, description, name, incrementseed, incrementstep, defaultvalue, modifytime, dr, tenantid, columnlength, resid, pkey, nullable, isactive, modifier, columnsequence, identitied, versiontype, tableid, displayname, precise ) values ( null, 'N', 0, '2019-06-06 15:30:33', null, 'bd_joblog@@PK@@', null, 'char', null, null, 'id', null, null, null, null, 0, null, 36, null, 'Y', 'N', 'Y', null, 0, null, 0, 'bd_joblog', '主键', null );
 insert into md_column ( createtime, forlocale, columntype, ts, creator, id, help, sqldatetype, groupid, description, name, incrementseed, incrementstep, defaultvalue, modifytime, dr, tenantid, columnlength, resid, pkey, nullable, isactive, modifier, columnsequence, identitied, versiontype, tableid, displayname, precise ) values ( null, 'N', 0, '2019-06-06 15:30:33', null, 'bd_joblog@@@jobid', null, 'varchar', null, null, 'jobid', null, null, null, null, 0, null, 50, null, 'N', 'Y', 'Y', null, 1, null, 0, 'bd_joblog', 'job主键', null );
 insert into md_column ( createtime, forlocale, columntype, ts, creator, id, help, sqldatetype, groupid, description, name, incrementseed, incrementstep, defaultvalue, modifytime, dr, tenantid, columnlength, resid, pkey, nullable, isactive, modifier, columnsequence, identitied, versiontype, tableid, displayname, precise ) values ( null, 'N', 0, '2019-06-06 15:30:33', null, 'bd_joblog@@@starttime', null, 'datetime', null, null, 'starttime', null, null, null, null, 0, null, null, null, 'N', 'Y', 'Y', null, 2, null, 0, 'bd_joblog', '开始时间', null );
 insert into md_column ( createtime, forlocale, columntype, ts, creator, id, help, sqldatetype, groupid, description, name, incrementseed, incrementstep, defaultvalue, modifytime, dr, tenantid, columnlength, resid, pkey, nullable, isactive, modifier, columnsequence, identitied, versiontype, tableid, displayname, precise ) values ( null, 'N', 0, '2019-06-06 15:30:33', null, 'bd_joblog@@@endtime', null, 'datetime', null, null, 'endtime', null, null, null, null, 0, null, null, null, 'N', 'Y', 'Y', null, 3, null, 0, 'bd_joblog', '结束时间', null );
 insert into md_column ( createtime, forlocale, columntype, ts, creator, id, help, sqldatetype, groupid, description, name, incrementseed, incrementstep, defaultvalue, modifytime, dr, tenantid, columnlength, resid, pkey, nullable, isactive, modifier, columnsequence, identitied, versiontype, tableid, displayname, precise ) values ( null, 'N', 0, '2019-06-06 15:30:33', null, 'bd_joblog@@@request', null, 'text', null, null, 'request', null, null, null, null, 0, null, null, null, 'N', 'Y', 'Y', null, 4, null, 0, 'bd_joblog', '请求内容', null );
 insert into md_column ( createtime, forlocale, columntype, ts, creator, id, help, sqldatetype, groupid, description, name, incrementseed, incrementstep, defaultvalue, modifytime, dr, tenantid, columnlength, resid, pkey, nullable, isactive, modifier, columnsequence, identitied, versiontype, tableid, displayname, precise ) values ( null, 'N', 0, '2019-06-06 15:30:33', null, 'bd_joblog@@@response', null, 'text', null, null, 'response', null, null, null, null, 0, null, null, null, 'N', 'Y', 'Y', null, 5, null, 0, 'bd_joblog', '相应内容', null );
 insert into md_column ( createtime, forlocale, columntype, ts, creator, id, help, sqldatetype, groupid, description, name, incrementseed, incrementstep, defaultvalue, modifytime, dr, tenantid, columnlength, resid, pkey, nullable, isactive, modifier, columnsequence, identitied, versiontype, tableid, displayname, precise ) values ( null, 'N', 0, '2019-06-06 15:30:33', null, 'bd_joblog@@@success', null, 'tinyint', null, null, 'success', null, null, null, null, 0, null, null, null, 'N', 'Y', 'Y', null, 6, null, 0, 'bd_joblog', '是否成功', null );
 insert into md_column ( createtime, forlocale, columntype, ts, creator, id, help, sqldatetype, groupid, description, name, incrementseed, incrementstep, defaultvalue, modifytime, dr, tenantid, columnlength, resid, pkey, nullable, isactive, modifier, columnsequence, identitied, versiontype, tableid, displayname, precise ) values ( null, 'N', 0, '2019-06-06 15:30:33', null, 'bd_joblog@@@totalsize', null, 'int', null, null, 'totalsize', null, null, null, null, 0, null, null, null, 'N', 'Y', 'Y', null, 7, null, 0, 'bd_joblog', '条数', null );
 insert into md_ormap ( tenantid, ts, columnid, classid, tableid, attributeid, dr ) values ( null, '2019-06-06 15:30:33', 'bd_joblog@@@success', '47d71a39-1057-4490-b2a9-e693f8405437', 'bd_joblog', '8df6e833-b0e0-400d-bb78-92c117366cc2', 0 );
 insert into md_ormap ( tenantid, ts, columnid, classid, tableid, attributeid, dr ) values ( null, '2019-06-06 15:30:33', 'bd_joblog@@@starttime', '47d71a39-1057-4490-b2a9-e693f8405437', 'bd_joblog', '57e6962f-19c2-4ccc-893f-515e74794ece', 0 );
 insert into md_ormap ( tenantid, ts, columnid, classid, tableid, attributeid, dr ) values ( null, '2019-06-06 15:30:33', 'bd_joblog@@@totalsize', '47d71a39-1057-4490-b2a9-e693f8405437', 'bd_joblog', '9d889006-191a-4f02-a824-1d9ea48ce374', 0 );
 insert into md_ormap ( tenantid, ts, columnid, classid, tableid, attributeid, dr ) values ( null, '2019-06-06 15:30:33', 'bd_joblog@@@jobid', '47d71a39-1057-4490-b2a9-e693f8405437', 'bd_joblog', 'eefa3c11-41d6-4a67-a64e-ce8efe7077e8', 0 );
 insert into md_ormap ( tenantid, ts, columnid, classid, tableid, attributeid, dr ) values ( null, '2019-06-06 15:30:33', 'bd_joblog@@@response', '47d71a39-1057-4490-b2a9-e693f8405437', 'bd_joblog', '9cb5f728-d83a-4058-a510-d69072b25ad7', 0 );
 insert into md_ormap ( tenantid, ts, columnid, classid, tableid, attributeid, dr ) values ( null, '2019-06-06 15:30:33', 'bd_joblog@@@endtime', '47d71a39-1057-4490-b2a9-e693f8405437', 'bd_joblog', '0d6a5bea-091e-4434-aad6-fc1c117f1bde', 0 );
 insert into md_ormap ( tenantid, ts, columnid, classid, tableid, attributeid, dr ) values ( null, '2019-06-06 15:30:33', 'bd_joblog@@@request', '47d71a39-1057-4490-b2a9-e693f8405437', 'bd_joblog', '98715e1d-1af8-4001-872f-440c8bc5381e', 0 );
 insert into md_ormap ( tenantid, ts, columnid, classid, tableid, attributeid, dr ) values ( null, '2019-06-06 15:30:33', 'bd_joblog@@PK@@', '47d71a39-1057-4490-b2a9-e693f8405437', 'bd_joblog', '5fe36277-664d-4c10-a7b8-db6daf9c07ae', 0 );
