--此脚本作为元数据发布时参考使用,以便开发者了解元数据信息在数据库中的记录.
--严禁将此脚本直接或修改后在数据库中执行,如由上述行为引发问题,概不支持.


 delete from md_db_relation where startattrid in ( select id from md_property where classid in ( '6dae7f50-c0ae-41e3-a6b7-dfb6ad856a20', '@@@@' ) and ( versiontype = 0 or versiontype is null ) ) and starttableid in ( 'bill_service_payment', '@@@@' );
 delete from md_ormap where ATTRIBUTEID in ( select id from md_property where classid in ( '6dae7f50-c0ae-41e3-a6b7-dfb6ad856a20', '@@@@' ) and ( versiontype = 0 or versiontype is null ) ) and tableid in ( 'bill_service_payment', '@@@@' );
 delete from md_table where id not in ( select distinct tableid from md_ormap ) and ( versiontype = 0 or versiontype is null );
 delete from md_column where tableid in ( 'bill_service_payment', '@@@@' ) and id not in ( select distinct columnid from md_ormap ) and ( ifnull( groupid, '~' ) = '~' or groupid = id ) and name <> 'extend_bean_tag';
 delete from md_column where tableid in ( 'bill_service_payment', '@@@@' ) and groupid is not null and groupid not in ( select distinct t.id from ( select * from md_column ) t where tableid in ( 'bill_service_payment', '@@@@' ) );
 delete from md_db_relation where starttableid not in ( select id from md_table );
 delete from md_association where componentID = '2d9a29dd-737e-40a1-9e36-82bef3669b29' and ( versiontype = 0 or versiontype is null );
 delete from md_property where classID in ( select distinct id from md_class where componentID = '2d9a29dd-737e-40a1-9e36-82bef3669b29' ) and ( versiontype = 0 or versiontype is null );
 delete from md_bizitfmap where classID in ( select distinct id from md_class where componentID = '2d9a29dd-737e-40a1-9e36-82bef3669b29' );
 delete from md_bizitfmap where classID in ( select id from md_opinterface where componentID = '2d9a29dd-737e-40a1-9e36-82bef3669b29' and ( versiontype = 0 or versiontype is null ) );
 delete from md_accessorpara where id in ( select distinct id from md_class where componentID = '2d9a29dd-737e-40a1-9e36-82bef3669b29' );
 delete from md_enumvalue where id in ( select distinct id from md_class where componentID = '2d9a29dd-737e-40a1-9e36-82bef3669b29' ) and ( versiontype = 0 or versiontype is null );
 delete from md_class where componentID = '2d9a29dd-737e-40a1-9e36-82bef3669b29' and ( versiontype = 0 or versiontype is null );
 delete from md_component where id = '2d9a29dd-737e-40a1-9e36-82bef3669b29' and ( versiontype = 0 or versiontype is null );
 delete from md_table where ( id = 'bill_service_payment' );
 delete from md_column where ( id = 'bill_service_payment@@PK@@' );
 delete from md_column where ( id = 'bill_service_payment@@@serialnum' );
 delete from md_column where ( id = 'bill_service_payment@@@billid' );
 delete from md_column where ( id = 'bill_service_payment@@@vbillcode' );
 delete from md_column where ( id = 'bill_service_payment@@@auditstate' );
 delete from md_column where ( id = 'bill_service_payment@@@type' );
 delete from md_column where ( id = 'bill_service_payment@@@paymoney' );
 delete from md_column where ( id = 'bill_service_payment@@@billnote' );
 delete from md_column where ( id = 'bill_service_payment@@@oldorderid' );
 delete from md_column where ( id = 'bill_service_payment@@@neworderid' );
 delete from md_column where ( id = 'bill_service_payment@@@paymenter' );
 delete from md_column where ( id = 'bill_service_payment@@@paymentmethod' );
 delete from md_column where ( id = 'bill_service_payment@@@paymenttype' );
 delete from md_column where ( id = 'bill_service_payment@@@paymenttime' );
 delete from md_column where ( id = 'bill_service_payment@@@memo' );
 delete from md_column where ( id = 'bill_service_payment@@@creator' );
 delete from md_column where ( id = 'bill_service_payment@@@creatorid' );
 delete from md_column where ( id = 'bill_service_payment@@@createtime' );
 delete from md_column where ( id = 'bill_service_payment@@@modifier' );
 delete from md_column where ( id = 'bill_service_payment@@@modifierid' );
 delete from md_column where ( id = 'bill_service_payment@@@modifytime' );
 delete from md_column where ( id = 'bill_service_payment@@@auditor' );
 delete from md_column where ( id = 'bill_service_payment@@@auditorid' );
 delete from md_column where ( id = 'bill_service_payment@@@audittime' );
 delete from md_column where ( id = 'bill_service_payment@@@auditnote' );
 delete from md_column where ( id = 'bill_service_payment@@@orgname' );
 delete from md_column where ( id = 'bill_service_payment@@@orgid' );
 delete from md_column where ( id = 'bill_service_payment@@@agentname' );
 delete from md_column where ( id = 'bill_service_payment@@@agentid' );



 insert into md_component ( createtime, tenantid, resid, ts, resmodule, version, namespace, creator, fromsourcebmf, modifier, id, help, description, preload, name, ownmodule, versiontype, displayname, industry, modifytime, isbizmodel, dr ) values ( '2018-10-15 15:12:17', null, null, '2018-12-24 10:13:39', 'payment', '42', 'dingCMS', null, 'Y', null, '2d9a29dd-737e-40a1-9e36-82bef3669b29', null, null, null, 'bill_service_payment', 'dingCMS', 0, '工程支付流水表', '0', '2018-12-18 13:42:57', 'N', 0 );
 insert into md_class ( modinfoclassname, createtime, parentclassid, ts, userdefclassname, iscreatesql, creator, id, help, bizitfimpclassname, description, name, refmodelname, industry, modifytime, dr, accessorclassname, tenantid, isprimary, resid, isauthen, keyattribute, fullclassname, classtype, returntype, componentid, isactive, modifier, stereotype, isextendbean, defaulttablename, versiontype, displayname, precise, fixedlength ) values ( null, '2018-10-15 15:13:02', null, '2018-12-24 10:13:39', null, 'Y', null, '6dae7f50-c0ae-41e3-a6b7-dfb6ad856a20', null, null, null, 'Payment', null, '0', '2018-12-18 15:42:10', 0, 'nc.md.model.access.javamap.POJOStyle', null, 'Y', null, 'Y', '423d1a75-15ba-4e17-b35e-00013662dc1c', 'com.ding.cms.entity.Payment', 201, null, '2d9a29dd-737e-40a1-9e36-82bef3669b29', null, null, null, null, 'bill_service_payment', 0, '工程支付流水表', null, null );
 insert into md_property ( dynamicattr, createtime, ts, visibility, dynamictable, classid, accesspower, attrmaxvalue, notserialize, creator, calculation, id, help, datatypestyle, description, name, refmodelname, industry, defaultvalue, modifytime, dr, accessorclassname, tenantid, hided, resid, isauthen, attrsequence, nullable, attrminvalue, isactive, attrlength, modifier, datatype, readonly, accesspowergroup, customattr, versiontype, displayname, precise, fixedlength ) values ( 'N', null, '2018-12-24 10:13:39', 0, null, '6dae7f50-c0ae-41e3-a6b7-dfb6ad856a20', 'N', null, 'N', null, 'N', '423d1a75-15ba-4e17-b35e-00013662dc1c', null, 300, null, 'paymentid', null, '0', null, null, 0, null, null, 'N', null, 'Y', 0, 'N', null, 'Y', 36, null, 'BS000010000100001051', 'N', null, 'N', 0, '主键', null, 'N' );
 insert into md_property ( dynamicattr, createtime, ts, visibility, dynamictable, classid, accesspower, attrmaxvalue, notserialize, creator, calculation, id, help, datatypestyle, description, name, refmodelname, industry, defaultvalue, modifytime, dr, accessorclassname, tenantid, hided, resid, isauthen, attrsequence, nullable, attrminvalue, isactive, attrlength, modifier, datatype, readonly, accesspowergroup, customattr, versiontype, displayname, precise, fixedlength ) values ( 'N', null, '2018-12-24 10:13:39', 0, null, '6dae7f50-c0ae-41e3-a6b7-dfb6ad856a20', 'N', null, 'N', null, 'N', '68f0925c-a3d0-41f7-80b6-ca8b26803b11', null, 300, null, 'serialnum', null, '0', null, null, 0, null, null, 'N', null, 'Y', 1, 'Y', null, 'Y', 50, null, 'BS000010000100001001', 'N', null, 'N', 0, '流水号', null, 'N' );
 insert into md_property ( dynamicattr, createtime, ts, visibility, dynamictable, classid, accesspower, attrmaxvalue, notserialize, creator, calculation, id, help, datatypestyle, description, name, refmodelname, industry, defaultvalue, modifytime, dr, accessorclassname, tenantid, hided, resid, isauthen, attrsequence, nullable, attrminvalue, isactive, attrlength, modifier, datatype, readonly, accesspowergroup, customattr, versiontype, displayname, precise, fixedlength ) values ( 'N', null, '2018-12-24 10:13:39', 0, null, '6dae7f50-c0ae-41e3-a6b7-dfb6ad856a20', 'N', null, 'N', null, 'N', 'c119b5be-235d-4fbb-a8ca-47ffd669a28d', null, 300, null, 'billid', null, '0', null, null, 0, null, null, 'N', null, 'Y', 2, 'Y', null, 'Y', 50, null, 'BS000010000100001001', 'N', null, 'N', 0, '工程服务id', null, 'N' );
 insert into md_property ( dynamicattr, createtime, ts, visibility, dynamictable, classid, accesspower, attrmaxvalue, notserialize, creator, calculation, id, help, datatypestyle, description, name, refmodelname, industry, defaultvalue, modifytime, dr, accessorclassname, tenantid, hided, resid, isauthen, attrsequence, nullable, attrminvalue, isactive, attrlength, modifier, datatype, readonly, accesspowergroup, customattr, versiontype, displayname, precise, fixedlength ) values ( 'N', null, '2018-12-24 10:13:39', 0, null, '6dae7f50-c0ae-41e3-a6b7-dfb6ad856a20', 'N', null, 'N', null, 'N', 'e03ad655-2287-422d-8395-af5a836742af', null, 300, null, 'vbillcode', null, '0', null, null, 0, null, null, 'N', null, 'Y', 3, 'Y', null, 'Y', 50, null, 'BS000010000100001001', 'N', null, 'N', 0, '工程服务编号', null, 'N' );
 insert into md_property ( dynamicattr, createtime, ts, visibility, dynamictable, classid, accesspower, attrmaxvalue, notserialize, creator, calculation, id, help, datatypestyle, description, name, refmodelname, industry, defaultvalue, modifytime, dr, accessorclassname, tenantid, hided, resid, isauthen, attrsequence, nullable, attrminvalue, isactive, attrlength, modifier, datatype, readonly, accesspowergroup, customattr, versiontype, displayname, precise, fixedlength ) values ( 'N', null, '2018-12-24 10:13:39', 0, null, '6dae7f50-c0ae-41e3-a6b7-dfb6ad856a20', 'N', null, 'N', null, 'N', '40d24771-7c96-4c77-bd36-87dbd03d4c51', null, 300, null, 'auditstate', null, '0', '0', null, 0, null, null, 'N', null, 'Y', 4, 'Y', null, 'Y', null, null, 'BS000010000100001004', 'N', null, 'N', 0, '审核状态', null, 'N' );
 insert into md_property ( dynamicattr, createtime, ts, visibility, dynamictable, classid, accesspower, attrmaxvalue, notserialize, creator, calculation, id, help, datatypestyle, description, name, refmodelname, industry, defaultvalue, modifytime, dr, accessorclassname, tenantid, hided, resid, isauthen, attrsequence, nullable, attrminvalue, isactive, attrlength, modifier, datatype, readonly, accesspowergroup, customattr, versiontype, displayname, precise, fixedlength ) values ( 'N', null, '2018-12-24 10:13:39', 0, null, '6dae7f50-c0ae-41e3-a6b7-dfb6ad856a20', 'N', null, 'N', null, 'N', '7c67fa41-38af-4640-9a21-f90c5753e9ec', null, 300, null, 'type', null, '0', '0', null, 0, null, null, 'N', null, 'Y', 5, 'Y', null, 'Y', null, null, 'BS000010000100001004', 'N', null, 'N', 0, '类型', null, 'N' );
 insert into md_property ( dynamicattr, createtime, ts, visibility, dynamictable, classid, accesspower, attrmaxvalue, notserialize, creator, calculation, id, help, datatypestyle, description, name, refmodelname, industry, defaultvalue, modifytime, dr, accessorclassname, tenantid, hided, resid, isauthen, attrsequence, nullable, attrminvalue, isactive, attrlength, modifier, datatype, readonly, accesspowergroup, customattr, versiontype, displayname, precise, fixedlength ) values ( 'N', null, '2018-12-24 10:13:39', 0, null, '6dae7f50-c0ae-41e3-a6b7-dfb6ad856a20', 'N', null, 'N', null, 'N', '3f0ee2df-343d-45ce-b859-92e1e9d400dd', null, 300, null, 'paymoney', null, '0', '0', null, 0, null, null, 'N', null, 'Y', 6, 'Y', null, 'Y', 28, null, 'BS000010000100001031', 'N', null, 'N', 0, '支付金额', 8, 'N' );
 insert into md_property ( dynamicattr, createtime, ts, visibility, dynamictable, classid, accesspower, attrmaxvalue, notserialize, creator, calculation, id, help, datatypestyle, description, name, refmodelname, industry, defaultvalue, modifytime, dr, accessorclassname, tenantid, hided, resid, isauthen, attrsequence, nullable, attrminvalue, isactive, attrlength, modifier, datatype, readonly, accesspowergroup, customattr, versiontype, displayname, precise, fixedlength ) values ( 'N', null, '2018-12-24 10:13:39', 0, null, '6dae7f50-c0ae-41e3-a6b7-dfb6ad856a20', 'N', null, 'N', null, 'N', 'f7438b63-f7b7-40b5-bd04-8bff6d7864fb', null, 300, null, 'billnote', null, '0', null, null, 0, null, null, 'N', null, 'Y', 7, 'Y', null, 'Y', 50, null, 'BS000010000100001001', 'N', null, 'N', 0, '业务摘要', null, 'N' );
 insert into md_property ( dynamicattr, createtime, ts, visibility, dynamictable, classid, accesspower, attrmaxvalue, notserialize, creator, calculation, id, help, datatypestyle, description, name, refmodelname, industry, defaultvalue, modifytime, dr, accessorclassname, tenantid, hided, resid, isauthen, attrsequence, nullable, attrminvalue, isactive, attrlength, modifier, datatype, readonly, accesspowergroup, customattr, versiontype, displayname, precise, fixedlength ) values ( 'N', null, '2018-12-24 10:13:39', 0, null, '6dae7f50-c0ae-41e3-a6b7-dfb6ad856a20', 'N', null, 'N', null, 'N', '4a61e0ef-5a4b-4907-a863-b88ee931eef8', null, 300, null, 'oldorderid', null, '0', null, null, 0, null, null, 'N', null, 'Y', 8, 'Y', null, 'Y', 50, null, 'BS000010000100001001', 'N', null, 'N', 0, '转移原订单id', null, 'N' );
 insert into md_property ( dynamicattr, createtime, ts, visibility, dynamictable, classid, accesspower, attrmaxvalue, notserialize, creator, calculation, id, help, datatypestyle, description, name, refmodelname, industry, defaultvalue, modifytime, dr, accessorclassname, tenantid, hided, resid, isauthen, attrsequence, nullable, attrminvalue, isactive, attrlength, modifier, datatype, readonly, accesspowergroup, customattr, versiontype, displayname, precise, fixedlength ) values ( 'N', null, '2018-12-24 10:13:39', 0, null, '6dae7f50-c0ae-41e3-a6b7-dfb6ad856a20', 'N', null, 'N', null, 'N', '2f7240dd-ee0b-452b-98db-ed26a7d38428', null, 300, null, 'neworderid', null, '0', null, null, 0, null, null, 'N', null, 'Y', 9, 'Y', null, 'Y', 50, null, 'BS000010000100001001', 'N', null, 'N', 0, '转移目标订单id', null, 'N' );
 insert into md_property ( dynamicattr, createtime, ts, visibility, dynamictable, classid, accesspower, attrmaxvalue, notserialize, creator, calculation, id, help, datatypestyle, description, name, refmodelname, industry, defaultvalue, modifytime, dr, accessorclassname, tenantid, hided, resid, isauthen, attrsequence, nullable, attrminvalue, isactive, attrlength, modifier, datatype, readonly, accesspowergroup, customattr, versiontype, displayname, precise, fixedlength ) values ( 'N', null, '2018-12-24 10:13:39', 0, null, '6dae7f50-c0ae-41e3-a6b7-dfb6ad856a20', 'N', null, 'N', null, 'N', 'a1fb7f72-5e80-42b2-8eac-a0411e9cde6d', null, 300, null, 'paymenter', null, '0', null, null, 0, null, null, 'N', null, 'Y', 10, 'Y', null, 'Y', 50, null, 'BS000010000100001001', 'N', null, 'N', 0, '付款人', null, 'N' );
 insert into md_property ( dynamicattr, createtime, ts, visibility, dynamictable, classid, accesspower, attrmaxvalue, notserialize, creator, calculation, id, help, datatypestyle, description, name, refmodelname, industry, defaultvalue, modifytime, dr, accessorclassname, tenantid, hided, resid, isauthen, attrsequence, nullable, attrminvalue, isactive, attrlength, modifier, datatype, readonly, accesspowergroup, customattr, versiontype, displayname, precise, fixedlength ) values ( 'N', null, '2018-12-24 10:13:39', 0, null, '6dae7f50-c0ae-41e3-a6b7-dfb6ad856a20', 'N', null, 'N', null, 'N', '52d79810-a73d-4583-bf68-e7dd168aa468', null, 300, null, 'paymentmethod', null, '0', null, null, 0, null, null, 'N', null, 'Y', 11, 'Y', null, 'Y', 50, null, 'BS000010000100001001', 'N', null, 'N', 0, '付款方式', null, 'N' );
 insert into md_property ( dynamicattr, createtime, ts, visibility, dynamictable, classid, accesspower, attrmaxvalue, notserialize, creator, calculation, id, help, datatypestyle, description, name, refmodelname, industry, defaultvalue, modifytime, dr, accessorclassname, tenantid, hided, resid, isauthen, attrsequence, nullable, attrminvalue, isactive, attrlength, modifier, datatype, readonly, accesspowergroup, customattr, versiontype, displayname, precise, fixedlength ) values ( 'N', null, '2018-12-24 10:13:39', 0, null, '6dae7f50-c0ae-41e3-a6b7-dfb6ad856a20', 'N', null, 'N', null, 'N', '22e6bb62-9d36-4854-952e-ddac6bbe86f7', null, 300, null, 'paymenttype', null, '0', null, null, 0, null, null, 'N', null, 'Y', 12, 'Y', null, 'Y', 50, null, 'BS000010000100001001', 'N', null, 'N', 0, '款项类型', null, 'N' );
 insert into md_property ( dynamicattr, createtime, ts, visibility, dynamictable, classid, accesspower, attrmaxvalue, notserialize, creator, calculation, id, help, datatypestyle, description, name, refmodelname, industry, defaultvalue, modifytime, dr, accessorclassname, tenantid, hided, resid, isauthen, attrsequence, nullable, attrminvalue, isactive, attrlength, modifier, datatype, readonly, accesspowergroup, customattr, versiontype, displayname, precise, fixedlength ) values ( 'N', null, '2018-12-24 10:13:39', 0, null, '6dae7f50-c0ae-41e3-a6b7-dfb6ad856a20', 'N', null, 'N', null, 'N', '1470b09a-cee8-4ff5-9350-4fc295ffa5fb', null, 300, null, 'paymenttime', null, '0', null, null, 0, null, null, 'N', null, 'Y', 13, 'Y', null, 'Y', 50, null, 'BS000010000100001001', 'N', null, 'N', 0, '付款时间', null, 'N' );
 insert into md_property ( dynamicattr, createtime, ts, visibility, dynamictable, classid, accesspower, attrmaxvalue, notserialize, creator, calculation, id, help, datatypestyle, description, name, refmodelname, industry, defaultvalue, modifytime, dr, accessorclassname, tenantid, hided, resid, isauthen, attrsequence, nullable, attrminvalue, isactive, attrlength, modifier, datatype, readonly, accesspowergroup, customattr, versiontype, displayname, precise, fixedlength ) values ( 'N', null, '2018-12-24 10:13:39', 0, null, '6dae7f50-c0ae-41e3-a6b7-dfb6ad856a20', 'N', null, 'N', null, 'N', '9e0305d7-89a7-497d-8ae0-177393e176e8', null, 300, null, 'memo', null, '0', null, null, 0, null, null, 'N', null, 'Y', 14, 'Y', null, 'Y', 50, null, 'BS000010000100001001', 'N', null, 'N', 0, '备注', null, 'N' );
 insert into md_property ( dynamicattr, createtime, ts, visibility, dynamictable, classid, accesspower, attrmaxvalue, notserialize, creator, calculation, id, help, datatypestyle, description, name, refmodelname, industry, defaultvalue, modifytime, dr, accessorclassname, tenantid, hided, resid, isauthen, attrsequence, nullable, attrminvalue, isactive, attrlength, modifier, datatype, readonly, accesspowergroup, customattr, versiontype, displayname, precise, fixedlength ) values ( 'N', null, '2018-12-24 10:13:39', 0, null, '6dae7f50-c0ae-41e3-a6b7-dfb6ad856a20', 'N', null, 'N', null, 'N', 'ffb54f17-7ee8-4abd-8a5f-d97f185d2b1f', null, 300, null, 'creator', null, '0', null, null, 0, null, null, 'N', null, 'Y', 15, 'Y', null, 'Y', 50, null, 'BS000010000100001001', 'N', null, 'N', 0, '创建人', null, 'N' );
 insert into md_property ( dynamicattr, createtime, ts, visibility, dynamictable, classid, accesspower, attrmaxvalue, notserialize, creator, calculation, id, help, datatypestyle, description, name, refmodelname, industry, defaultvalue, modifytime, dr, accessorclassname, tenantid, hided, resid, isauthen, attrsequence, nullable, attrminvalue, isactive, attrlength, modifier, datatype, readonly, accesspowergroup, customattr, versiontype, displayname, precise, fixedlength ) values ( 'N', null, '2018-12-24 10:13:39', 0, null, '6dae7f50-c0ae-41e3-a6b7-dfb6ad856a20', 'N', null, 'N', null, 'N', '46b222f5-42b4-409c-8d78-9fbf6998a167', null, 300, null, 'creatorid', null, '0', null, null, 0, null, null, 'N', null, 'Y', 16, 'Y', null, 'Y', 50, null, 'BS000010000100001001', 'N', null, 'N', 0, '创建人id', null, 'N' );
 insert into md_property ( dynamicattr, createtime, ts, visibility, dynamictable, classid, accesspower, attrmaxvalue, notserialize, creator, calculation, id, help, datatypestyle, description, name, refmodelname, industry, defaultvalue, modifytime, dr, accessorclassname, tenantid, hided, resid, isauthen, attrsequence, nullable, attrminvalue, isactive, attrlength, modifier, datatype, readonly, accesspowergroup, customattr, versiontype, displayname, precise, fixedlength ) values ( 'N', null, '2018-12-24 10:13:39', 0, null, '6dae7f50-c0ae-41e3-a6b7-dfb6ad856a20', 'N', null, 'N', null, 'N', '01c03d8d-a8e1-48ed-af6a-89ecc5f8bdef', null, 300, null, 'createtime', null, '0', null, null, 0, null, null, 'N', null, 'Y', 17, 'Y', null, 'Y', 50, null, 'BS000010000100001001', 'N', null, 'N', 0, '创建时间', null, 'N' );
 insert into md_property ( dynamicattr, createtime, ts, visibility, dynamictable, classid, accesspower, attrmaxvalue, notserialize, creator, calculation, id, help, datatypestyle, description, name, refmodelname, industry, defaultvalue, modifytime, dr, accessorclassname, tenantid, hided, resid, isauthen, attrsequence, nullable, attrminvalue, isactive, attrlength, modifier, datatype, readonly, accesspowergroup, customattr, versiontype, displayname, precise, fixedlength ) values ( 'N', null, '2018-12-24 10:13:39', 0, null, '6dae7f50-c0ae-41e3-a6b7-dfb6ad856a20', 'N', null, 'N', null, 'N', 'eb90815a-486b-469b-99e5-74c51bcb0c15', null, 300, null, 'modifier', null, '0', null, null, 0, null, null, 'N', null, 'Y', 18, 'Y', null, 'Y', 50, null, 'BS000010000100001001', 'N', null, 'N', 0, '修改人', null, 'N' );
 insert into md_property ( dynamicattr, createtime, ts, visibility, dynamictable, classid, accesspower, attrmaxvalue, notserialize, creator, calculation, id, help, datatypestyle, description, name, refmodelname, industry, defaultvalue, modifytime, dr, accessorclassname, tenantid, hided, resid, isauthen, attrsequence, nullable, attrminvalue, isactive, attrlength, modifier, datatype, readonly, accesspowergroup, customattr, versiontype, displayname, precise, fixedlength ) values ( 'N', null, '2018-12-24 10:13:39', 0, null, '6dae7f50-c0ae-41e3-a6b7-dfb6ad856a20', 'N', null, 'N', null, 'N', '1e5e3e4b-ccb2-4458-857e-cd8a06a155d7', null, 300, null, 'modifierid', null, '0', null, null, 0, null, null, 'N', null, 'Y', 19, 'Y', null, 'Y', 50, null, 'BS000010000100001001', 'N', null, 'N', 0, '修改人id', null, 'N' );
 insert into md_property ( dynamicattr, createtime, ts, visibility, dynamictable, classid, accesspower, attrmaxvalue, notserialize, creator, calculation, id, help, datatypestyle, description, name, refmodelname, industry, defaultvalue, modifytime, dr, accessorclassname, tenantid, hided, resid, isauthen, attrsequence, nullable, attrminvalue, isactive, attrlength, modifier, datatype, readonly, accesspowergroup, customattr, versiontype, displayname, precise, fixedlength ) values ( 'N', null, '2018-12-24 10:13:39', 0, null, '6dae7f50-c0ae-41e3-a6b7-dfb6ad856a20', 'N', null, 'N', null, 'N', '4513b900-9e0f-437d-b985-cd3266050261', null, 300, null, 'modifytime', null, '0', null, null, 0, null, null, 'N', null, 'Y', 20, 'Y', null, 'Y', 50, null, 'BS000010000100001001', 'N', null, 'N', 0, '修改时间', null, 'N' );
 insert into md_property ( dynamicattr, createtime, ts, visibility, dynamictable, classid, accesspower, attrmaxvalue, notserialize, creator, calculation, id, help, datatypestyle, description, name, refmodelname, industry, defaultvalue, modifytime, dr, accessorclassname, tenantid, hided, resid, isauthen, attrsequence, nullable, attrminvalue, isactive, attrlength, modifier, datatype, readonly, accesspowergroup, customattr, versiontype, displayname, precise, fixedlength ) values ( 'N', null, '2018-12-24 10:13:39', 0, null, '6dae7f50-c0ae-41e3-a6b7-dfb6ad856a20', 'N', null, 'N', null, 'N', '61b4d8bd-7e22-4ac8-b21b-8a62225a55b5', null, 300, null, 'auditor', null, '0', null, null, 0, null, null, 'N', null, 'Y', 21, 'Y', null, 'Y', 50, null, 'BS000010000100001001', 'N', null, 'N', 0, '审核人', null, 'N' );
 insert into md_property ( dynamicattr, createtime, ts, visibility, dynamictable, classid, accesspower, attrmaxvalue, notserialize, creator, calculation, id, help, datatypestyle, description, name, refmodelname, industry, defaultvalue, modifytime, dr, accessorclassname, tenantid, hided, resid, isauthen, attrsequence, nullable, attrminvalue, isactive, attrlength, modifier, datatype, readonly, accesspowergroup, customattr, versiontype, displayname, precise, fixedlength ) values ( 'N', null, '2018-12-24 10:13:39', 0, null, '6dae7f50-c0ae-41e3-a6b7-dfb6ad856a20', 'N', null, 'N', null, 'N', 'c8c1b042-2758-4898-8c3e-c3029523c3f7', null, 300, null, 'auditorid', null, '0', null, null, 0, null, null, 'N', null, 'Y', 22, 'Y', null, 'Y', 50, null, 'BS000010000100001001', 'N', null, 'N', 0, '审核人id', null, 'N' );
 insert into md_property ( dynamicattr, createtime, ts, visibility, dynamictable, classid, accesspower, attrmaxvalue, notserialize, creator, calculation, id, help, datatypestyle, description, name, refmodelname, industry, defaultvalue, modifytime, dr, accessorclassname, tenantid, hided, resid, isauthen, attrsequence, nullable, attrminvalue, isactive, attrlength, modifier, datatype, readonly, accesspowergroup, customattr, versiontype, displayname, precise, fixedlength ) values ( 'N', null, '2018-12-24 10:13:39', 0, null, '6dae7f50-c0ae-41e3-a6b7-dfb6ad856a20', 'N', null, 'N', null, 'N', '5f99bb6a-66c3-4c3b-83bd-76b7e9d27e07', null, 300, null, 'audittime', null, '0', null, null, 0, null, null, 'N', null, 'Y', 23, 'Y', null, 'Y', 50, null, 'BS000010000100001001', 'N', null, 'N', 0, '审核时间', null, 'N' );
 insert into md_property ( dynamicattr, createtime, ts, visibility, dynamictable, classid, accesspower, attrmaxvalue, notserialize, creator, calculation, id, help, datatypestyle, description, name, refmodelname, industry, defaultvalue, modifytime, dr, accessorclassname, tenantid, hided, resid, isauthen, attrsequence, nullable, attrminvalue, isactive, attrlength, modifier, datatype, readonly, accesspowergroup, customattr, versiontype, displayname, precise, fixedlength ) values ( 'N', null, '2018-12-24 10:13:39', 0, null, '6dae7f50-c0ae-41e3-a6b7-dfb6ad856a20', 'N', null, 'N', null, 'N', 'bbfafe05-309a-46bb-b80e-ddb652cf47b2', null, 300, null, 'auditnote', null, '0', null, null, 0, null, null, 'N', null, 'Y', 24, 'Y', null, 'Y', 50, null, 'BS000010000100001001', 'N', null, 'N', 0, '审核批语', null, 'N' );
 insert into md_property ( dynamicattr, createtime, ts, visibility, dynamictable, classid, accesspower, attrmaxvalue, notserialize, creator, calculation, id, help, datatypestyle, description, name, refmodelname, industry, defaultvalue, modifytime, dr, accessorclassname, tenantid, hided, resid, isauthen, attrsequence, nullable, attrminvalue, isactive, attrlength, modifier, datatype, readonly, accesspowergroup, customattr, versiontype, displayname, precise, fixedlength ) values ( 'N', null, '2018-12-24 10:13:39', 0, null, '6dae7f50-c0ae-41e3-a6b7-dfb6ad856a20', 'N', null, 'N', null, 'N', '946c3c6c-7f6c-415a-9528-d0b6cd73ab97', null, 300, null, 'orgname', null, '0', null, null, 0, null, null, 'N', null, 'Y', 25, 'Y', null, 'Y', 50, null, 'BS000010000100001001', 'N', null, 'N', 0, '组织', null, 'N' );
 insert into md_property ( dynamicattr, createtime, ts, visibility, dynamictable, classid, accesspower, attrmaxvalue, notserialize, creator, calculation, id, help, datatypestyle, description, name, refmodelname, industry, defaultvalue, modifytime, dr, accessorclassname, tenantid, hided, resid, isauthen, attrsequence, nullable, attrminvalue, isactive, attrlength, modifier, datatype, readonly, accesspowergroup, customattr, versiontype, displayname, precise, fixedlength ) values ( 'N', null, '2018-12-24 10:13:39', 0, null, '6dae7f50-c0ae-41e3-a6b7-dfb6ad856a20', 'N', null, 'N', null, 'N', 'a3ebaeae-237b-4cc2-a2c0-ceed2976f08a', null, 300, null, 'orgid', null, '0', null, null, 0, null, null, 'N', null, 'Y', 26, 'Y', null, 'Y', 50, null, 'BS000010000100001001', 'N', null, 'N', 0, '组织id', null, 'N' );
 insert into md_property ( dynamicattr, createtime, ts, visibility, dynamictable, classid, accesspower, attrmaxvalue, notserialize, creator, calculation, id, help, datatypestyle, description, name, refmodelname, industry, defaultvalue, modifytime, dr, accessorclassname, tenantid, hided, resid, isauthen, attrsequence, nullable, attrminvalue, isactive, attrlength, modifier, datatype, readonly, accesspowergroup, customattr, versiontype, displayname, precise, fixedlength ) values ( 'N', null, '2018-12-24 10:13:39', 0, null, '6dae7f50-c0ae-41e3-a6b7-dfb6ad856a20', 'N', null, 'N', null, 'N', '8afa8799-da65-417b-a1e3-a2c4983cbee5', null, 300, null, 'agentname', null, '0', null, null, 0, null, null, 'N', null, 'Y', 27, 'Y', null, 'Y', 50, null, 'BS000010000100001001', 'N', null, 'N', 0, '运营商', null, 'N' );
 insert into md_property ( dynamicattr, createtime, ts, visibility, dynamictable, classid, accesspower, attrmaxvalue, notserialize, creator, calculation, id, help, datatypestyle, description, name, refmodelname, industry, defaultvalue, modifytime, dr, accessorclassname, tenantid, hided, resid, isauthen, attrsequence, nullable, attrminvalue, isactive, attrlength, modifier, datatype, readonly, accesspowergroup, customattr, versiontype, displayname, precise, fixedlength ) values ( 'N', null, '2018-12-24 10:13:39', 0, null, '6dae7f50-c0ae-41e3-a6b7-dfb6ad856a20', 'N', null, 'N', null, 'N', 'd4507a9b-5af2-43b1-aa8a-cbff8d01261c', null, 300, null, 'agentid', null, '0', null, null, 0, null, null, 'N', null, 'Y', 28, 'Y', null, 'Y', 50, null, 'BS000010000100001001', 'N', null, 'N', 0, '运营商id', null, 'N' );
 insert into md_table ( createtime, tenantid, resid, ts, isextendtable, resmodule, creator, fromsourcebmf, modifier, id, isactive, help, databaseid, description, name, versiontype, industry, displayname, modifytime, parenttable, dr ) values ( '2018-10-15 15:13:02', null, null, '2018-12-24 10:13:39', 'N', 'payment', null, 'Y', null, 'bill_service_payment', null, null, null, null, 'bill_service_payment', 0, '0', '工程支付流水表', '2018-12-18 15:42:10', null, 0 );
 insert into md_column ( createtime, forlocale, columntype, ts, creator, id, help, sqldatetype, groupid, description, name, incrementseed, incrementstep, defaultvalue, modifytime, dr, tenantid, columnlength, resid, pkey, nullable, isactive, modifier, columnsequence, identitied, versiontype, tableid, displayname, precise ) values ( null, 'N', 0, '2018-12-24 10:13:39', null, 'bill_service_payment@@PK@@', null, 'char', null, null, 'paymentid', null, null, null, null, 0, null, 36, null, 'Y', 'N', 'Y', null, 0, null, 0, 'bill_service_payment', '主键', null );
 insert into md_column ( createtime, forlocale, columntype, ts, creator, id, help, sqldatetype, groupid, description, name, incrementseed, incrementstep, defaultvalue, modifytime, dr, tenantid, columnlength, resid, pkey, nullable, isactive, modifier, columnsequence, identitied, versiontype, tableid, displayname, precise ) values ( null, 'N', 0, '2018-12-24 10:13:39', null, 'bill_service_payment@@@serialnum', null, 'varchar', null, null, 'serialnum', null, null, null, null, 0, null, 50, null, 'N', 'Y', 'Y', null, 1, null, 0, 'bill_service_payment', '流水号', null );
 insert into md_column ( createtime, forlocale, columntype, ts, creator, id, help, sqldatetype, groupid, description, name, incrementseed, incrementstep, defaultvalue, modifytime, dr, tenantid, columnlength, resid, pkey, nullable, isactive, modifier, columnsequence, identitied, versiontype, tableid, displayname, precise ) values ( null, 'N', 0, '2018-12-24 10:13:39', null, 'bill_service_payment@@@billid', null, 'varchar', null, null, 'billid', null, null, null, null, 0, null, 50, null, 'N', 'Y', 'Y', null, 2, null, 0, 'bill_service_payment', '工程服务id', null );
 insert into md_column ( createtime, forlocale, columntype, ts, creator, id, help, sqldatetype, groupid, description, name, incrementseed, incrementstep, defaultvalue, modifytime, dr, tenantid, columnlength, resid, pkey, nullable, isactive, modifier, columnsequence, identitied, versiontype, tableid, displayname, precise ) values ( null, 'N', 0, '2018-12-24 10:13:39', null, 'bill_service_payment@@@vbillcode', null, 'varchar', null, null, 'vbillcode', null, null, null, null, 0, null, 50, null, 'N', 'Y', 'Y', null, 3, null, 0, 'bill_service_payment', '工程服务编号', null );
 insert into md_column ( createtime, forlocale, columntype, ts, creator, id, help, sqldatetype, groupid, description, name, incrementseed, incrementstep, defaultvalue, modifytime, dr, tenantid, columnlength, resid, pkey, nullable, isactive, modifier, columnsequence, identitied, versiontype, tableid, displayname, precise ) values ( null, 'N', 0, '2018-12-24 10:13:39', null, 'bill_service_payment@@@auditstate', null, 'int', null, null, 'auditstate', null, null, '0', null, 0, null, null, null, 'N', 'Y', 'Y', null, 4, null, 0, 'bill_service_payment', '审核状态', null );
 insert into md_column ( createtime, forlocale, columntype, ts, creator, id, help, sqldatetype, groupid, description, name, incrementseed, incrementstep, defaultvalue, modifytime, dr, tenantid, columnlength, resid, pkey, nullable, isactive, modifier, columnsequence, identitied, versiontype, tableid, displayname, precise ) values ( null, 'N', 0, '2018-12-24 10:13:39', null, 'bill_service_payment@@@type', null, 'int', null, null, 'type', null, null, '0', null, 0, null, null, null, 'N', 'Y', 'Y', null, 5, null, 0, 'bill_service_payment', '类型', null );
 insert into md_column ( createtime, forlocale, columntype, ts, creator, id, help, sqldatetype, groupid, description, name, incrementseed, incrementstep, defaultvalue, modifytime, dr, tenantid, columnlength, resid, pkey, nullable, isactive, modifier, columnsequence, identitied, versiontype, tableid, displayname, precise ) values ( null, 'N', 0, '2018-12-24 10:13:39', null, 'bill_service_payment@@@paymoney', null, 'decimal', null, null, 'paymoney', null, null, '0', null, 0, null, 28, null, 'N', 'Y', 'Y', null, 6, null, 0, 'bill_service_payment', '支付金额', 8 );
 insert into md_column ( createtime, forlocale, columntype, ts, creator, id, help, sqldatetype, groupid, description, name, incrementseed, incrementstep, defaultvalue, modifytime, dr, tenantid, columnlength, resid, pkey, nullable, isactive, modifier, columnsequence, identitied, versiontype, tableid, displayname, precise ) values ( null, 'N', 0, '2018-12-24 10:13:39', null, 'bill_service_payment@@@billnote', null, 'varchar', null, null, 'billnote', null, null, null, null, 0, null, 50, null, 'N', 'Y', 'Y', null, 7, null, 0, 'bill_service_payment', '业务摘要', null );
 insert into md_column ( createtime, forlocale, columntype, ts, creator, id, help, sqldatetype, groupid, description, name, incrementseed, incrementstep, defaultvalue, modifytime, dr, tenantid, columnlength, resid, pkey, nullable, isactive, modifier, columnsequence, identitied, versiontype, tableid, displayname, precise ) values ( null, 'N', 0, '2018-12-24 10:13:39', null, 'bill_service_payment@@@oldorderid', null, 'varchar', null, null, 'oldorderid', null, null, null, null, 0, null, 50, null, 'N', 'Y', 'Y', null, 8, null, 0, 'bill_service_payment', '转移原订单id', null );
 insert into md_column ( createtime, forlocale, columntype, ts, creator, id, help, sqldatetype, groupid, description, name, incrementseed, incrementstep, defaultvalue, modifytime, dr, tenantid, columnlength, resid, pkey, nullable, isactive, modifier, columnsequence, identitied, versiontype, tableid, displayname, precise ) values ( null, 'N', 0, '2018-12-24 10:13:39', null, 'bill_service_payment@@@neworderid', null, 'varchar', null, null, 'neworderid', null, null, null, null, 0, null, 50, null, 'N', 'Y', 'Y', null, 9, null, 0, 'bill_service_payment', '转移目标订单id', null );
 insert into md_column ( createtime, forlocale, columntype, ts, creator, id, help, sqldatetype, groupid, description, name, incrementseed, incrementstep, defaultvalue, modifytime, dr, tenantid, columnlength, resid, pkey, nullable, isactive, modifier, columnsequence, identitied, versiontype, tableid, displayname, precise ) values ( null, 'N', 0, '2018-12-24 10:13:39', null, 'bill_service_payment@@@paymenter', null, 'varchar', null, null, 'paymenter', null, null, null, null, 0, null, 50, null, 'N', 'Y', 'Y', null, 10, null, 0, 'bill_service_payment', '付款人', null );
 insert into md_column ( createtime, forlocale, columntype, ts, creator, id, help, sqldatetype, groupid, description, name, incrementseed, incrementstep, defaultvalue, modifytime, dr, tenantid, columnlength, resid, pkey, nullable, isactive, modifier, columnsequence, identitied, versiontype, tableid, displayname, precise ) values ( null, 'N', 0, '2018-12-24 10:13:39', null, 'bill_service_payment@@@paymentmethod', null, 'varchar', null, null, 'paymentmethod', null, null, null, null, 0, null, 50, null, 'N', 'Y', 'Y', null, 11, null, 0, 'bill_service_payment', '付款方式', null );
 insert into md_column ( createtime, forlocale, columntype, ts, creator, id, help, sqldatetype, groupid, description, name, incrementseed, incrementstep, defaultvalue, modifytime, dr, tenantid, columnlength, resid, pkey, nullable, isactive, modifier, columnsequence, identitied, versiontype, tableid, displayname, precise ) values ( null, 'N', 0, '2018-12-24 10:13:39', null, 'bill_service_payment@@@paymenttype', null, 'varchar', null, null, 'paymenttype', null, null, null, null, 0, null, 50, null, 'N', 'Y', 'Y', null, 12, null, 0, 'bill_service_payment', '款项类型', null );
 insert into md_column ( createtime, forlocale, columntype, ts, creator, id, help, sqldatetype, groupid, description, name, incrementseed, incrementstep, defaultvalue, modifytime, dr, tenantid, columnlength, resid, pkey, nullable, isactive, modifier, columnsequence, identitied, versiontype, tableid, displayname, precise ) values ( null, 'N', 0, '2018-12-24 10:13:39', null, 'bill_service_payment@@@paymenttime', null, 'varchar', null, null, 'paymenttime', null, null, null, null, 0, null, 50, null, 'N', 'Y', 'Y', null, 13, null, 0, 'bill_service_payment', '付款时间', null );
 insert into md_column ( createtime, forlocale, columntype, ts, creator, id, help, sqldatetype, groupid, description, name, incrementseed, incrementstep, defaultvalue, modifytime, dr, tenantid, columnlength, resid, pkey, nullable, isactive, modifier, columnsequence, identitied, versiontype, tableid, displayname, precise ) values ( null, 'N', 0, '2018-12-24 10:13:39', null, 'bill_service_payment@@@memo', null, 'varchar', null, null, 'memo', null, null, null, null, 0, null, 50, null, 'N', 'Y', 'Y', null, 14, null, 0, 'bill_service_payment', '备注', null );
 insert into md_column ( createtime, forlocale, columntype, ts, creator, id, help, sqldatetype, groupid, description, name, incrementseed, incrementstep, defaultvalue, modifytime, dr, tenantid, columnlength, resid, pkey, nullable, isactive, modifier, columnsequence, identitied, versiontype, tableid, displayname, precise ) values ( null, 'N', 0, '2018-12-24 10:13:39', null, 'bill_service_payment@@@creator', null, 'varchar', null, null, 'creator', null, null, null, null, 0, null, 50, null, 'N', 'Y', 'Y', null, 15, null, 0, 'bill_service_payment', '创建人', null );
 insert into md_column ( createtime, forlocale, columntype, ts, creator, id, help, sqldatetype, groupid, description, name, incrementseed, incrementstep, defaultvalue, modifytime, dr, tenantid, columnlength, resid, pkey, nullable, isactive, modifier, columnsequence, identitied, versiontype, tableid, displayname, precise ) values ( null, 'N', 0, '2018-12-24 10:13:39', null, 'bill_service_payment@@@creatorid', null, 'varchar', null, null, 'creatorid', null, null, null, null, 0, null, 50, null, 'N', 'Y', 'Y', null, 16, null, 0, 'bill_service_payment', '创建人id', null );
 insert into md_column ( createtime, forlocale, columntype, ts, creator, id, help, sqldatetype, groupid, description, name, incrementseed, incrementstep, defaultvalue, modifytime, dr, tenantid, columnlength, resid, pkey, nullable, isactive, modifier, columnsequence, identitied, versiontype, tableid, displayname, precise ) values ( null, 'N', 0, '2018-12-24 10:13:39', null, 'bill_service_payment@@@createtime', null, 'varchar', null, null, 'createtime', null, null, null, null, 0, null, 50, null, 'N', 'Y', 'Y', null, 17, null, 0, 'bill_service_payment', '创建时间', null );
 insert into md_column ( createtime, forlocale, columntype, ts, creator, id, help, sqldatetype, groupid, description, name, incrementseed, incrementstep, defaultvalue, modifytime, dr, tenantid, columnlength, resid, pkey, nullable, isactive, modifier, columnsequence, identitied, versiontype, tableid, displayname, precise ) values ( null, 'N', 0, '2018-12-24 10:13:39', null, 'bill_service_payment@@@modifier', null, 'varchar', null, null, 'modifier', null, null, null, null, 0, null, 50, null, 'N', 'Y', 'Y', null, 18, null, 0, 'bill_service_payment', '修改人', null );
 insert into md_column ( createtime, forlocale, columntype, ts, creator, id, help, sqldatetype, groupid, description, name, incrementseed, incrementstep, defaultvalue, modifytime, dr, tenantid, columnlength, resid, pkey, nullable, isactive, modifier, columnsequence, identitied, versiontype, tableid, displayname, precise ) values ( null, 'N', 0, '2018-12-24 10:13:39', null, 'bill_service_payment@@@modifierid', null, 'varchar', null, null, 'modifierid', null, null, null, null, 0, null, 50, null, 'N', 'Y', 'Y', null, 19, null, 0, 'bill_service_payment', '修改人id', null );
 insert into md_column ( createtime, forlocale, columntype, ts, creator, id, help, sqldatetype, groupid, description, name, incrementseed, incrementstep, defaultvalue, modifytime, dr, tenantid, columnlength, resid, pkey, nullable, isactive, modifier, columnsequence, identitied, versiontype, tableid, displayname, precise ) values ( null, 'N', 0, '2018-12-24 10:13:39', null, 'bill_service_payment@@@modifytime', null, 'varchar', null, null, 'modifytime', null, null, null, null, 0, null, 50, null, 'N', 'Y', 'Y', null, 20, null, 0, 'bill_service_payment', '修改时间', null );
 insert into md_column ( createtime, forlocale, columntype, ts, creator, id, help, sqldatetype, groupid, description, name, incrementseed, incrementstep, defaultvalue, modifytime, dr, tenantid, columnlength, resid, pkey, nullable, isactive, modifier, columnsequence, identitied, versiontype, tableid, displayname, precise ) values ( null, 'N', 0, '2018-12-24 10:13:39', null, 'bill_service_payment@@@auditor', null, 'varchar', null, null, 'auditor', null, null, null, null, 0, null, 50, null, 'N', 'Y', 'Y', null, 21, null, 0, 'bill_service_payment', '审核人', null );
 insert into md_column ( createtime, forlocale, columntype, ts, creator, id, help, sqldatetype, groupid, description, name, incrementseed, incrementstep, defaultvalue, modifytime, dr, tenantid, columnlength, resid, pkey, nullable, isactive, modifier, columnsequence, identitied, versiontype, tableid, displayname, precise ) values ( null, 'N', 0, '2018-12-24 10:13:39', null, 'bill_service_payment@@@auditorid', null, 'varchar', null, null, 'auditorid', null, null, null, null, 0, null, 50, null, 'N', 'Y', 'Y', null, 22, null, 0, 'bill_service_payment', '审核人id', null );
 insert into md_column ( createtime, forlocale, columntype, ts, creator, id, help, sqldatetype, groupid, description, name, incrementseed, incrementstep, defaultvalue, modifytime, dr, tenantid, columnlength, resid, pkey, nullable, isactive, modifier, columnsequence, identitied, versiontype, tableid, displayname, precise ) values ( null, 'N', 0, '2018-12-24 10:13:39', null, 'bill_service_payment@@@audittime', null, 'varchar', null, null, 'audittime', null, null, null, null, 0, null, 50, null, 'N', 'Y', 'Y', null, 23, null, 0, 'bill_service_payment', '审核时间', null );
 insert into md_column ( createtime, forlocale, columntype, ts, creator, id, help, sqldatetype, groupid, description, name, incrementseed, incrementstep, defaultvalue, modifytime, dr, tenantid, columnlength, resid, pkey, nullable, isactive, modifier, columnsequence, identitied, versiontype, tableid, displayname, precise ) values ( null, 'N', 0, '2018-12-24 10:13:39', null, 'bill_service_payment@@@auditnote', null, 'varchar', null, null, 'auditnote', null, null, null, null, 0, null, 50, null, 'N', 'Y', 'Y', null, 24, null, 0, 'bill_service_payment', '审核批语', null );
 insert into md_column ( createtime, forlocale, columntype, ts, creator, id, help, sqldatetype, groupid, description, name, incrementseed, incrementstep, defaultvalue, modifytime, dr, tenantid, columnlength, resid, pkey, nullable, isactive, modifier, columnsequence, identitied, versiontype, tableid, displayname, precise ) values ( null, 'N', 0, '2018-12-24 10:13:39', null, 'bill_service_payment@@@orgname', null, 'varchar', null, null, 'orgname', null, null, null, null, 0, null, 50, null, 'N', 'Y', 'Y', null, 25, null, 0, 'bill_service_payment', '组织', null );
 insert into md_column ( createtime, forlocale, columntype, ts, creator, id, help, sqldatetype, groupid, description, name, incrementseed, incrementstep, defaultvalue, modifytime, dr, tenantid, columnlength, resid, pkey, nullable, isactive, modifier, columnsequence, identitied, versiontype, tableid, displayname, precise ) values ( null, 'N', 0, '2018-12-24 10:13:39', null, 'bill_service_payment@@@orgid', null, 'varchar', null, null, 'orgid', null, null, null, null, 0, null, 50, null, 'N', 'Y', 'Y', null, 26, null, 0, 'bill_service_payment', '组织id', null );
 insert into md_column ( createtime, forlocale, columntype, ts, creator, id, help, sqldatetype, groupid, description, name, incrementseed, incrementstep, defaultvalue, modifytime, dr, tenantid, columnlength, resid, pkey, nullable, isactive, modifier, columnsequence, identitied, versiontype, tableid, displayname, precise ) values ( null, 'N', 0, '2018-12-24 10:13:39', null, 'bill_service_payment@@@agentname', null, 'varchar', null, null, 'agentname', null, null, null, null, 0, null, 50, null, 'N', 'Y', 'Y', null, 27, null, 0, 'bill_service_payment', '运营商', null );
 insert into md_column ( createtime, forlocale, columntype, ts, creator, id, help, sqldatetype, groupid, description, name, incrementseed, incrementstep, defaultvalue, modifytime, dr, tenantid, columnlength, resid, pkey, nullable, isactive, modifier, columnsequence, identitied, versiontype, tableid, displayname, precise ) values ( null, 'N', 0, '2018-12-24 10:13:39', null, 'bill_service_payment@@@agentid', null, 'varchar', null, null, 'agentid', null, null, null, null, 0, null, 50, null, 'N', 'Y', 'Y', null, 28, null, 0, 'bill_service_payment', '运营商id', null );
 insert into md_ormap ( tenantid, ts, columnid, classid, tableid, attributeid, dr ) values ( null, '2018-12-24 10:13:39', 'bill_service_payment@@@modifytime', '6dae7f50-c0ae-41e3-a6b7-dfb6ad856a20', 'bill_service_payment', '4513b900-9e0f-437d-b985-cd3266050261', 0 );
 insert into md_ormap ( tenantid, ts, columnid, classid, tableid, attributeid, dr ) values ( null, '2018-12-24 10:13:39', 'bill_service_payment@@@paymoney', '6dae7f50-c0ae-41e3-a6b7-dfb6ad856a20', 'bill_service_payment', '3f0ee2df-343d-45ce-b859-92e1e9d400dd', 0 );
 insert into md_ormap ( tenantid, ts, columnid, classid, tableid, attributeid, dr ) values ( null, '2018-12-24 10:13:39', 'bill_service_payment@@PK@@', '6dae7f50-c0ae-41e3-a6b7-dfb6ad856a20', 'bill_service_payment', '423d1a75-15ba-4e17-b35e-00013662dc1c', 0 );
 insert into md_ormap ( tenantid, ts, columnid, classid, tableid, attributeid, dr ) values ( null, '2018-12-24 10:13:39', 'bill_service_payment@@@paymentmethod', '6dae7f50-c0ae-41e3-a6b7-dfb6ad856a20', 'bill_service_payment', '52d79810-a73d-4583-bf68-e7dd168aa468', 0 );
 insert into md_ormap ( tenantid, ts, columnid, classid, tableid, attributeid, dr ) values ( null, '2018-12-24 10:13:39', 'bill_service_payment@@@neworderid', '6dae7f50-c0ae-41e3-a6b7-dfb6ad856a20', 'bill_service_payment', '2f7240dd-ee0b-452b-98db-ed26a7d38428', 0 );
 insert into md_ormap ( tenantid, ts, columnid, classid, tableid, attributeid, dr ) values ( null, '2018-12-24 10:13:39', 'bill_service_payment@@@oldorderid', '6dae7f50-c0ae-41e3-a6b7-dfb6ad856a20', 'bill_service_payment', '4a61e0ef-5a4b-4907-a863-b88ee931eef8', 0 );
 insert into md_ormap ( tenantid, ts, columnid, classid, tableid, attributeid, dr ) values ( null, '2018-12-24 10:13:39', 'bill_service_payment@@@auditstate', '6dae7f50-c0ae-41e3-a6b7-dfb6ad856a20', 'bill_service_payment', '40d24771-7c96-4c77-bd36-87dbd03d4c51', 0 );
 insert into md_ormap ( tenantid, ts, columnid, classid, tableid, attributeid, dr ) values ( null, '2018-12-24 10:13:39', 'bill_service_payment@@@memo', '6dae7f50-c0ae-41e3-a6b7-dfb6ad856a20', 'bill_service_payment', '9e0305d7-89a7-497d-8ae0-177393e176e8', 0 );
 insert into md_ormap ( tenantid, ts, columnid, classid, tableid, attributeid, dr ) values ( null, '2018-12-24 10:13:39', 'bill_service_payment@@@paymenter', '6dae7f50-c0ae-41e3-a6b7-dfb6ad856a20', 'bill_service_payment', 'a1fb7f72-5e80-42b2-8eac-a0411e9cde6d', 0 );
 insert into md_ormap ( tenantid, ts, columnid, classid, tableid, attributeid, dr ) values ( null, '2018-12-24 10:13:39', 'bill_service_payment@@@agentname', '6dae7f50-c0ae-41e3-a6b7-dfb6ad856a20', 'bill_service_payment', '8afa8799-da65-417b-a1e3-a2c4983cbee5', 0 );
 insert into md_ormap ( tenantid, ts, columnid, classid, tableid, attributeid, dr ) values ( null, '2018-12-24 10:13:39', 'bill_service_payment@@@modifier', '6dae7f50-c0ae-41e3-a6b7-dfb6ad856a20', 'bill_service_payment', 'eb90815a-486b-469b-99e5-74c51bcb0c15', 0 );
 insert into md_ormap ( tenantid, ts, columnid, classid, tableid, attributeid, dr ) values ( null, '2018-12-24 10:13:39', 'bill_service_payment@@@agentid', '6dae7f50-c0ae-41e3-a6b7-dfb6ad856a20', 'bill_service_payment', 'd4507a9b-5af2-43b1-aa8a-cbff8d01261c', 0 );
 insert into md_ormap ( tenantid, ts, columnid, classid, tableid, attributeid, dr ) values ( null, '2018-12-24 10:13:39', 'bill_service_payment@@@orgid', '6dae7f50-c0ae-41e3-a6b7-dfb6ad856a20', 'bill_service_payment', 'a3ebaeae-237b-4cc2-a2c0-ceed2976f08a', 0 );
 insert into md_ormap ( tenantid, ts, columnid, classid, tableid, attributeid, dr ) values ( null, '2018-12-24 10:13:39', 'bill_service_payment@@@audittime', '6dae7f50-c0ae-41e3-a6b7-dfb6ad856a20', 'bill_service_payment', '5f99bb6a-66c3-4c3b-83bd-76b7e9d27e07', 0 );
 insert into md_ormap ( tenantid, ts, columnid, classid, tableid, attributeid, dr ) values ( null, '2018-12-24 10:13:39', 'bill_service_payment@@@creator', '6dae7f50-c0ae-41e3-a6b7-dfb6ad856a20', 'bill_service_payment', 'ffb54f17-7ee8-4abd-8a5f-d97f185d2b1f', 0 );
 insert into md_ormap ( tenantid, ts, columnid, classid, tableid, attributeid, dr ) values ( null, '2018-12-24 10:13:39', 'bill_service_payment@@@auditnote', '6dae7f50-c0ae-41e3-a6b7-dfb6ad856a20', 'bill_service_payment', 'bbfafe05-309a-46bb-b80e-ddb652cf47b2', 0 );
 insert into md_ormap ( tenantid, ts, columnid, classid, tableid, attributeid, dr ) values ( null, '2018-12-24 10:13:39', 'bill_service_payment@@@billnote', '6dae7f50-c0ae-41e3-a6b7-dfb6ad856a20', 'bill_service_payment', 'f7438b63-f7b7-40b5-bd04-8bff6d7864fb', 0 );
 insert into md_ormap ( tenantid, ts, columnid, classid, tableid, attributeid, dr ) values ( null, '2018-12-24 10:13:39', 'bill_service_payment@@@paymenttime', '6dae7f50-c0ae-41e3-a6b7-dfb6ad856a20', 'bill_service_payment', '1470b09a-cee8-4ff5-9350-4fc295ffa5fb', 0 );
 insert into md_ormap ( tenantid, ts, columnid, classid, tableid, attributeid, dr ) values ( null, '2018-12-24 10:13:39', 'bill_service_payment@@@serialnum', '6dae7f50-c0ae-41e3-a6b7-dfb6ad856a20', 'bill_service_payment', '68f0925c-a3d0-41f7-80b6-ca8b26803b11', 0 );
 insert into md_ormap ( tenantid, ts, columnid, classid, tableid, attributeid, dr ) values ( null, '2018-12-24 10:13:39', 'bill_service_payment@@@paymenttype', '6dae7f50-c0ae-41e3-a6b7-dfb6ad856a20', 'bill_service_payment', '22e6bb62-9d36-4854-952e-ddac6bbe86f7', 0 );
 insert into md_ormap ( tenantid, ts, columnid, classid, tableid, attributeid, dr ) values ( null, '2018-12-24 10:13:39', 'bill_service_payment@@@modifierid', '6dae7f50-c0ae-41e3-a6b7-dfb6ad856a20', 'bill_service_payment', '1e5e3e4b-ccb2-4458-857e-cd8a06a155d7', 0 );
 insert into md_ormap ( tenantid, ts, columnid, classid, tableid, attributeid, dr ) values ( null, '2018-12-24 10:13:39', 'bill_service_payment@@@auditor', '6dae7f50-c0ae-41e3-a6b7-dfb6ad856a20', 'bill_service_payment', '61b4d8bd-7e22-4ac8-b21b-8a62225a55b5', 0 );
 insert into md_ormap ( tenantid, ts, columnid, classid, tableid, attributeid, dr ) values ( null, '2018-12-24 10:13:39', 'bill_service_payment@@@vbillcode', '6dae7f50-c0ae-41e3-a6b7-dfb6ad856a20', 'bill_service_payment', 'e03ad655-2287-422d-8395-af5a836742af', 0 );
 insert into md_ormap ( tenantid, ts, columnid, classid, tableid, attributeid, dr ) values ( null, '2018-12-24 10:13:39', 'bill_service_payment@@@creatorid', '6dae7f50-c0ae-41e3-a6b7-dfb6ad856a20', 'bill_service_payment', '46b222f5-42b4-409c-8d78-9fbf6998a167', 0 );
 insert into md_ormap ( tenantid, ts, columnid, classid, tableid, attributeid, dr ) values ( null, '2018-12-24 10:13:39', 'bill_service_payment@@@type', '6dae7f50-c0ae-41e3-a6b7-dfb6ad856a20', 'bill_service_payment', '7c67fa41-38af-4640-9a21-f90c5753e9ec', 0 );
 insert into md_ormap ( tenantid, ts, columnid, classid, tableid, attributeid, dr ) values ( null, '2018-12-24 10:13:39', 'bill_service_payment@@@createtime', '6dae7f50-c0ae-41e3-a6b7-dfb6ad856a20', 'bill_service_payment', '01c03d8d-a8e1-48ed-af6a-89ecc5f8bdef', 0 );
 insert into md_ormap ( tenantid, ts, columnid, classid, tableid, attributeid, dr ) values ( null, '2018-12-24 10:13:39', 'bill_service_payment@@@orgname', '6dae7f50-c0ae-41e3-a6b7-dfb6ad856a20', 'bill_service_payment', '946c3c6c-7f6c-415a-9528-d0b6cd73ab97', 0 );
 insert into md_ormap ( tenantid, ts, columnid, classid, tableid, attributeid, dr ) values ( null, '2018-12-24 10:13:39', 'bill_service_payment@@@auditorid', '6dae7f50-c0ae-41e3-a6b7-dfb6ad856a20', 'bill_service_payment', 'c8c1b042-2758-4898-8c3e-c3029523c3f7', 0 );
 insert into md_ormap ( tenantid, ts, columnid, classid, tableid, attributeid, dr ) values ( null, '2018-12-24 10:13:39', 'bill_service_payment@@@billid', '6dae7f50-c0ae-41e3-a6b7-dfb6ad856a20', 'bill_service_payment', 'c119b5be-235d-4fbb-a8ca-47ffd669a28d', 0 );
