--此脚本作为元数据发布时参考使用,以便开发者了解元数据信息在数据库中的记录.
--严禁将此脚本直接或修改后在数据库中执行,如由上述行为引发问题,概不支持.


 delete from md_db_relation where startattrid in ( select id from md_property where classid in ( '8fdc907c-4bd7-4023-b4e6-07148fc91668', '@@@@' ) and ( versiontype = 0 or versiontype is null ) ) and starttableid in ( 'sys_template', '@@@@' );
 delete from md_ormap where ATTRIBUTEID in ( select id from md_property where classid in ( '8fdc907c-4bd7-4023-b4e6-07148fc91668', '@@@@' ) and ( versiontype = 0 or versiontype is null ) ) and tableid in ( 'sys_template', '@@@@' );
 delete from md_table where id not in ( select distinct tableid from md_ormap ) and ( versiontype = 0 or versiontype is null );
 delete from md_column where tableid in ( 'sys_template', '@@@@' ) and id not in ( select distinct columnid from md_ormap ) and ( ifnull( groupid, '~' ) = '~' or groupid = id ) and name <> 'extend_bean_tag';
 delete from md_column where tableid in ( 'sys_template', '@@@@' ) and groupid is not null and groupid not in ( select distinct t.id from ( select * from md_column ) t where tableid in ( 'sys_template', '@@@@' ) );
 delete from md_db_relation where starttableid not in ( select id from md_table );
 delete from md_association where componentID = '9f9e42bd-ceda-4ad5-8461-c2094aed3566' and ( versiontype = 0 or versiontype is null );
 delete from md_property where classID in ( select distinct id from md_class where componentID = '9f9e42bd-ceda-4ad5-8461-c2094aed3566' ) and ( versiontype = 0 or versiontype is null );
 delete from md_bizitfmap where classID in ( select distinct id from md_class where componentID = '9f9e42bd-ceda-4ad5-8461-c2094aed3566' );
 delete from md_bizitfmap where classID in ( select id from md_opinterface where componentID = '9f9e42bd-ceda-4ad5-8461-c2094aed3566' and ( versiontype = 0 or versiontype is null ) );
 delete from md_accessorpara where id in ( select distinct id from md_class where componentID = '9f9e42bd-ceda-4ad5-8461-c2094aed3566' );
 delete from md_enumvalue where id in ( select distinct id from md_class where componentID = '9f9e42bd-ceda-4ad5-8461-c2094aed3566' ) and ( versiontype = 0 or versiontype is null );
 delete from md_class where componentID = '9f9e42bd-ceda-4ad5-8461-c2094aed3566' and ( versiontype = 0 or versiontype is null );
 delete from md_component where id = '9f9e42bd-ceda-4ad5-8461-c2094aed3566' and ( versiontype = 0 or versiontype is null );
 delete from md_table where ( id = 'sys_template' );
 delete from md_column where ( id = 'sys_template@@PK@@' );
 delete from md_column where ( id = 'sys_template@@@userid' );
 delete from md_column where ( id = 'sys_template@@@username' );
 delete from md_column where ( id = 'sys_template@@@orgname' );
 delete from md_column where ( id = 'sys_template@@@orgid' );
 delete from md_column where ( id = 'sys_template@@@templatename' );
 delete from md_column where ( id = 'sys_template@@@templatetype' );
 delete from md_column where ( id = 'sys_template@@@attribute' );
 delete from md_column where ( id = 'sys_template@@@visibletype' );
 delete from md_column where ( id = 'sys_template@@@visibleindex' );
 delete from md_column where ( id = 'sys_template@@@visible' );
 delete from md_column where ( id = 'sys_template@@@visiblelevel' );
 delete from md_column where ( id = 'sys_template@@@createtime' );
 delete from md_column where ( id = 'sys_template@@@def1' );
 delete from md_column where ( id = 'sys_template@@@def2' );
 delete from md_column where ( id = 'sys_template@@@def3' );



 insert into md_component ( createtime, tenantid, resid, ts, resmodule, version, namespace, creator, fromsourcebmf, modifier, id, help, description, preload, name, ownmodule, versiontype, displayname, industry, modifytime, isbizmodel, dr ) values ( '2019-06-19 11:21:06', null, null, '2019-06-27 18:05:29', 'sys_template', '16', 'dingCMS', null, 'Y', null, '9f9e42bd-ceda-4ad5-8461-c2094aed3566', null, null, null, 'sys_template', 'dingCMS', 0, 'sys_template', '0', '2019-06-27 18:02:38', 'N', 0 );
 insert into md_class ( modinfoclassname, createtime, parentclassid, ts, userdefclassname, iscreatesql, creator, id, help, bizitfimpclassname, description, name, refmodelname, industry, modifytime, dr, accessorclassname, tenantid, isprimary, resid, isauthen, keyattribute, fullclassname, classtype, returntype, componentid, isactive, modifier, stereotype, isextendbean, defaulttablename, versiontype, displayname, precise, fixedlength ) values ( null, '2019-06-19 11:21:35', null, '2019-06-27 18:05:29', null, 'Y', null, '8fdc907c-4bd7-4023-b4e6-07148fc91668', null, null, null, 'Template', null, '0', '2019-06-27 18:03:50', 0, 'nc.md.model.access.javamap.POJOStyle', null, 'Y', null, 'Y', 'd6cdc6ef-3264-45ad-91cf-e3ed5cce736b', 'com.yonyou.iuap.system.entity.Template', 201, null, '9f9e42bd-ceda-4ad5-8461-c2094aed3566', null, null, null, null, 'sys_template', 0, '自定义模板表', null, null );
 insert into md_property ( dynamicattr, createtime, ts, visibility, dynamictable, classid, accesspower, attrmaxvalue, notserialize, creator, calculation, id, help, datatypestyle, description, name, refmodelname, industry, defaultvalue, modifytime, dr, accessorclassname, tenantid, hided, resid, isauthen, attrsequence, nullable, attrminvalue, isactive, attrlength, modifier, datatype, readonly, accesspowergroup, customattr, versiontype, displayname, precise, fixedlength ) values ( 'N', null, '2019-06-27 18:05:29', 0, null, '8fdc907c-4bd7-4023-b4e6-07148fc91668', 'N', null, 'N', null, 'N', 'd6cdc6ef-3264-45ad-91cf-e3ed5cce736b', null, 300, null, 'id', null, '0', null, null, 0, null, null, 'N', null, 'Y', 0, 'N', null, 'Y', 36, null, 'BS000010000100001051', 'N', null, 'N', 0, '主键', null, 'N' );
 insert into md_property ( dynamicattr, createtime, ts, visibility, dynamictable, classid, accesspower, attrmaxvalue, notserialize, creator, calculation, id, help, datatypestyle, description, name, refmodelname, industry, defaultvalue, modifytime, dr, accessorclassname, tenantid, hided, resid, isauthen, attrsequence, nullable, attrminvalue, isactive, attrlength, modifier, datatype, readonly, accesspowergroup, customattr, versiontype, displayname, precise, fixedlength ) values ( 'N', null, '2019-06-27 18:05:29', 0, null, '8fdc907c-4bd7-4023-b4e6-07148fc91668', 'N', null, 'N', null, 'N', '946d96de-ccb0-4f1a-824b-d7020ec96f27', null, 300, null, 'userid', null, '0', null, null, 0, null, null, 'N', null, 'Y', 1, 'Y', null, 'Y', 50, null, 'BS000010000100001001', 'N', null, 'N', 0, '创建用户id', null, 'N' );
 insert into md_property ( dynamicattr, createtime, ts, visibility, dynamictable, classid, accesspower, attrmaxvalue, notserialize, creator, calculation, id, help, datatypestyle, description, name, refmodelname, industry, defaultvalue, modifytime, dr, accessorclassname, tenantid, hided, resid, isauthen, attrsequence, nullable, attrminvalue, isactive, attrlength, modifier, datatype, readonly, accesspowergroup, customattr, versiontype, displayname, precise, fixedlength ) values ( 'N', null, '2019-06-27 18:05:29', 0, null, '8fdc907c-4bd7-4023-b4e6-07148fc91668', 'N', null, 'N', null, 'N', 'eb870c90-f6aa-43ba-a49a-36c2b2c8a3dc', null, 300, null, 'username', null, '0', null, null, 0, null, null, 'N', null, 'Y', 2, 'Y', null, 'Y', 50, null, 'BS000010000100001001', 'N', null, 'N', 0, '创建用户名', null, 'N' );
 insert into md_property ( dynamicattr, createtime, ts, visibility, dynamictable, classid, accesspower, attrmaxvalue, notserialize, creator, calculation, id, help, datatypestyle, description, name, refmodelname, industry, defaultvalue, modifytime, dr, accessorclassname, tenantid, hided, resid, isauthen, attrsequence, nullable, attrminvalue, isactive, attrlength, modifier, datatype, readonly, accesspowergroup, customattr, versiontype, displayname, precise, fixedlength ) values ( 'N', null, '2019-06-27 18:05:29', 0, null, '8fdc907c-4bd7-4023-b4e6-07148fc91668', 'N', null, 'N', null, 'N', '2a3f04cd-fa45-4fe6-ad8f-e89c0b1bcfbe', null, 300, null, 'orgname', null, '0', null, null, 0, null, null, 'N', null, 'Y', 3, 'Y', null, 'Y', 50, null, 'BS000010000100001001', 'N', null, 'N', 0, '组织名', null, 'N' );
 insert into md_property ( dynamicattr, createtime, ts, visibility, dynamictable, classid, accesspower, attrmaxvalue, notserialize, creator, calculation, id, help, datatypestyle, description, name, refmodelname, industry, defaultvalue, modifytime, dr, accessorclassname, tenantid, hided, resid, isauthen, attrsequence, nullable, attrminvalue, isactive, attrlength, modifier, datatype, readonly, accesspowergroup, customattr, versiontype, displayname, precise, fixedlength ) values ( 'N', null, '2019-06-27 18:05:29', 0, null, '8fdc907c-4bd7-4023-b4e6-07148fc91668', 'N', null, 'N', null, 'N', '7c743160-291f-4554-8162-7746e14e4062', null, 300, null, 'orgid', null, '0', null, null, 0, null, null, 'N', null, 'Y', 4, 'Y', null, 'Y', 50, null, 'BS000010000100001001', 'N', null, 'N', 0, '组织id', null, 'N' );
 insert into md_property ( dynamicattr, createtime, ts, visibility, dynamictable, classid, accesspower, attrmaxvalue, notserialize, creator, calculation, id, help, datatypestyle, description, name, refmodelname, industry, defaultvalue, modifytime, dr, accessorclassname, tenantid, hided, resid, isauthen, attrsequence, nullable, attrminvalue, isactive, attrlength, modifier, datatype, readonly, accesspowergroup, customattr, versiontype, displayname, precise, fixedlength ) values ( 'N', null, '2019-06-27 18:05:29', 0, null, '8fdc907c-4bd7-4023-b4e6-07148fc91668', 'N', null, 'N', null, 'N', 'c92e84e7-b0f5-46de-9166-9c5884156fca', null, 300, '表单的名字或者是下拉框的名字', 'templatename', null, '0', null, null, 0, null, null, 'N', null, 'Y', 5, 'Y', null, 'Y', 50, null, 'BS000010000100001001', 'N', null, 'N', 0, '模板名', null, 'N' );
 insert into md_property ( dynamicattr, createtime, ts, visibility, dynamictable, classid, accesspower, attrmaxvalue, notserialize, creator, calculation, id, help, datatypestyle, description, name, refmodelname, industry, defaultvalue, modifytime, dr, accessorclassname, tenantid, hided, resid, isauthen, attrsequence, nullable, attrminvalue, isactive, attrlength, modifier, datatype, readonly, accesspowergroup, customattr, versiontype, displayname, precise, fixedlength ) values ( 'N', null, '2019-06-27 18:05:29', 0, null, '8fdc907c-4bd7-4023-b4e6-07148fc91668', 'N', null, 'N', null, 'N', 'f28f3111-1fce-4553-b9e4-c1ca3efa405f', null, 300, '模板类型可以是表单或者下拉框或者更多', 'templatetype', null, '0', null, null, 0, null, null, 'N', null, 'Y', 6, 'Y', null, 'Y', 50, null, 'BS000010000100001001', 'N', null, 'N', 0, '模板类型', null, 'N' );
 insert into md_property ( dynamicattr, createtime, ts, visibility, dynamictable, classid, accesspower, attrmaxvalue, notserialize, creator, calculation, id, help, datatypestyle, description, name, refmodelname, industry, defaultvalue, modifytime, dr, accessorclassname, tenantid, hided, resid, isauthen, attrsequence, nullable, attrminvalue, isactive, attrlength, modifier, datatype, readonly, accesspowergroup, customattr, versiontype, displayname, precise, fixedlength ) values ( 'N', null, '2019-06-27 18:05:29', 0, null, '8fdc907c-4bd7-4023-b4e6-07148fc91668', 'N', null, 'N', null, 'N', '20c55640-4933-44ed-a6e6-72c4fcfcef83', null, 300, null, 'attribute', null, '0', null, null, 0, null, null, 'N', null, 'Y', 7, 'Y', null, 'Y', 50, null, 'BS000010000100001001', 'N', null, 'N', 0, '属性名', null, 'N' );
 insert into md_property ( dynamicattr, createtime, ts, visibility, dynamictable, classid, accesspower, attrmaxvalue, notserialize, creator, calculation, id, help, datatypestyle, description, name, refmodelname, industry, defaultvalue, modifytime, dr, accessorclassname, tenantid, hided, resid, isauthen, attrsequence, nullable, attrminvalue, isactive, attrlength, modifier, datatype, readonly, accesspowergroup, customattr, versiontype, displayname, precise, fixedlength ) values ( 'N', null, '2019-06-27 18:05:29', 0, null, '8fdc907c-4bd7-4023-b4e6-07148fc91668', 'N', null, 'N', null, 'N', '1ddad14e-a17c-464d-874c-060bb65ed507', null, 300, null, 'visibletype', null, '0', null, null, 0, null, null, 'N', null, 'Y', 8, 'Y', null, 'Y', 50, null, 'BS000010000100001001', 'N', null, 'N', 0, '展示类型', null, 'N' );
 insert into md_property ( dynamicattr, createtime, ts, visibility, dynamictable, classid, accesspower, attrmaxvalue, notserialize, creator, calculation, id, help, datatypestyle, description, name, refmodelname, industry, defaultvalue, modifytime, dr, accessorclassname, tenantid, hided, resid, isauthen, attrsequence, nullable, attrminvalue, isactive, attrlength, modifier, datatype, readonly, accesspowergroup, customattr, versiontype, displayname, precise, fixedlength ) values ( 'N', null, '2019-06-27 18:05:29', 0, null, '8fdc907c-4bd7-4023-b4e6-07148fc91668', 'N', null, 'N', null, 'N', '7b678b82-bd43-4ae2-8681-2a1617eb92ca', null, 300, null, 'visibleindex', null, '0', null, null, 0, null, null, 'N', null, 'Y', 9, 'Y', null, 'Y', null, null, 'BS000010000100001004', 'N', null, 'N', 0, '展示顺序', null, 'N' );
 insert into md_property ( dynamicattr, createtime, ts, visibility, dynamictable, classid, accesspower, attrmaxvalue, notserialize, creator, calculation, id, help, datatypestyle, description, name, refmodelname, industry, defaultvalue, modifytime, dr, accessorclassname, tenantid, hided, resid, isauthen, attrsequence, nullable, attrminvalue, isactive, attrlength, modifier, datatype, readonly, accesspowergroup, customattr, versiontype, displayname, precise, fixedlength ) values ( 'N', null, '2019-06-27 18:05:29', 0, null, '8fdc907c-4bd7-4023-b4e6-07148fc91668', 'N', null, 'N', null, 'N', 'f9be0e4c-1afc-4e80-97e0-3e3d9be12638', null, 300, null, 'visible', null, '0', null, null, 0, null, null, 'N', null, 'Y', 10, 'Y', null, 'Y', null, null, 'BS000010000100001032', 'N', null, 'N', 0, '是否展示', null, 'N' );
 insert into md_property ( dynamicattr, createtime, ts, visibility, dynamictable, classid, accesspower, attrmaxvalue, notserialize, creator, calculation, id, help, datatypestyle, description, name, refmodelname, industry, defaultvalue, modifytime, dr, accessorclassname, tenantid, hided, resid, isauthen, attrsequence, nullable, attrminvalue, isactive, attrlength, modifier, datatype, readonly, accesspowergroup, customattr, versiontype, displayname, precise, fixedlength ) values ( 'N', null, '2019-06-27 18:05:29', 0, null, '8fdc907c-4bd7-4023-b4e6-07148fc91668', 'N', null, 'N', null, 'N', '6356b184-39b0-4b39-9118-8a2e62c61d42', null, 300, '展示级别可以是个人或者组织', 'visiblelevel', null, '0', null, null, 0, null, null, 'N', null, 'Y', 11, 'Y', null, 'Y', 50, null, 'BS000010000100001001', 'N', null, 'N', 0, '展示级别', null, 'N' );
 insert into md_property ( dynamicattr, createtime, ts, visibility, dynamictable, classid, accesspower, attrmaxvalue, notserialize, creator, calculation, id, help, datatypestyle, description, name, refmodelname, industry, defaultvalue, modifytime, dr, accessorclassname, tenantid, hided, resid, isauthen, attrsequence, nullable, attrminvalue, isactive, attrlength, modifier, datatype, readonly, accesspowergroup, customattr, versiontype, displayname, precise, fixedlength ) values ( 'N', null, '2019-06-27 18:05:29', 0, null, '8fdc907c-4bd7-4023-b4e6-07148fc91668', 'N', null, 'N', null, 'N', '26228f49-6be9-4045-a820-bbff4832b0fe', null, 300, null, 'createtime', null, '0', null, null, 0, null, null, 'N', null, 'Y', 12, 'Y', null, 'Y', null, null, 'BS000010000100001034', 'N', null, 'N', 0, '创建时间', null, 'N' );
 insert into md_property ( dynamicattr, createtime, ts, visibility, dynamictable, classid, accesspower, attrmaxvalue, notserialize, creator, calculation, id, help, datatypestyle, description, name, refmodelname, industry, defaultvalue, modifytime, dr, accessorclassname, tenantid, hided, resid, isauthen, attrsequence, nullable, attrminvalue, isactive, attrlength, modifier, datatype, readonly, accesspowergroup, customattr, versiontype, displayname, precise, fixedlength ) values ( 'N', null, '2019-06-27 18:05:29', 0, null, '8fdc907c-4bd7-4023-b4e6-07148fc91668', 'N', null, 'N', null, 'N', 'ec2734b2-2fa2-41fe-aeb0-692674cc73e4', null, 300, null, 'def1', null, '0', null, null, 0, null, null, 'N', null, 'Y', 13, 'Y', null, 'Y', 101, null, 'BS000010000100001056', 'N', null, 'Y', 0, '自定义项1', null, 'N' );
 insert into md_property ( dynamicattr, createtime, ts, visibility, dynamictable, classid, accesspower, attrmaxvalue, notserialize, creator, calculation, id, help, datatypestyle, description, name, refmodelname, industry, defaultvalue, modifytime, dr, accessorclassname, tenantid, hided, resid, isauthen, attrsequence, nullable, attrminvalue, isactive, attrlength, modifier, datatype, readonly, accesspowergroup, customattr, versiontype, displayname, precise, fixedlength ) values ( 'N', null, '2019-06-27 18:05:29', 0, null, '8fdc907c-4bd7-4023-b4e6-07148fc91668', 'N', null, 'N', null, 'N', '8464e63c-acf0-4744-9f0b-ea73f9159e40', null, 300, null, 'def2', null, '0', null, null, 0, null, null, 'N', null, 'Y', 14, 'Y', null, 'Y', 101, null, 'BS000010000100001056', 'N', null, 'Y', 0, '自定义项2', null, 'N' );
 insert into md_property ( dynamicattr, createtime, ts, visibility, dynamictable, classid, accesspower, attrmaxvalue, notserialize, creator, calculation, id, help, datatypestyle, description, name, refmodelname, industry, defaultvalue, modifytime, dr, accessorclassname, tenantid, hided, resid, isauthen, attrsequence, nullable, attrminvalue, isactive, attrlength, modifier, datatype, readonly, accesspowergroup, customattr, versiontype, displayname, precise, fixedlength ) values ( 'N', null, '2019-06-27 18:05:29', 0, null, '8fdc907c-4bd7-4023-b4e6-07148fc91668', 'N', null, 'N', null, 'N', '2d9259ba-ab4b-4cf2-bafd-bf61f37aad2d', null, 300, null, 'def3', null, '0', null, null, 0, null, null, 'N', null, 'Y', 15, 'Y', null, 'Y', 101, null, 'BS000010000100001056', 'N', null, 'Y', 0, '自定义项3', null, 'N' );
 insert into md_table ( createtime, tenantid, resid, ts, isextendtable, resmodule, creator, fromsourcebmf, modifier, id, isactive, help, databaseid, description, name, versiontype, industry, displayname, modifytime, parenttable, dr ) values ( '2019-06-19 11:21:35', null, null, '2019-06-27 18:05:29', 'N', 'sys_template', null, 'Y', null, 'sys_template', null, null, null, null, 'sys_template', 0, '0', '自定义模板表', '2019-06-27 18:03:50', null, 0 );
 insert into md_column ( createtime, forlocale, columntype, ts, creator, id, help, sqldatetype, groupid, description, name, incrementseed, incrementstep, defaultvalue, modifytime, dr, tenantid, columnlength, resid, pkey, nullable, isactive, modifier, columnsequence, identitied, versiontype, tableid, displayname, precise ) values ( null, 'N', 0, '2019-06-27 18:05:29', null, 'sys_template@@PK@@', null, 'char', null, null, 'id', null, null, null, null, 0, null, 36, null, 'Y', 'N', 'Y', null, 0, null, 0, 'sys_template', '主键', null );
 insert into md_column ( createtime, forlocale, columntype, ts, creator, id, help, sqldatetype, groupid, description, name, incrementseed, incrementstep, defaultvalue, modifytime, dr, tenantid, columnlength, resid, pkey, nullable, isactive, modifier, columnsequence, identitied, versiontype, tableid, displayname, precise ) values ( null, 'N', 0, '2019-06-27 18:05:29', null, 'sys_template@@@userid', null, 'varchar', null, null, 'userid', null, null, null, null, 0, null, 50, null, 'N', 'Y', 'Y', null, 1, null, 0, 'sys_template', '创建用户id', null );
 insert into md_column ( createtime, forlocale, columntype, ts, creator, id, help, sqldatetype, groupid, description, name, incrementseed, incrementstep, defaultvalue, modifytime, dr, tenantid, columnlength, resid, pkey, nullable, isactive, modifier, columnsequence, identitied, versiontype, tableid, displayname, precise ) values ( null, 'N', 0, '2019-06-27 18:05:29', null, 'sys_template@@@username', null, 'varchar', null, null, 'username', null, null, null, null, 0, null, 50, null, 'N', 'Y', 'Y', null, 2, null, 0, 'sys_template', '创建用户名', null );
 insert into md_column ( createtime, forlocale, columntype, ts, creator, id, help, sqldatetype, groupid, description, name, incrementseed, incrementstep, defaultvalue, modifytime, dr, tenantid, columnlength, resid, pkey, nullable, isactive, modifier, columnsequence, identitied, versiontype, tableid, displayname, precise ) values ( null, 'N', 0, '2019-06-27 18:05:29', null, 'sys_template@@@orgname', null, 'varchar', null, null, 'orgname', null, null, null, null, 0, null, 50, null, 'N', 'Y', 'Y', null, 3, null, 0, 'sys_template', '组织名', null );
 insert into md_column ( createtime, forlocale, columntype, ts, creator, id, help, sqldatetype, groupid, description, name, incrementseed, incrementstep, defaultvalue, modifytime, dr, tenantid, columnlength, resid, pkey, nullable, isactive, modifier, columnsequence, identitied, versiontype, tableid, displayname, precise ) values ( null, 'N', 0, '2019-06-27 18:05:29', null, 'sys_template@@@orgid', null, 'varchar', null, null, 'orgid', null, null, null, null, 0, null, 50, null, 'N', 'Y', 'Y', null, 4, null, 0, 'sys_template', '组织id', null );
 insert into md_column ( createtime, forlocale, columntype, ts, creator, id, help, sqldatetype, groupid, description, name, incrementseed, incrementstep, defaultvalue, modifytime, dr, tenantid, columnlength, resid, pkey, nullable, isactive, modifier, columnsequence, identitied, versiontype, tableid, displayname, precise ) values ( null, 'N', 0, '2019-06-27 18:05:29', null, 'sys_template@@@templatename', null, 'varchar', null, '表单的名字或者是下拉框的名字', 'templatename', null, null, null, null, 0, null, 50, null, 'N', 'Y', 'Y', null, 5, null, 0, 'sys_template', '模板名', null );
 insert into md_column ( createtime, forlocale, columntype, ts, creator, id, help, sqldatetype, groupid, description, name, incrementseed, incrementstep, defaultvalue, modifytime, dr, tenantid, columnlength, resid, pkey, nullable, isactive, modifier, columnsequence, identitied, versiontype, tableid, displayname, precise ) values ( null, 'N', 0, '2019-06-27 18:05:29', null, 'sys_template@@@templatetype', null, 'varchar', null, '模板类型可以是表单或者下拉框或者更多', 'templatetype', null, null, null, null, 0, null, 50, null, 'N', 'Y', 'Y', null, 6, null, 0, 'sys_template', '模板类型', null );
 insert into md_column ( createtime, forlocale, columntype, ts, creator, id, help, sqldatetype, groupid, description, name, incrementseed, incrementstep, defaultvalue, modifytime, dr, tenantid, columnlength, resid, pkey, nullable, isactive, modifier, columnsequence, identitied, versiontype, tableid, displayname, precise ) values ( null, 'N', 0, '2019-06-27 18:05:29', null, 'sys_template@@@attribute', null, 'varchar', null, null, 'attribute', null, null, null, null, 0, null, 50, null, 'N', 'Y', 'Y', null, 7, null, 0, 'sys_template', '属性名', null );
 insert into md_column ( createtime, forlocale, columntype, ts, creator, id, help, sqldatetype, groupid, description, name, incrementseed, incrementstep, defaultvalue, modifytime, dr, tenantid, columnlength, resid, pkey, nullable, isactive, modifier, columnsequence, identitied, versiontype, tableid, displayname, precise ) values ( null, 'N', 0, '2019-06-27 18:05:29', null, 'sys_template@@@visibletype', null, 'varchar', null, null, 'visibletype', null, null, null, null, 0, null, 50, null, 'N', 'Y', 'Y', null, 8, null, 0, 'sys_template', '展示类型', null );
 insert into md_column ( createtime, forlocale, columntype, ts, creator, id, help, sqldatetype, groupid, description, name, incrementseed, incrementstep, defaultvalue, modifytime, dr, tenantid, columnlength, resid, pkey, nullable, isactive, modifier, columnsequence, identitied, versiontype, tableid, displayname, precise ) values ( null, 'N', 0, '2019-06-27 18:05:29', null, 'sys_template@@@visibleindex', null, 'int', null, null, 'visibleindex', null, null, null, null, 0, null, null, null, 'N', 'Y', 'Y', null, 9, null, 0, 'sys_template', '展示顺序', null );
 insert into md_column ( createtime, forlocale, columntype, ts, creator, id, help, sqldatetype, groupid, description, name, incrementseed, incrementstep, defaultvalue, modifytime, dr, tenantid, columnlength, resid, pkey, nullable, isactive, modifier, columnsequence, identitied, versiontype, tableid, displayname, precise ) values ( null, 'N', 0, '2019-06-27 18:05:29', null, 'sys_template@@@visible', null, 'tinyint', null, null, 'visible', null, null, null, null, 0, null, null, null, 'N', 'Y', 'Y', null, 10, null, 0, 'sys_template', '是否展示', null );
 insert into md_column ( createtime, forlocale, columntype, ts, creator, id, help, sqldatetype, groupid, description, name, incrementseed, incrementstep, defaultvalue, modifytime, dr, tenantid, columnlength, resid, pkey, nullable, isactive, modifier, columnsequence, identitied, versiontype, tableid, displayname, precise ) values ( null, 'N', 0, '2019-06-27 18:05:29', null, 'sys_template@@@visiblelevel', null, 'varchar', null, '展示级别可以是个人或者组织', 'visiblelevel', null, null, null, null, 0, null, 50, null, 'N', 'Y', 'Y', null, 11, null, 0, 'sys_template', '展示级别', null );
 insert into md_column ( createtime, forlocale, columntype, ts, creator, id, help, sqldatetype, groupid, description, name, incrementseed, incrementstep, defaultvalue, modifytime, dr, tenantid, columnlength, resid, pkey, nullable, isactive, modifier, columnsequence, identitied, versiontype, tableid, displayname, precise ) values ( null, 'N', 0, '2019-06-27 18:05:29', null, 'sys_template@@@createtime', null, 'datetime', null, null, 'createtime', null, null, null, null, 0, null, null, null, 'N', 'Y', 'Y', null, 12, null, 0, 'sys_template', '创建时间', null );
 insert into md_column ( createtime, forlocale, columntype, ts, creator, id, help, sqldatetype, groupid, description, name, incrementseed, incrementstep, defaultvalue, modifytime, dr, tenantid, columnlength, resid, pkey, nullable, isactive, modifier, columnsequence, identitied, versiontype, tableid, displayname, precise ) values ( null, 'N', 0, '2019-06-27 18:05:29', null, 'sys_template@@@def1', null, 'varchar', null, null, 'def1', null, null, null, null, 0, null, 101, null, 'N', 'Y', 'Y', null, 13, null, 0, 'sys_template', '自定义项1', null );
 insert into md_column ( createtime, forlocale, columntype, ts, creator, id, help, sqldatetype, groupid, description, name, incrementseed, incrementstep, defaultvalue, modifytime, dr, tenantid, columnlength, resid, pkey, nullable, isactive, modifier, columnsequence, identitied, versiontype, tableid, displayname, precise ) values ( null, 'N', 0, '2019-06-27 18:05:29', null, 'sys_template@@@def2', null, 'varchar', null, null, 'def2', null, null, null, null, 0, null, 101, null, 'N', 'Y', 'Y', null, 14, null, 0, 'sys_template', '自定义项2', null );
 insert into md_column ( createtime, forlocale, columntype, ts, creator, id, help, sqldatetype, groupid, description, name, incrementseed, incrementstep, defaultvalue, modifytime, dr, tenantid, columnlength, resid, pkey, nullable, isactive, modifier, columnsequence, identitied, versiontype, tableid, displayname, precise ) values ( null, 'N', 0, '2019-06-27 18:05:29', null, 'sys_template@@@def3', null, 'varchar', null, null, 'def3', null, null, null, null, 0, null, 101, null, 'N', 'Y', 'Y', null, 15, null, 0, 'sys_template', '自定义项3', null );
 insert into md_ormap ( tenantid, ts, columnid, classid, tableid, attributeid, dr ) values ( null, '2019-06-27 18:05:29', 'sys_template@@@def3', '8fdc907c-4bd7-4023-b4e6-07148fc91668', 'sys_template', '2d9259ba-ab4b-4cf2-bafd-bf61f37aad2d', 0 );
 insert into md_ormap ( tenantid, ts, columnid, classid, tableid, attributeid, dr ) values ( null, '2019-06-27 18:05:29', 'sys_template@@@def2', '8fdc907c-4bd7-4023-b4e6-07148fc91668', 'sys_template', '8464e63c-acf0-4744-9f0b-ea73f9159e40', 0 );
 insert into md_ormap ( tenantid, ts, columnid, classid, tableid, attributeid, dr ) values ( null, '2019-06-27 18:05:29', 'sys_template@@@orgname', '8fdc907c-4bd7-4023-b4e6-07148fc91668', 'sys_template', '2a3f04cd-fa45-4fe6-ad8f-e89c0b1bcfbe', 0 );
 insert into md_ormap ( tenantid, ts, columnid, classid, tableid, attributeid, dr ) values ( null, '2019-06-27 18:05:29', 'sys_template@@@visible', '8fdc907c-4bd7-4023-b4e6-07148fc91668', 'sys_template', 'f9be0e4c-1afc-4e80-97e0-3e3d9be12638', 0 );
 insert into md_ormap ( tenantid, ts, columnid, classid, tableid, attributeid, dr ) values ( null, '2019-06-27 18:05:29', 'sys_template@@@visiblelevel', '8fdc907c-4bd7-4023-b4e6-07148fc91668', 'sys_template', '6356b184-39b0-4b39-9118-8a2e62c61d42', 0 );
 insert into md_ormap ( tenantid, ts, columnid, classid, tableid, attributeid, dr ) values ( null, '2019-06-27 18:05:29', 'sys_template@@@orgid', '8fdc907c-4bd7-4023-b4e6-07148fc91668', 'sys_template', '7c743160-291f-4554-8162-7746e14e4062', 0 );
 insert into md_ormap ( tenantid, ts, columnid, classid, tableid, attributeid, dr ) values ( null, '2019-06-27 18:05:29', 'sys_template@@@attribute', '8fdc907c-4bd7-4023-b4e6-07148fc91668', 'sys_template', '20c55640-4933-44ed-a6e6-72c4fcfcef83', 0 );
 insert into md_ormap ( tenantid, ts, columnid, classid, tableid, attributeid, dr ) values ( null, '2019-06-27 18:05:29', 'sys_template@@@visibleindex', '8fdc907c-4bd7-4023-b4e6-07148fc91668', 'sys_template', '7b678b82-bd43-4ae2-8681-2a1617eb92ca', 0 );
 insert into md_ormap ( tenantid, ts, columnid, classid, tableid, attributeid, dr ) values ( null, '2019-06-27 18:05:29', 'sys_template@@@username', '8fdc907c-4bd7-4023-b4e6-07148fc91668', 'sys_template', 'eb870c90-f6aa-43ba-a49a-36c2b2c8a3dc', 0 );
 insert into md_ormap ( tenantid, ts, columnid, classid, tableid, attributeid, dr ) values ( null, '2019-06-27 18:05:29', 'sys_template@@@def1', '8fdc907c-4bd7-4023-b4e6-07148fc91668', 'sys_template', 'ec2734b2-2fa2-41fe-aeb0-692674cc73e4', 0 );
 insert into md_ormap ( tenantid, ts, columnid, classid, tableid, attributeid, dr ) values ( null, '2019-06-27 18:05:29', 'sys_template@@@templatename', '8fdc907c-4bd7-4023-b4e6-07148fc91668', 'sys_template', 'c92e84e7-b0f5-46de-9166-9c5884156fca', 0 );
 insert into md_ormap ( tenantid, ts, columnid, classid, tableid, attributeid, dr ) values ( null, '2019-06-27 18:05:29', 'sys_template@@@visibletype', '8fdc907c-4bd7-4023-b4e6-07148fc91668', 'sys_template', '1ddad14e-a17c-464d-874c-060bb65ed507', 0 );
 insert into md_ormap ( tenantid, ts, columnid, classid, tableid, attributeid, dr ) values ( null, '2019-06-27 18:05:29', 'sys_template@@@templatetype', '8fdc907c-4bd7-4023-b4e6-07148fc91668', 'sys_template', 'f28f3111-1fce-4553-b9e4-c1ca3efa405f', 0 );
 insert into md_ormap ( tenantid, ts, columnid, classid, tableid, attributeid, dr ) values ( null, '2019-06-27 18:05:29', 'sys_template@@@createtime', '8fdc907c-4bd7-4023-b4e6-07148fc91668', 'sys_template', '26228f49-6be9-4045-a820-bbff4832b0fe', 0 );
 insert into md_ormap ( tenantid, ts, columnid, classid, tableid, attributeid, dr ) values ( null, '2019-06-27 18:05:29', 'sys_template@@PK@@', '8fdc907c-4bd7-4023-b4e6-07148fc91668', 'sys_template', 'd6cdc6ef-3264-45ad-91cf-e3ed5cce736b', 0 );
 insert into md_ormap ( tenantid, ts, columnid, classid, tableid, attributeid, dr ) values ( null, '2019-06-27 18:05:29', 'sys_template@@@userid', '8fdc907c-4bd7-4023-b4e6-07148fc91668', 'sys_template', '946d96de-ccb0-4f1a-824b-d7020ec96f27', 0 );
