--此脚本作为元数据发布时参考使用,以便开发者了解元数据信息在数据库中的记录.
--严禁将此脚本直接或修改后在数据库中执行,如由上述行为引发问题,概不支持.


 delete from md_db_relation where startattrid in ( select id from md_property where classid in ( '8eaa86d1-f06a-4cee-9641-51a7abbeffc2', 'b7ec537b-f27b-47f1-a597-87255b4a5f83', 'f5fa3320-e28c-4388-ad3d-ddd7aa7c0f20', '@@@@' ) and ( versiontype = 0 or versiontype is null ) ) and starttableid in ( 'bill_order', 'bill_order_b1', 'bill_order_b2', '@@@@' );
 delete from md_ormap where ATTRIBUTEID in ( select id from md_property where classid in ( '8eaa86d1-f06a-4cee-9641-51a7abbeffc2', 'b7ec537b-f27b-47f1-a597-87255b4a5f83', 'f5fa3320-e28c-4388-ad3d-ddd7aa7c0f20', '@@@@' ) and ( versiontype = 0 or versiontype is null ) ) and tableid in ( 'bill_order', 'bill_order_b1', 'bill_order_b2', '@@@@' );
 delete from md_table where id not in ( select distinct tableid from md_ormap ) and ( versiontype = 0 or versiontype is null );
 delete from md_column where tableid in ( 'bill_order', 'bill_order_b1', 'bill_order_b2', '@@@@' ) and id not in ( select distinct columnid from md_ormap ) and ( coalesce ( groupid, '~' ) = '~' or groupid = id ) and name <> 'extend_bean_tag';
 delete from md_column where tableid in ( 'bill_order', 'bill_order_b1', 'bill_order_b2', '@@@@' ) and groupid is not null and groupid not in ( select distinct t.id from ( select * from md_column ) t where tableid in ( 'bill_order', 'bill_order_b1', 'bill_order_b2', '@@@@' ) );
 delete from md_db_relation where starttableid not in ( select id from md_table );
 delete from md_association where componentID = 'ec052f04-540e-4834-9ef4-8bc937f92126' and ( versiontype = 0 or versiontype is null );
 delete from md_property where classID in ( select distinct id from md_class where componentID = 'ec052f04-540e-4834-9ef4-8bc937f92126' ) and ( versiontype = 0 or versiontype is null );
 delete from md_bizitfmap where classID in ( select distinct id from md_class where componentID = 'ec052f04-540e-4834-9ef4-8bc937f92126' );
 delete from md_bizitfmap where classID in ( select id from md_opinterface where componentID = 'ec052f04-540e-4834-9ef4-8bc937f92126' and ( versiontype = 0 or versiontype is null ) );
 delete from md_accessorpara where id in ( select distinct id from md_class where componentID = 'ec052f04-540e-4834-9ef4-8bc937f92126' );
 delete from md_enumvalue where id in ( select distinct id from md_class where componentID = 'ec052f04-540e-4834-9ef4-8bc937f92126' ) and ( versiontype = 0 or versiontype is null );
 delete from md_class where componentID = 'ec052f04-540e-4834-9ef4-8bc937f92126' and ( versiontype = 0 or versiontype is null );
 delete from md_component where id = 'ec052f04-540e-4834-9ef4-8bc937f92126' and ( versiontype = 0 or versiontype is null );
 delete from md_table where ( id = 'bill_order' );
 delete from md_table where ( id = 'bill_order_b1' );
 delete from md_table where ( id = 'bill_order_b2' );
 delete from md_column where ( id = 'bill_order@@PK@@' );
 delete from md_column where ( id = 'bill_order@@@dealid' );
 delete from md_column where ( id = 'bill_order@@@serviceid' );
 delete from md_column where ( id = 'bill_order@@@vbillcode' );
 delete from md_column where ( id = 'bill_order@@@dbilldate' );
 delete from md_column where ( id = 'bill_order@@@type' );
 delete from md_column where ( id = 'bill_order@@@state' );
 delete from md_column where ( id = 'bill_order@@@prostate' );
 delete from md_column where ( id = 'bill_order@@@paystate' );
 delete from md_column where ( id = 'bill_order@@@customerid' );
 delete from md_column where ( id = 'bill_order@@@customer' );
 delete from md_column where ( id = 'bill_order@@@orgid' );
 delete from md_column where ( id = 'bill_order@@@orgname' );
 delete from md_column where ( id = 'bill_order@@@agentid' );
 delete from md_column where ( id = 'bill_order@@@agentname' );
 delete from md_column where ( id = 'bill_order@@@totalmny' );
 delete from md_column where ( id = 'bill_order@@@productid' );
 delete from md_column where ( id = 'bill_order@@@product' );
 delete from md_column where ( id = 'bill_order@@@price' );
 delete from md_column where ( id = 'bill_order@@@num' );
 delete from md_column where ( id = 'bill_order@@@creator' );
 delete from md_column where ( id = 'bill_order@@@creatorid' );
 delete from md_column where ( id = 'bill_order@@@createtime' );
 delete from md_column where ( id = 'bill_order@@@modifier' );
 delete from md_column where ( id = 'bill_order@@@modifierid' );
 delete from md_column where ( id = 'bill_order@@@modifytime' );
 delete from md_column where ( id = 'bill_order@@@memo' );
 delete from md_column where ( id = 'bill_order@@@servicecharge' );
 delete from md_column where ( id = 'bill_order@@@materialcosts' );
 delete from md_column where ( id = 'bill_order_b1@@PK@@' );
 delete from md_column where ( id = 'bill_order_b1@@@orderid' );
 delete from md_column where ( id = 'bill_order_b1@@@itemname' );
 delete from md_column where ( id = 'bill_order_b1@@@itemid' );
 delete from md_column where ( id = 'bill_order_b1@@@isselected' );
 delete from md_column where ( id = 'bill_order_b1@@@num' );
 delete from md_column where ( id = 'bill_order_b1@@@price' );
 delete from md_column where ( id = 'bill_order_b1@@@amount' );
 delete from md_column where ( id = 'bill_order_b1@@@memo' );
 delete from md_column where ( id = 'bill_order_b2@@PK@@' );
 delete from md_column where ( id = 'bill_order_b2@@@billid' );
 delete from md_column where ( id = 'bill_order_b2@@@materialid' );
 delete from md_column where ( id = 'bill_order_b2@@@material' );
 delete from md_column where ( id = 'bill_order_b2@@@num' );
 delete from md_column where ( id = 'bill_order_b2@@@price' );
 delete from md_column where ( id = 'bill_order_b2@@@amount' );
 delete from md_column where ( id = 'bill_order_b1@@@fk_id_billorderproductbody' );
 delete from md_column where ( id = 'bill_order_b2@@@fk_id_billordermaterialbody' );



 insert into md_component ( createtime, tenantid, resid, ts, resmodule, version, namespace, creator, fromsourcebmf, modifier, id, help, description, preload, name, ownmodule, versiontype, displayname, industry, modifytime, isbizmodel, dr ) values ( '2018-09-19 19:32:08', null, null, '2018-12-10 14:21:52', 'bill_order', '18', 'dingCMS', null, 'Y', null, 'ec052f04-540e-4834-9ef4-8bc937f92126', null, null, null, 'bill_order', 'dingCMS', 0, 'bill_order', '0', '2018-12-10 14:19:40', 'N', 0 );
 insert into md_class ( modinfoclassname, createtime, parentclassid, ts, userdefclassname, iscreatesql, creator, id, help, bizitfimpclassname, description, name, refmodelname, industry, modifytime, dr, accessorclassname, tenantid, isprimary, resid, isauthen, keyattribute, fullclassname, classtype, returntype, componentid, isactive, modifier, stereotype, isextendbean, defaulttablename, versiontype, displayname, precise, fixedlength ) values ( null, '2018-09-19 19:32:12', null, '2018-12-10 14:21:52', null, 'Y', null, 'f5fa3320-e28c-4388-ad3d-ddd7aa7c0f20', null, null, null, 'BillOrder', null, '0', '2018-12-10 14:20:25', 0, 'nc.md.model.access.javamap.POJOStyle', null, 'Y', null, 'Y', '16b34d84-48a2-43a2-8709-ee8e5976e495', 'com.ding.cms.entity.BillOrder', 201, null, 'ec052f04-540e-4834-9ef4-8bc937f92126', null, null, null, null, 'bill_order', 0, '订单', null, null );
 insert into md_class ( modinfoclassname, createtime, parentclassid, ts, userdefclassname, iscreatesql, creator, id, help, bizitfimpclassname, description, name, refmodelname, industry, modifytime, dr, accessorclassname, tenantid, isprimary, resid, isauthen, keyattribute, fullclassname, classtype, returntype, componentid, isactive, modifier, stereotype, isextendbean, defaulttablename, versiontype, displayname, precise, fixedlength ) values ( null, '2018-10-18 13:38:59', null, '2018-12-10 14:21:52', null, 'Y', null, '8eaa86d1-f06a-4cee-9641-51a7abbeffc2', null, null, null, 'BillOrderProductBody', null, '0', '2018-12-10 14:20:25', 0, 'nc.md.model.access.javamap.POJOStyle', null, 'N', null, 'Y', '7ccc65df-47df-45c5-a475-fadba539f26f', 'com.ding.cms.entity.BillOrderProductBody', 201, null, 'ec052f04-540e-4834-9ef4-8bc937f92126', null, null, null, null, 'bill_order_b1', 0, '订单细项', null, null );
 insert into md_class ( modinfoclassname, createtime, parentclassid, ts, userdefclassname, iscreatesql, creator, id, help, bizitfimpclassname, description, name, refmodelname, industry, modifytime, dr, accessorclassname, tenantid, isprimary, resid, isauthen, keyattribute, fullclassname, classtype, returntype, componentid, isactive, modifier, stereotype, isextendbean, defaulttablename, versiontype, displayname, precise, fixedlength ) values ( null, '2018-10-18 16:58:04', null, '2018-12-10 14:21:52', null, 'Y', null, 'b7ec537b-f27b-47f1-a597-87255b4a5f83', null, null, null, 'BillOrderMaterialBody', null, '0', '2018-12-10 14:20:25', 0, 'nc.md.model.access.javamap.POJOStyle', null, 'N', null, 'Y', '9dc2ad16-a1a4-41d8-aa9f-04a7d5a338da', 'com.ding.cms.entity.BillOrderMaterialBody', 201, null, 'ec052f04-540e-4834-9ef4-8bc937f92126', null, null, null, null, 'bill_order_b2', 0, '订单材料', null, null );
 insert into md_property ( dynamicattr, createtime, ts, visibility, dynamictable, classid, accesspower, attrmaxvalue, notserialize, creator, calculation, id, help, datatypestyle, description, name, refmodelname, industry, defaultvalue, modifytime, dr, accessorclassname, tenantid, hided, resid, isauthen, attrsequence, nullable, attrminvalue, isactive, attrlength, modifier, datatype, readonly, accesspowergroup, customattr, versiontype, displayname, precise, fixedlength ) values ( 'N', null, '2018-12-10 14:21:52', 0, null, 'f5fa3320-e28c-4388-ad3d-ddd7aa7c0f20', 'N', null, 'N', null, 'N', '16b34d84-48a2-43a2-8709-ee8e5976e495', null, 300, null, 'billid', null, '0', null, null, 0, null, null, 'N', null, 'Y', 0, 'N', null, 'Y', 36, null, 'BS000010000100001051', 'N', null, 'N', 0, '单据主键', null, 'N' );
 insert into md_property ( dynamicattr, createtime, ts, visibility, dynamictable, classid, accesspower, attrmaxvalue, notserialize, creator, calculation, id, help, datatypestyle, description, name, refmodelname, industry, defaultvalue, modifytime, dr, accessorclassname, tenantid, hided, resid, isauthen, attrsequence, nullable, attrminvalue, isactive, attrlength, modifier, datatype, readonly, accesspowergroup, customattr, versiontype, displayname, precise, fixedlength ) values ( 'N', null, '2018-12-10 14:21:52', 0, null, 'f5fa3320-e28c-4388-ad3d-ddd7aa7c0f20', 'N', null, 'N', null, 'N', '2cc5d84e-e824-4ccf-8291-78d267c75a06', null, 300, null, 'dealid', null, '0', null, null, 0, null, null, 'N', null, 'Y', 1, 'Y', null, 'Y', 50, null, 'BS000010000100001001', 'N', null, 'N', 0, '交易id', null, 'N' );
 insert into md_property ( dynamicattr, createtime, ts, visibility, dynamictable, classid, accesspower, attrmaxvalue, notserialize, creator, calculation, id, help, datatypestyle, description, name, refmodelname, industry, defaultvalue, modifytime, dr, accessorclassname, tenantid, hided, resid, isauthen, attrsequence, nullable, attrminvalue, isactive, attrlength, modifier, datatype, readonly, accesspowergroup, customattr, versiontype, displayname, precise, fixedlength ) values ( 'N', null, '2018-12-10 14:21:52', 0, null, 'f5fa3320-e28c-4388-ad3d-ddd7aa7c0f20', 'N', null, 'N', null, 'N', '65333e03-5223-4f72-9996-7eaab77852e1', null, 300, null, 'serviceid', null, '0', null, null, 0, null, null, 'N', null, 'Y', 2, 'Y', null, 'Y', 50, null, 'BS000010000100001001', 'N', null, 'N', 0, '工程服务id', null, 'N' );
 insert into md_property ( dynamicattr, createtime, ts, visibility, dynamictable, classid, accesspower, attrmaxvalue, notserialize, creator, calculation, id, help, datatypestyle, description, name, refmodelname, industry, defaultvalue, modifytime, dr, accessorclassname, tenantid, hided, resid, isauthen, attrsequence, nullable, attrminvalue, isactive, attrlength, modifier, datatype, readonly, accesspowergroup, customattr, versiontype, displayname, precise, fixedlength ) values ( 'N', null, '2018-12-10 14:21:52', 0, null, 'f5fa3320-e28c-4388-ad3d-ddd7aa7c0f20', 'N', null, 'N', null, 'N', '69dccef8-46a2-4ce2-809e-aa493172552a', null, 300, null, 'vbillcode', null, '0', null, null, 0, null, null, 'N', null, 'Y', 3, 'Y', null, 'Y', 50, null, 'BS000010000100001001', 'N', null, 'N', 0, '订单编号', null, 'N' );
 insert into md_property ( dynamicattr, createtime, ts, visibility, dynamictable, classid, accesspower, attrmaxvalue, notserialize, creator, calculation, id, help, datatypestyle, description, name, refmodelname, industry, defaultvalue, modifytime, dr, accessorclassname, tenantid, hided, resid, isauthen, attrsequence, nullable, attrminvalue, isactive, attrlength, modifier, datatype, readonly, accesspowergroup, customattr, versiontype, displayname, precise, fixedlength ) values ( 'N', null, '2018-12-10 14:21:52', 0, null, 'f5fa3320-e28c-4388-ad3d-ddd7aa7c0f20', 'N', null, 'N', null, 'N', '2d20ea43-a809-42c3-ba4a-96790e971bdc', null, 300, null, 'dbilldate', null, '0', null, null, 0, null, null, 'N', null, 'Y', 4, 'Y', null, 'Y', 50, null, 'BS000010000100001001', 'N', null, 'N', 0, '订单日期', null, 'N' );
 insert into md_property ( dynamicattr, createtime, ts, visibility, dynamictable, classid, accesspower, attrmaxvalue, notserialize, creator, calculation, id, help, datatypestyle, description, name, refmodelname, industry, defaultvalue, modifytime, dr, accessorclassname, tenantid, hided, resid, isauthen, attrsequence, nullable, attrminvalue, isactive, attrlength, modifier, datatype, readonly, accesspowergroup, customattr, versiontype, displayname, precise, fixedlength ) values ( 'N', null, '2018-12-10 14:21:52', 0, null, 'f5fa3320-e28c-4388-ad3d-ddd7aa7c0f20', 'N', null, 'N', null, 'N', '82db6e4f-d69f-4ab7-ae43-f2c32b54a162', null, 300, null, 'type', null, '0', null, null, 0, null, null, 'N', null, 'Y', 5, 'Y', null, 'Y', null, null, 'BS000010000100001004', 'N', null, 'N', 0, '订单类型', null, 'N' );
 insert into md_property ( dynamicattr, createtime, ts, visibility, dynamictable, classid, accesspower, attrmaxvalue, notserialize, creator, calculation, id, help, datatypestyle, description, name, refmodelname, industry, defaultvalue, modifytime, dr, accessorclassname, tenantid, hided, resid, isauthen, attrsequence, nullable, attrminvalue, isactive, attrlength, modifier, datatype, readonly, accesspowergroup, customattr, versiontype, displayname, precise, fixedlength ) values ( 'N', null, '2018-12-10 14:21:52', 0, null, 'f5fa3320-e28c-4388-ad3d-ddd7aa7c0f20', 'N', null, 'N', null, 'N', 'c3765ef4-983e-47d1-ac01-5042167af583', null, 300, null, 'state', null, '0', null, null, 0, null, null, 'N', null, 'Y', 6, 'Y', null, 'Y', null, null, 'BS000010000100001004', 'N', null, 'N', 0, '订单状态', null, 'N' );
 insert into md_property ( dynamicattr, createtime, ts, visibility, dynamictable, classid, accesspower, attrmaxvalue, notserialize, creator, calculation, id, help, datatypestyle, description, name, refmodelname, industry, defaultvalue, modifytime, dr, accessorclassname, tenantid, hided, resid, isauthen, attrsequence, nullable, attrminvalue, isactive, attrlength, modifier, datatype, readonly, accesspowergroup, customattr, versiontype, displayname, precise, fixedlength ) values ( 'N', null, '2018-12-10 14:21:52', 0, null, 'f5fa3320-e28c-4388-ad3d-ddd7aa7c0f20', 'N', null, 'N', null, 'N', 'd4a784f9-de5b-4db5-be26-0607e15984e4', null, 300, null, 'prostate', null, '0', null, null, 0, null, null, 'N', null, 'Y', 7, 'Y', null, 'Y', null, null, 'BS000010000100001004', 'N', null, 'N', 0, '工程状态', null, 'N' );
 insert into md_property ( dynamicattr, createtime, ts, visibility, dynamictable, classid, accesspower, attrmaxvalue, notserialize, creator, calculation, id, help, datatypestyle, description, name, refmodelname, industry, defaultvalue, modifytime, dr, accessorclassname, tenantid, hided, resid, isauthen, attrsequence, nullable, attrminvalue, isactive, attrlength, modifier, datatype, readonly, accesspowergroup, customattr, versiontype, displayname, precise, fixedlength ) values ( 'N', null, '2018-12-10 14:21:52', 0, null, 'f5fa3320-e28c-4388-ad3d-ddd7aa7c0f20', 'N', null, 'N', null, 'N', '2dcd2c74-ecdd-41af-b65c-801816a27c02', null, 300, null, 'paystate', null, '0', null, null, 0, null, null, 'N', null, 'Y', 8, 'Y', null, 'Y', null, null, 'BS000010000100001004', 'N', null, 'N', 0, '支付状态', null, 'N' );
 insert into md_property ( dynamicattr, createtime, ts, visibility, dynamictable, classid, accesspower, attrmaxvalue, notserialize, creator, calculation, id, help, datatypestyle, description, name, refmodelname, industry, defaultvalue, modifytime, dr, accessorclassname, tenantid, hided, resid, isauthen, attrsequence, nullable, attrminvalue, isactive, attrlength, modifier, datatype, readonly, accesspowergroup, customattr, versiontype, displayname, precise, fixedlength ) values ( 'N', null, '2018-12-10 14:21:52', 0, null, 'f5fa3320-e28c-4388-ad3d-ddd7aa7c0f20', 'N', null, 'N', null, 'N', '54172351-ebb1-4512-91d5-37331c308d77', null, 300, null, 'customerid', null, '0', null, null, 0, null, null, 'N', null, 'Y', 9, 'Y', null, 'Y', 50, null, 'BS000010000100001001', 'N', null, 'N', 0, '客户id', null, 'N' );
 insert into md_property ( dynamicattr, createtime, ts, visibility, dynamictable, classid, accesspower, attrmaxvalue, notserialize, creator, calculation, id, help, datatypestyle, description, name, refmodelname, industry, defaultvalue, modifytime, dr, accessorclassname, tenantid, hided, resid, isauthen, attrsequence, nullable, attrminvalue, isactive, attrlength, modifier, datatype, readonly, accesspowergroup, customattr, versiontype, displayname, precise, fixedlength ) values ( 'N', null, '2018-12-10 14:21:52', 0, null, 'f5fa3320-e28c-4388-ad3d-ddd7aa7c0f20', 'N', null, 'N', null, 'N', '67dd887d-1fbc-4e33-ad12-d76c20ee6edc', null, 300, null, 'customer', null, '0', null, null, 0, null, null, 'N', null, 'Y', 10, 'Y', null, 'Y', 50, null, 'BS000010000100001001', 'N', null, 'N', 0, '客户', null, 'N' );
 insert into md_property ( dynamicattr, createtime, ts, visibility, dynamictable, classid, accesspower, attrmaxvalue, notserialize, creator, calculation, id, help, datatypestyle, description, name, refmodelname, industry, defaultvalue, modifytime, dr, accessorclassname, tenantid, hided, resid, isauthen, attrsequence, nullable, attrminvalue, isactive, attrlength, modifier, datatype, readonly, accesspowergroup, customattr, versiontype, displayname, precise, fixedlength ) values ( 'N', null, '2018-12-10 14:21:52', 0, null, 'f5fa3320-e28c-4388-ad3d-ddd7aa7c0f20', 'N', null, 'N', null, 'N', '05ebcbb5-e2f9-404b-8923-fac19fecb8c0', null, 300, null, 'orgid', null, '0', null, null, 0, null, null, 'N', null, 'Y', 11, 'Y', null, 'Y', 50, null, 'BS000010000100001001', 'N', null, 'N', 0, '运营中心id', null, 'N' );
 insert into md_property ( dynamicattr, createtime, ts, visibility, dynamictable, classid, accesspower, attrmaxvalue, notserialize, creator, calculation, id, help, datatypestyle, description, name, refmodelname, industry, defaultvalue, modifytime, dr, accessorclassname, tenantid, hided, resid, isauthen, attrsequence, nullable, attrminvalue, isactive, attrlength, modifier, datatype, readonly, accesspowergroup, customattr, versiontype, displayname, precise, fixedlength ) values ( 'N', null, '2018-12-10 14:21:52', 0, null, 'f5fa3320-e28c-4388-ad3d-ddd7aa7c0f20', 'N', null, 'N', null, 'N', '00bf543a-b830-4e1a-934f-7683f9baa36d', null, 300, null, 'orgname', null, '0', null, null, 0, null, null, 'N', null, 'Y', 12, 'Y', null, 'Y', 50, null, 'BS000010000100001001', 'N', null, 'N', 0, '运营中心', null, 'N' );
 insert into md_property ( dynamicattr, createtime, ts, visibility, dynamictable, classid, accesspower, attrmaxvalue, notserialize, creator, calculation, id, help, datatypestyle, description, name, refmodelname, industry, defaultvalue, modifytime, dr, accessorclassname, tenantid, hided, resid, isauthen, attrsequence, nullable, attrminvalue, isactive, attrlength, modifier, datatype, readonly, accesspowergroup, customattr, versiontype, displayname, precise, fixedlength ) values ( 'N', null, '2018-12-10 14:21:52', 0, null, 'f5fa3320-e28c-4388-ad3d-ddd7aa7c0f20', 'N', null, 'N', null, 'N', 'f9b9d171-8849-4031-89ae-eb76e6bc2b81', null, 300, null, 'agentid', null, '0', null, null, 0, null, null, 'N', null, 'Y', 13, 'Y', null, 'Y', 50, null, 'BS000010000100001001', 'N', null, 'N', 0, '区域运营商id', null, 'N' );
 insert into md_property ( dynamicattr, createtime, ts, visibility, dynamictable, classid, accesspower, attrmaxvalue, notserialize, creator, calculation, id, help, datatypestyle, description, name, refmodelname, industry, defaultvalue, modifytime, dr, accessorclassname, tenantid, hided, resid, isauthen, attrsequence, nullable, attrminvalue, isactive, attrlength, modifier, datatype, readonly, accesspowergroup, customattr, versiontype, displayname, precise, fixedlength ) values ( 'N', null, '2018-12-10 14:21:52', 0, null, 'f5fa3320-e28c-4388-ad3d-ddd7aa7c0f20', 'N', null, 'N', null, 'N', 'af0530b4-9b6b-4bb7-94f5-0c713b1094f0', null, 300, null, 'agentname', null, '0', null, null, 0, null, null, 'N', null, 'Y', 14, 'Y', null, 'Y', 50, null, 'BS000010000100001001', 'N', null, 'N', 0, '区域运营商', null, 'N' );
 insert into md_property ( dynamicattr, createtime, ts, visibility, dynamictable, classid, accesspower, attrmaxvalue, notserialize, creator, calculation, id, help, datatypestyle, description, name, refmodelname, industry, defaultvalue, modifytime, dr, accessorclassname, tenantid, hided, resid, isauthen, attrsequence, nullable, attrminvalue, isactive, attrlength, modifier, datatype, readonly, accesspowergroup, customattr, versiontype, displayname, precise, fixedlength ) values ( 'N', null, '2018-12-10 14:21:52', 0, null, 'f5fa3320-e28c-4388-ad3d-ddd7aa7c0f20', 'N', null, 'N', null, 'N', '1db2794d-bd03-4a47-9549-00398a838c6c', null, 300, null, 'totalmny', null, '0', null, null, 0, null, null, 'N', null, 'Y', 15, 'Y', null, 'Y', 28, null, 'BS000010000100001031', 'N', null, 'N', 0, '交易金额', 8, 'N' );
 insert into md_property ( dynamicattr, createtime, ts, visibility, dynamictable, classid, accesspower, attrmaxvalue, notserialize, creator, calculation, id, help, datatypestyle, description, name, refmodelname, industry, defaultvalue, modifytime, dr, accessorclassname, tenantid, hided, resid, isauthen, attrsequence, nullable, attrminvalue, isactive, attrlength, modifier, datatype, readonly, accesspowergroup, customattr, versiontype, displayname, precise, fixedlength ) values ( 'N', null, '2018-12-10 14:21:52', 0, null, 'f5fa3320-e28c-4388-ad3d-ddd7aa7c0f20', 'N', null, 'N', null, 'N', '5f111c6d-3de9-4f1f-b172-b5fde84deae3', null, 300, null, 'productid', null, '0', null, null, 0, null, null, 'N', null, 'Y', 16, 'Y', null, 'Y', 50, null, 'BS000010000100001001', 'N', null, 'N', 0, '产品id', null, 'N' );
 insert into md_property ( dynamicattr, createtime, ts, visibility, dynamictable, classid, accesspower, attrmaxvalue, notserialize, creator, calculation, id, help, datatypestyle, description, name, refmodelname, industry, defaultvalue, modifytime, dr, accessorclassname, tenantid, hided, resid, isauthen, attrsequence, nullable, attrminvalue, isactive, attrlength, modifier, datatype, readonly, accesspowergroup, customattr, versiontype, displayname, precise, fixedlength ) values ( 'N', null, '2018-12-10 14:21:52', 0, null, 'f5fa3320-e28c-4388-ad3d-ddd7aa7c0f20', 'N', null, 'N', null, 'N', 'f2d59a01-3ca9-49d3-8823-77063c4e4899', null, 300, null, 'product', null, '0', null, null, 0, null, null, 'N', null, 'Y', 17, 'Y', null, 'Y', 50, null, 'BS000010000100001001', 'N', null, 'N', 0, '产品', null, 'N' );
 insert into md_property ( dynamicattr, createtime, ts, visibility, dynamictable, classid, accesspower, attrmaxvalue, notserialize, creator, calculation, id, help, datatypestyle, description, name, refmodelname, industry, defaultvalue, modifytime, dr, accessorclassname, tenantid, hided, resid, isauthen, attrsequence, nullable, attrminvalue, isactive, attrlength, modifier, datatype, readonly, accesspowergroup, customattr, versiontype, displayname, precise, fixedlength ) values ( 'N', null, '2018-12-10 14:21:52', 0, null, 'f5fa3320-e28c-4388-ad3d-ddd7aa7c0f20', 'N', null, 'N', null, 'N', 'b3d4eff5-1086-4ead-8550-d412725ca2a6', null, 300, null, 'price', null, '0', null, null, 0, null, null, 'N', null, 'Y', 18, 'Y', null, 'Y', 28, null, 'BS000010000100001031', 'N', null, 'N', 0, '价格', 8, 'N' );
 insert into md_property ( dynamicattr, createtime, ts, visibility, dynamictable, classid, accesspower, attrmaxvalue, notserialize, creator, calculation, id, help, datatypestyle, description, name, refmodelname, industry, defaultvalue, modifytime, dr, accessorclassname, tenantid, hided, resid, isauthen, attrsequence, nullable, attrminvalue, isactive, attrlength, modifier, datatype, readonly, accesspowergroup, customattr, versiontype, displayname, precise, fixedlength ) values ( 'N', null, '2018-12-10 14:21:52', 0, null, 'f5fa3320-e28c-4388-ad3d-ddd7aa7c0f20', 'N', null, 'N', null, 'N', '11b69d97-42c7-439e-82f7-74fc9f590061', null, 300, null, 'num', null, '0', null, null, 0, null, null, 'N', null, 'Y', 19, 'Y', null, 'Y', 28, null, 'BS000010000100001031', 'N', null, 'N', 0, '数量', 8, 'N' );
 insert into md_property ( dynamicattr, createtime, ts, visibility, dynamictable, classid, accesspower, attrmaxvalue, notserialize, creator, calculation, id, help, datatypestyle, description, name, refmodelname, industry, defaultvalue, modifytime, dr, accessorclassname, tenantid, hided, resid, isauthen, attrsequence, nullable, attrminvalue, isactive, attrlength, modifier, datatype, readonly, accesspowergroup, customattr, versiontype, displayname, precise, fixedlength ) values ( 'N', null, '2018-12-10 14:21:52', 0, null, 'f5fa3320-e28c-4388-ad3d-ddd7aa7c0f20', 'N', null, 'N', null, 'N', '540f4e57-8e04-4591-b848-2b22fb5070eb', null, 300, null, 'creator', null, '0', null, null, 0, null, null, 'N', null, 'Y', 20, 'Y', null, 'Y', 50, null, 'BS000010000100001001', 'N', null, 'N', 0, '创建人', null, 'N' );
 insert into md_property ( dynamicattr, createtime, ts, visibility, dynamictable, classid, accesspower, attrmaxvalue, notserialize, creator, calculation, id, help, datatypestyle, description, name, refmodelname, industry, defaultvalue, modifytime, dr, accessorclassname, tenantid, hided, resid, isauthen, attrsequence, nullable, attrminvalue, isactive, attrlength, modifier, datatype, readonly, accesspowergroup, customattr, versiontype, displayname, precise, fixedlength ) values ( 'N', null, '2018-12-10 14:21:52', 0, null, 'f5fa3320-e28c-4388-ad3d-ddd7aa7c0f20', 'N', null, 'N', null, 'N', '7faad95e-04b8-4402-83f7-844d475f8c8a', null, 300, null, 'creatorid', null, '0', null, null, 0, null, null, 'N', null, 'Y', 21, 'Y', null, 'Y', 50, null, 'BS000010000100001001', 'N', null, 'N', 0, '创建人id', null, 'N' );
 insert into md_property ( dynamicattr, createtime, ts, visibility, dynamictable, classid, accesspower, attrmaxvalue, notserialize, creator, calculation, id, help, datatypestyle, description, name, refmodelname, industry, defaultvalue, modifytime, dr, accessorclassname, tenantid, hided, resid, isauthen, attrsequence, nullable, attrminvalue, isactive, attrlength, modifier, datatype, readonly, accesspowergroup, customattr, versiontype, displayname, precise, fixedlength ) values ( 'N', null, '2018-12-10 14:21:52', 0, null, 'f5fa3320-e28c-4388-ad3d-ddd7aa7c0f20', 'N', null, 'N', null, 'N', '63190c76-0277-4e3c-9a48-e4453d4a0b72', null, 300, null, 'createtime', null, '0', null, null, 0, null, null, 'N', null, 'Y', 22, 'Y', null, 'Y', 50, null, 'BS000010000100001001', 'N', null, 'N', 0, '创建时间', null, 'N' );
 insert into md_property ( dynamicattr, createtime, ts, visibility, dynamictable, classid, accesspower, attrmaxvalue, notserialize, creator, calculation, id, help, datatypestyle, description, name, refmodelname, industry, defaultvalue, modifytime, dr, accessorclassname, tenantid, hided, resid, isauthen, attrsequence, nullable, attrminvalue, isactive, attrlength, modifier, datatype, readonly, accesspowergroup, customattr, versiontype, displayname, precise, fixedlength ) values ( 'N', null, '2018-12-10 14:21:52', 0, null, 'f5fa3320-e28c-4388-ad3d-ddd7aa7c0f20', 'N', null, 'N', null, 'N', '65249b4a-8e07-460b-a16e-b262a0062794', null, 300, null, 'modifier', null, '0', null, null, 0, null, null, 'N', null, 'Y', 23, 'Y', null, 'Y', 50, null, 'BS000010000100001001', 'N', null, 'N', 0, '修改人', null, 'N' );
 insert into md_property ( dynamicattr, createtime, ts, visibility, dynamictable, classid, accesspower, attrmaxvalue, notserialize, creator, calculation, id, help, datatypestyle, description, name, refmodelname, industry, defaultvalue, modifytime, dr, accessorclassname, tenantid, hided, resid, isauthen, attrsequence, nullable, attrminvalue, isactive, attrlength, modifier, datatype, readonly, accesspowergroup, customattr, versiontype, displayname, precise, fixedlength ) values ( 'N', null, '2018-12-10 14:21:52', 0, null, 'f5fa3320-e28c-4388-ad3d-ddd7aa7c0f20', 'N', null, 'N', null, 'N', '55dc3bbc-d976-4c6b-926f-278838121328', null, 300, null, 'modifierid', null, '0', null, null, 0, null, null, 'N', null, 'Y', 24, 'Y', null, 'Y', 50, null, 'BS000010000100001001', 'N', null, 'N', 0, '修改人id', null, 'N' );
 insert into md_property ( dynamicattr, createtime, ts, visibility, dynamictable, classid, accesspower, attrmaxvalue, notserialize, creator, calculation, id, help, datatypestyle, description, name, refmodelname, industry, defaultvalue, modifytime, dr, accessorclassname, tenantid, hided, resid, isauthen, attrsequence, nullable, attrminvalue, isactive, attrlength, modifier, datatype, readonly, accesspowergroup, customattr, versiontype, displayname, precise, fixedlength ) values ( 'N', null, '2018-12-10 14:21:52', 0, null, 'f5fa3320-e28c-4388-ad3d-ddd7aa7c0f20', 'N', null, 'N', null, 'N', '2645128f-ec67-48d5-a10a-9a50795471e6', null, 300, null, 'modifytime', null, '0', null, null, 0, null, null, 'N', null, 'Y', 25, 'Y', null, 'Y', 50, null, 'BS000010000100001001', 'N', null, 'N', 0, '修改时间', null, 'N' );
 insert into md_property ( dynamicattr, createtime, ts, visibility, dynamictable, classid, accesspower, attrmaxvalue, notserialize, creator, calculation, id, help, datatypestyle, description, name, refmodelname, industry, defaultvalue, modifytime, dr, accessorclassname, tenantid, hided, resid, isauthen, attrsequence, nullable, attrminvalue, isactive, attrlength, modifier, datatype, readonly, accesspowergroup, customattr, versiontype, displayname, precise, fixedlength ) values ( 'N', null, '2018-12-10 14:21:52', 0, null, 'f5fa3320-e28c-4388-ad3d-ddd7aa7c0f20', 'N', null, 'N', null, 'N', 'eddc1940-2af3-443e-97e3-f82f6960d2cc', null, 300, null, 'memo', null, '0', null, null, 0, null, null, 'N', null, 'Y', 26, 'Y', null, 'Y', 500, null, 'BS000010000100001001', 'N', null, 'N', 0, '备注', null, 'N' );
 insert into md_property ( dynamicattr, createtime, ts, visibility, dynamictable, classid, accesspower, attrmaxvalue, notserialize, creator, calculation, id, help, datatypestyle, description, name, refmodelname, industry, defaultvalue, modifytime, dr, accessorclassname, tenantid, hided, resid, isauthen, attrsequence, nullable, attrminvalue, isactive, attrlength, modifier, datatype, readonly, accesspowergroup, customattr, versiontype, displayname, precise, fixedlength ) values ( 'N', null, '2018-12-10 14:21:52', 0, null, 'f5fa3320-e28c-4388-ad3d-ddd7aa7c0f20', 'N', null, 'N', null, 'N', '6adca5a9-0280-4389-94ae-a21a84512086', null, 302, null, 'id_billorderproductbody', null, '0', null, null, 0, null, null, 'N', null, 'Y', 27, 'Y', null, 'Y', 36, null, '8eaa86d1-f06a-4cee-9641-51a7abbeffc2', 'N', null, 'N', 0, 'id_BillOrderProductBody', null, 'N' );
 insert into md_property ( dynamicattr, createtime, ts, visibility, dynamictable, classid, accesspower, attrmaxvalue, notserialize, creator, calculation, id, help, datatypestyle, description, name, refmodelname, industry, defaultvalue, modifytime, dr, accessorclassname, tenantid, hided, resid, isauthen, attrsequence, nullable, attrminvalue, isactive, attrlength, modifier, datatype, readonly, accesspowergroup, customattr, versiontype, displayname, precise, fixedlength ) values ( 'N', null, '2018-12-10 14:21:52', 0, null, 'f5fa3320-e28c-4388-ad3d-ddd7aa7c0f20', 'N', null, 'N', null, 'N', '4e360264-6fa3-44ad-9ee2-44e4ada67da9', null, 302, null, 'id_billordermaterialbody', null, '0', null, null, 0, null, null, 'N', null, 'Y', 28, 'Y', null, 'Y', 36, null, 'b7ec537b-f27b-47f1-a597-87255b4a5f83', 'N', null, 'N', 0, 'id_BillOrderMaterialBody', null, 'N' );
 insert into md_property ( dynamicattr, createtime, ts, visibility, dynamictable, classid, accesspower, attrmaxvalue, notserialize, creator, calculation, id, help, datatypestyle, description, name, refmodelname, industry, defaultvalue, modifytime, dr, accessorclassname, tenantid, hided, resid, isauthen, attrsequence, nullable, attrminvalue, isactive, attrlength, modifier, datatype, readonly, accesspowergroup, customattr, versiontype, displayname, precise, fixedlength ) values ( 'N', null, '2018-12-10 14:21:52', 0, null, 'f5fa3320-e28c-4388-ad3d-ddd7aa7c0f20', 'N', null, 'N', null, 'N', 'e584d8b6-412a-412e-abe1-21ae08945403', null, 300, null, 'servicecharge', null, '0', null, null, 0, null, null, 'N', null, 'Y', 29, 'Y', null, 'Y', 28, null, 'BS000010000100001031', 'N', null, 'N', 0, '服务费', 8, 'N' );
 insert into md_property ( dynamicattr, createtime, ts, visibility, dynamictable, classid, accesspower, attrmaxvalue, notserialize, creator, calculation, id, help, datatypestyle, description, name, refmodelname, industry, defaultvalue, modifytime, dr, accessorclassname, tenantid, hided, resid, isauthen, attrsequence, nullable, attrminvalue, isactive, attrlength, modifier, datatype, readonly, accesspowergroup, customattr, versiontype, displayname, precise, fixedlength ) values ( 'N', null, '2018-12-10 14:21:52', 0, null, 'f5fa3320-e28c-4388-ad3d-ddd7aa7c0f20', 'N', null, 'N', null, 'N', 'c185849c-e668-4ab2-8c4b-158058fca469', null, 300, null, 'materialcosts', null, '0', null, null, 0, null, null, 'N', null, 'Y', 30, 'Y', null, 'Y', 28, null, 'BS000010000100001031', 'N', null, 'N', 0, '材料费', 8, 'N' );
 insert into md_property ( dynamicattr, createtime, ts, visibility, dynamictable, classid, accesspower, attrmaxvalue, notserialize, creator, calculation, id, help, datatypestyle, description, name, refmodelname, industry, defaultvalue, modifytime, dr, accessorclassname, tenantid, hided, resid, isauthen, attrsequence, nullable, attrminvalue, isactive, attrlength, modifier, datatype, readonly, accesspowergroup, customattr, versiontype, displayname, precise, fixedlength ) values ( 'N', null, '2018-12-10 14:21:52', 0, null, '8eaa86d1-f06a-4cee-9641-51a7abbeffc2', 'N', null, 'N', null, 'N', '7ccc65df-47df-45c5-a475-fadba539f26f', null, 300, null, 'billbid', null, '0', null, null, 0, null, null, 'N', null, 'Y', 0, 'N', null, 'Y', 36, null, 'BS000010000100001051', 'N', null, 'N', 0, '主键', null, 'N' );
 insert into md_property ( dynamicattr, createtime, ts, visibility, dynamictable, classid, accesspower, attrmaxvalue, notserialize, creator, calculation, id, help, datatypestyle, description, name, refmodelname, industry, defaultvalue, modifytime, dr, accessorclassname, tenantid, hided, resid, isauthen, attrsequence, nullable, attrminvalue, isactive, attrlength, modifier, datatype, readonly, accesspowergroup, customattr, versiontype, displayname, precise, fixedlength ) values ( 'N', null, '2018-12-10 14:21:52', 0, null, '8eaa86d1-f06a-4cee-9641-51a7abbeffc2', 'N', null, 'N', null, 'N', '18cce299-e86c-4ebc-a4ff-fd7cfdb14f32', null, 300, null, 'orderid', null, '0', null, null, 0, null, null, 'N', null, 'Y', 1, 'Y', null, 'Y', 50, null, 'BS000010000100001001', 'N', null, 'N', 0, '订单id', null, 'N' );
 insert into md_property ( dynamicattr, createtime, ts, visibility, dynamictable, classid, accesspower, attrmaxvalue, notserialize, creator, calculation, id, help, datatypestyle, description, name, refmodelname, industry, defaultvalue, modifytime, dr, accessorclassname, tenantid, hided, resid, isauthen, attrsequence, nullable, attrminvalue, isactive, attrlength, modifier, datatype, readonly, accesspowergroup, customattr, versiontype, displayname, precise, fixedlength ) values ( 'N', null, '2018-12-10 14:21:52', 0, null, '8eaa86d1-f06a-4cee-9641-51a7abbeffc2', 'N', null, 'N', null, 'N', 'ab4514ce-366b-4dc6-b4c8-12dcf84d50dd', null, 300, null, 'itemname', null, '0', null, null, 0, null, null, 'N', null, 'Y', 2, 'Y', null, 'Y', 50, null, 'BS000010000100001001', 'N', null, 'N', 0, '细项名称', null, 'N' );
 insert into md_property ( dynamicattr, createtime, ts, visibility, dynamictable, classid, accesspower, attrmaxvalue, notserialize, creator, calculation, id, help, datatypestyle, description, name, refmodelname, industry, defaultvalue, modifytime, dr, accessorclassname, tenantid, hided, resid, isauthen, attrsequence, nullable, attrminvalue, isactive, attrlength, modifier, datatype, readonly, accesspowergroup, customattr, versiontype, displayname, precise, fixedlength ) values ( 'N', null, '2018-12-10 14:21:52', 0, null, '8eaa86d1-f06a-4cee-9641-51a7abbeffc2', 'N', null, 'N', null, 'N', '5cbec4c7-a534-475c-8a22-41957cf9294e', null, 300, null, 'itemid', null, '0', null, null, 0, null, null, 'N', null, 'Y', 3, 'Y', null, 'Y', 50, null, 'BS000010000100001001', 'N', null, 'N', 0, '细项id', null, 'N' );
 insert into md_property ( dynamicattr, createtime, ts, visibility, dynamictable, classid, accesspower, attrmaxvalue, notserialize, creator, calculation, id, help, datatypestyle, description, name, refmodelname, industry, defaultvalue, modifytime, dr, accessorclassname, tenantid, hided, resid, isauthen, attrsequence, nullable, attrminvalue, isactive, attrlength, modifier, datatype, readonly, accesspowergroup, customattr, versiontype, displayname, precise, fixedlength ) values ( 'N', null, '2018-12-10 14:21:52', 0, null, '8eaa86d1-f06a-4cee-9641-51a7abbeffc2', 'N', null, 'N', null, 'N', 'fe055b8f-074b-424d-b6a8-3df40b0bf9db', null, 300, null, 'isselected', null, '0', null, null, 0, null, null, 'N', null, 'Y', 4, 'Y', null, 'Y', 50, null, 'BS000010000100001001', 'N', null, 'N', 0, '是否选择', null, 'N' );
 insert into md_property ( dynamicattr, createtime, ts, visibility, dynamictable, classid, accesspower, attrmaxvalue, notserialize, creator, calculation, id, help, datatypestyle, description, name, refmodelname, industry, defaultvalue, modifytime, dr, accessorclassname, tenantid, hided, resid, isauthen, attrsequence, nullable, attrminvalue, isactive, attrlength, modifier, datatype, readonly, accesspowergroup, customattr, versiontype, displayname, precise, fixedlength ) values ( 'N', null, '2018-12-10 14:21:52', 0, null, '8eaa86d1-f06a-4cee-9641-51a7abbeffc2', 'N', null, 'N', null, 'N', 'e55f4c64-2e84-41f7-bf7b-94d45d2aa921', null, 300, null, 'num', null, '0', null, null, 0, null, null, 'N', null, 'Y', 5, 'Y', null, 'Y', 28, null, 'BS000010000100001031', 'N', null, 'N', 0, '数量', 8, 'N' );
 insert into md_property ( dynamicattr, createtime, ts, visibility, dynamictable, classid, accesspower, attrmaxvalue, notserialize, creator, calculation, id, help, datatypestyle, description, name, refmodelname, industry, defaultvalue, modifytime, dr, accessorclassname, tenantid, hided, resid, isauthen, attrsequence, nullable, attrminvalue, isactive, attrlength, modifier, datatype, readonly, accesspowergroup, customattr, versiontype, displayname, precise, fixedlength ) values ( 'N', null, '2018-12-10 14:21:52', 0, null, '8eaa86d1-f06a-4cee-9641-51a7abbeffc2', 'N', null, 'N', null, 'N', '0d7cd799-ed16-4ab8-a125-1966d5279826', null, 300, null, 'price', null, '0', null, null, 0, null, null, 'N', null, 'Y', 6, 'Y', null, 'Y', 28, null, 'BS000010000100001031', 'N', null, 'N', 0, '价格', 8, 'N' );
 insert into md_property ( dynamicattr, createtime, ts, visibility, dynamictable, classid, accesspower, attrmaxvalue, notserialize, creator, calculation, id, help, datatypestyle, description, name, refmodelname, industry, defaultvalue, modifytime, dr, accessorclassname, tenantid, hided, resid, isauthen, attrsequence, nullable, attrminvalue, isactive, attrlength, modifier, datatype, readonly, accesspowergroup, customattr, versiontype, displayname, precise, fixedlength ) values ( 'N', null, '2018-12-10 14:21:52', 0, null, '8eaa86d1-f06a-4cee-9641-51a7abbeffc2', 'N', null, 'N', null, 'N', '3727574e-8ff5-40b2-89d9-9d8ed6f6655d', null, 300, null, 'amount', null, '0', null, null, 0, null, null, 'N', null, 'Y', 7, 'Y', null, 'Y', 28, null, 'BS000010000100001031', 'N', null, 'N', 0, '金额', 8, 'N' );
 insert into md_property ( dynamicattr, createtime, ts, visibility, dynamictable, classid, accesspower, attrmaxvalue, notserialize, creator, calculation, id, help, datatypestyle, description, name, refmodelname, industry, defaultvalue, modifytime, dr, accessorclassname, tenantid, hided, resid, isauthen, attrsequence, nullable, attrminvalue, isactive, attrlength, modifier, datatype, readonly, accesspowergroup, customattr, versiontype, displayname, precise, fixedlength ) values ( 'N', null, '2018-12-10 14:21:52', 0, null, '8eaa86d1-f06a-4cee-9641-51a7abbeffc2', 'N', null, 'N', null, 'N', '8d82533c-fecc-46e2-8ba6-1b073912259e', null, 300, null, 'memo', null, '0', null, null, 0, null, null, 'N', null, 'Y', 8, 'Y', null, 'Y', 500, null, 'BS000010000100001001', 'N', null, 'N', 0, '备注', null, 'N' );
 insert into md_property ( dynamicattr, createtime, ts, visibility, dynamictable, classid, accesspower, attrmaxvalue, notserialize, creator, calculation, id, help, datatypestyle, description, name, refmodelname, industry, defaultvalue, modifytime, dr, accessorclassname, tenantid, hided, resid, isauthen, attrsequence, nullable, attrminvalue, isactive, attrlength, modifier, datatype, readonly, accesspowergroup, customattr, versiontype, displayname, precise, fixedlength ) values ( 'N', null, '2018-12-10 14:21:52', 0, null, 'b7ec537b-f27b-47f1-a597-87255b4a5f83', 'N', null, 'N', null, 'N', '9dc2ad16-a1a4-41d8-aa9f-04a7d5a338da', null, 300, null, 'billbid', null, '0', null, null, 0, null, null, 'N', null, 'Y', 0, 'N', null, 'Y', 36, null, 'BS000010000100001051', 'N', null, 'N', 0, '主键', null, 'N' );
 insert into md_property ( dynamicattr, createtime, ts, visibility, dynamictable, classid, accesspower, attrmaxvalue, notserialize, creator, calculation, id, help, datatypestyle, description, name, refmodelname, industry, defaultvalue, modifytime, dr, accessorclassname, tenantid, hided, resid, isauthen, attrsequence, nullable, attrminvalue, isactive, attrlength, modifier, datatype, readonly, accesspowergroup, customattr, versiontype, displayname, precise, fixedlength ) values ( 'N', null, '2018-12-10 14:21:52', 0, null, 'b7ec537b-f27b-47f1-a597-87255b4a5f83', 'N', null, 'N', null, 'N', '4fc74b3b-74f9-4f0b-8b23-8fc88111829c', null, 300, null, 'billid', null, '0', null, null, 0, null, null, 'N', null, 'Y', 1, 'Y', null, 'Y', 50, null, 'BS000010000100001001', 'N', null, 'N', 0, '订单id', null, 'N' );
 insert into md_property ( dynamicattr, createtime, ts, visibility, dynamictable, classid, accesspower, attrmaxvalue, notserialize, creator, calculation, id, help, datatypestyle, description, name, refmodelname, industry, defaultvalue, modifytime, dr, accessorclassname, tenantid, hided, resid, isauthen, attrsequence, nullable, attrminvalue, isactive, attrlength, modifier, datatype, readonly, accesspowergroup, customattr, versiontype, displayname, precise, fixedlength ) values ( 'N', null, '2018-12-10 14:21:52', 0, null, 'b7ec537b-f27b-47f1-a597-87255b4a5f83', 'N', null, 'N', null, 'N', '29bb785c-ed89-4d09-8557-72970ca5cbec', null, 300, null, 'materialid', null, '0', null, null, 0, null, null, 'N', null, 'Y', 2, 'Y', null, 'Y', 50, null, 'BS000010000100001001', 'N', null, 'N', 0, '材料id', null, 'N' );
 insert into md_property ( dynamicattr, createtime, ts, visibility, dynamictable, classid, accesspower, attrmaxvalue, notserialize, creator, calculation, id, help, datatypestyle, description, name, refmodelname, industry, defaultvalue, modifytime, dr, accessorclassname, tenantid, hided, resid, isauthen, attrsequence, nullable, attrminvalue, isactive, attrlength, modifier, datatype, readonly, accesspowergroup, customattr, versiontype, displayname, precise, fixedlength ) values ( 'N', null, '2018-12-10 14:21:52', 0, null, 'b7ec537b-f27b-47f1-a597-87255b4a5f83', 'N', null, 'N', null, 'N', '4d767539-fdf5-47b2-a1f5-ac9c820cbf1d', null, 300, null, 'material', null, '0', null, null, 0, null, null, 'N', null, 'Y', 3, 'Y', null, 'Y', 50, null, 'BS000010000100001001', 'N', null, 'N', 0, '材料名称', null, 'N' );
 insert into md_property ( dynamicattr, createtime, ts, visibility, dynamictable, classid, accesspower, attrmaxvalue, notserialize, creator, calculation, id, help, datatypestyle, description, name, refmodelname, industry, defaultvalue, modifytime, dr, accessorclassname, tenantid, hided, resid, isauthen, attrsequence, nullable, attrminvalue, isactive, attrlength, modifier, datatype, readonly, accesspowergroup, customattr, versiontype, displayname, precise, fixedlength ) values ( 'N', null, '2018-12-10 14:21:52', 0, null, 'b7ec537b-f27b-47f1-a597-87255b4a5f83', 'N', null, 'N', null, 'N', '9ab4376c-771b-4b20-aa4c-2d2d59a07712', null, 300, null, 'num', null, '0', null, null, 0, null, null, 'N', null, 'Y', 4, 'Y', null, 'Y', 28, null, 'BS000010000100001031', 'N', null, 'N', 0, '数量', 8, 'N' );
 insert into md_property ( dynamicattr, createtime, ts, visibility, dynamictable, classid, accesspower, attrmaxvalue, notserialize, creator, calculation, id, help, datatypestyle, description, name, refmodelname, industry, defaultvalue, modifytime, dr, accessorclassname, tenantid, hided, resid, isauthen, attrsequence, nullable, attrminvalue, isactive, attrlength, modifier, datatype, readonly, accesspowergroup, customattr, versiontype, displayname, precise, fixedlength ) values ( 'N', null, '2018-12-10 14:21:52', 0, null, 'b7ec537b-f27b-47f1-a597-87255b4a5f83', 'N', null, 'N', null, 'N', '32a55d4a-efc9-477e-87b9-cb98495fa238', null, 300, null, 'price', null, '0', null, null, 0, null, null, 'N', null, 'Y', 5, 'Y', null, 'Y', 28, null, 'BS000010000100001031', 'N', null, 'N', 0, '价格', 8, 'N' );
 insert into md_property ( dynamicattr, createtime, ts, visibility, dynamictable, classid, accesspower, attrmaxvalue, notserialize, creator, calculation, id, help, datatypestyle, description, name, refmodelname, industry, defaultvalue, modifytime, dr, accessorclassname, tenantid, hided, resid, isauthen, attrsequence, nullable, attrminvalue, isactive, attrlength, modifier, datatype, readonly, accesspowergroup, customattr, versiontype, displayname, precise, fixedlength ) values ( 'N', null, '2018-12-10 14:21:52', 0, null, 'b7ec537b-f27b-47f1-a597-87255b4a5f83', 'N', null, 'N', null, 'N', '63eac477-aa6e-4e0c-b8e0-041702f4bfad', null, 300, null, 'amount', null, '0', null, null, 0, null, null, 'N', null, 'Y', 6, 'Y', null, 'Y', 28, null, 'BS000010000100001031', 'N', null, 'N', 0, '金额', 8, 'N' );
 insert into md_association ( createtime, tenantid, ts, startcardinality, endelementid, type, componentid, creator, id, isactive, modifier, startbeanid, startelementid, name, versiontype, industry, modifytime, endcardinality, dr ) values ( '2018-10-18 17:06:44', null, '2018-12-10 14:21:52', '1', '8eaa86d1-f06a-4cee-9641-51a7abbeffc2', 1, 'ec052f04-540e-4834-9ef4-8bc937f92126', null, '5527af8f-46e7-41a8-b61b-1785d8c7fbd8', 'N', null, 'f5fa3320-e28c-4388-ad3d-ddd7aa7c0f20', '6adca5a9-0280-4389-94ae-a21a84512086', 'Aggregation Relation', 0, '0', '2018-10-18 17:06:45', '1..n', 0 );
 insert into md_association ( createtime, tenantid, ts, startcardinality, endelementid, type, componentid, creator, id, isactive, modifier, startbeanid, startelementid, name, versiontype, industry, modifytime, endcardinality, dr ) values ( '2018-10-18 17:06:52', null, '2018-12-10 14:21:52', '1', 'b7ec537b-f27b-47f1-a597-87255b4a5f83', 1, 'ec052f04-540e-4834-9ef4-8bc937f92126', null, '7371b3b1-8d47-4e29-ba2b-10bffa30b60a', 'N', null, 'f5fa3320-e28c-4388-ad3d-ddd7aa7c0f20', '4e360264-6fa3-44ad-9ee2-44e4ada67da9', 'Aggregation Relation', 0, '0', '2018-10-18 17:06:53', '1..n', 0 );
 insert into md_table ( createtime, tenantid, resid, ts, isextendtable, resmodule, creator, fromsourcebmf, modifier, id, isactive, help, databaseid, description, name, versiontype, industry, displayname, modifytime, parenttable, dr ) values ( '2018-09-19 19:32:12', null, null, '2018-12-10 14:21:52', 'N', 'bill_order', null, 'Y', null, 'bill_order', null, null, null, null, 'bill_order', 0, '0', '订单', '2018-12-10 14:20:25', null, 0 );
 insert into md_table ( createtime, tenantid, resid, ts, isextendtable, resmodule, creator, fromsourcebmf, modifier, id, isactive, help, databaseid, description, name, versiontype, industry, displayname, modifytime, parenttable, dr ) values ( '2018-10-18 13:38:59', null, null, '2018-12-10 14:21:52', 'N', 'bill_order', null, 'Y', null, 'bill_order_b1', null, null, null, null, 'bill_order_b1', 0, '0', '订单细项', '2018-12-10 14:20:25', null, 0 );
 insert into md_table ( createtime, tenantid, resid, ts, isextendtable, resmodule, creator, fromsourcebmf, modifier, id, isactive, help, databaseid, description, name, versiontype, industry, displayname, modifytime, parenttable, dr ) values ( '2018-10-18 16:58:04', null, null, '2018-12-10 14:21:52', 'N', 'bill_order', null, 'Y', null, 'bill_order_b2', null, null, null, null, 'bill_order_b2', 0, '0', '订单材料', '2018-12-10 14:20:25', null, 0 );
 insert into md_column ( createtime, forlocale, columntype, ts, creator, id, help, sqldatetype, groupid, description, name, incrementseed, incrementstep, defaultvalue, modifytime, dr, tenantid, columnlength, resid, pkey, nullable, isactive, modifier, columnsequence, identitied, versiontype, tableid, displayname, precise ) values ( null, 'N', 0, '2018-12-10 14:21:52', null, 'bill_order@@PK@@', null, 'char', null, null, 'billid', null, null, null, null, 0, null, 36, null, 'Y', 'N', 'Y', null, 0, null, 0, 'bill_order', '单据主键', null );
 insert into md_column ( createtime, forlocale, columntype, ts, creator, id, help, sqldatetype, groupid, description, name, incrementseed, incrementstep, defaultvalue, modifytime, dr, tenantid, columnlength, resid, pkey, nullable, isactive, modifier, columnsequence, identitied, versiontype, tableid, displayname, precise ) values ( null, 'N', 0, '2018-12-10 14:21:52', null, 'bill_order@@@dealid', null, 'varchar', null, null, 'dealid', null, null, null, null, 0, null, 50, null, 'N', 'Y', 'Y', null, 1, null, 0, 'bill_order', '交易id', null );
 insert into md_column ( createtime, forlocale, columntype, ts, creator, id, help, sqldatetype, groupid, description, name, incrementseed, incrementstep, defaultvalue, modifytime, dr, tenantid, columnlength, resid, pkey, nullable, isactive, modifier, columnsequence, identitied, versiontype, tableid, displayname, precise ) values ( null, 'N', 0, '2018-12-10 14:21:52', null, 'bill_order@@@serviceid', null, 'varchar', null, null, 'serviceid', null, null, null, null, 0, null, 50, null, 'N', 'Y', 'Y', null, 2, null, 0, 'bill_order', '工程服务id', null );
 insert into md_column ( createtime, forlocale, columntype, ts, creator, id, help, sqldatetype, groupid, description, name, incrementseed, incrementstep, defaultvalue, modifytime, dr, tenantid, columnlength, resid, pkey, nullable, isactive, modifier, columnsequence, identitied, versiontype, tableid, displayname, precise ) values ( null, 'N', 0, '2018-12-10 14:21:52', null, 'bill_order@@@vbillcode', null, 'varchar', null, null, 'vbillcode', null, null, null, null, 0, null, 50, null, 'N', 'Y', 'Y', null, 3, null, 0, 'bill_order', '订单编号', null );
 insert into md_column ( createtime, forlocale, columntype, ts, creator, id, help, sqldatetype, groupid, description, name, incrementseed, incrementstep, defaultvalue, modifytime, dr, tenantid, columnlength, resid, pkey, nullable, isactive, modifier, columnsequence, identitied, versiontype, tableid, displayname, precise ) values ( null, 'N', 0, '2018-12-10 14:21:52', null, 'bill_order@@@dbilldate', null, 'varchar', null, null, 'dbilldate', null, null, null, null, 0, null, 50, null, 'N', 'Y', 'Y', null, 4, null, 0, 'bill_order', '订单日期', null );
 insert into md_column ( createtime, forlocale, columntype, ts, creator, id, help, sqldatetype, groupid, description, name, incrementseed, incrementstep, defaultvalue, modifytime, dr, tenantid, columnlength, resid, pkey, nullable, isactive, modifier, columnsequence, identitied, versiontype, tableid, displayname, precise ) values ( null, 'N', 0, '2018-12-10 14:21:52', null, 'bill_order@@@type', null, 'int', null, null, 'type', null, null, null, null, 0, null, null, null, 'N', 'Y', 'Y', null, 5, null, 0, 'bill_order', '订单类型', null );
 insert into md_column ( createtime, forlocale, columntype, ts, creator, id, help, sqldatetype, groupid, description, name, incrementseed, incrementstep, defaultvalue, modifytime, dr, tenantid, columnlength, resid, pkey, nullable, isactive, modifier, columnsequence, identitied, versiontype, tableid, displayname, precise ) values ( null, 'N', 0, '2018-12-10 14:21:52', null, 'bill_order@@@state', null, 'int', null, null, 'state', null, null, null, null, 0, null, null, null, 'N', 'Y', 'Y', null, 6, null, 0, 'bill_order', '订单状态', null );
 insert into md_column ( createtime, forlocale, columntype, ts, creator, id, help, sqldatetype, groupid, description, name, incrementseed, incrementstep, defaultvalue, modifytime, dr, tenantid, columnlength, resid, pkey, nullable, isactive, modifier, columnsequence, identitied, versiontype, tableid, displayname, precise ) values ( null, 'N', 0, '2018-12-10 14:21:52', null, 'bill_order@@@prostate', null, 'int', null, null, 'prostate', null, null, null, null, 0, null, null, null, 'N', 'Y', 'Y', null, 7, null, 0, 'bill_order', '工程状态', null );
 insert into md_column ( createtime, forlocale, columntype, ts, creator, id, help, sqldatetype, groupid, description, name, incrementseed, incrementstep, defaultvalue, modifytime, dr, tenantid, columnlength, resid, pkey, nullable, isactive, modifier, columnsequence, identitied, versiontype, tableid, displayname, precise ) values ( null, 'N', 0, '2018-12-10 14:21:52', null, 'bill_order@@@paystate', null, 'int', null, null, 'paystate', null, null, null, null, 0, null, null, null, 'N', 'Y', 'Y', null, 8, null, 0, 'bill_order', '支付状态', null );
 insert into md_column ( createtime, forlocale, columntype, ts, creator, id, help, sqldatetype, groupid, description, name, incrementseed, incrementstep, defaultvalue, modifytime, dr, tenantid, columnlength, resid, pkey, nullable, isactive, modifier, columnsequence, identitied, versiontype, tableid, displayname, precise ) values ( null, 'N', 0, '2018-12-10 14:21:52', null, 'bill_order@@@customerid', null, 'varchar', null, null, 'customerid', null, null, null, null, 0, null, 50, null, 'N', 'Y', 'Y', null, 9, null, 0, 'bill_order', '客户id', null );
 insert into md_column ( createtime, forlocale, columntype, ts, creator, id, help, sqldatetype, groupid, description, name, incrementseed, incrementstep, defaultvalue, modifytime, dr, tenantid, columnlength, resid, pkey, nullable, isactive, modifier, columnsequence, identitied, versiontype, tableid, displayname, precise ) values ( null, 'N', 0, '2018-12-10 14:21:52', null, 'bill_order@@@customer', null, 'varchar', null, null, 'customer', null, null, null, null, 0, null, 50, null, 'N', 'Y', 'Y', null, 10, null, 0, 'bill_order', '客户', null );
 insert into md_column ( createtime, forlocale, columntype, ts, creator, id, help, sqldatetype, groupid, description, name, incrementseed, incrementstep, defaultvalue, modifytime, dr, tenantid, columnlength, resid, pkey, nullable, isactive, modifier, columnsequence, identitied, versiontype, tableid, displayname, precise ) values ( null, 'N', 0, '2018-12-10 14:21:52', null, 'bill_order@@@orgid', null, 'varchar', null, null, 'orgid', null, null, null, null, 0, null, 50, null, 'N', 'Y', 'Y', null, 11, null, 0, 'bill_order', '运营中心id', null );
 insert into md_column ( createtime, forlocale, columntype, ts, creator, id, help, sqldatetype, groupid, description, name, incrementseed, incrementstep, defaultvalue, modifytime, dr, tenantid, columnlength, resid, pkey, nullable, isactive, modifier, columnsequence, identitied, versiontype, tableid, displayname, precise ) values ( null, 'N', 0, '2018-12-10 14:21:52', null, 'bill_order@@@orgname', null, 'varchar', null, null, 'orgname', null, null, null, null, 0, null, 50, null, 'N', 'Y', 'Y', null, 12, null, 0, 'bill_order', '运营中心', null );
 insert into md_column ( createtime, forlocale, columntype, ts, creator, id, help, sqldatetype, groupid, description, name, incrementseed, incrementstep, defaultvalue, modifytime, dr, tenantid, columnlength, resid, pkey, nullable, isactive, modifier, columnsequence, identitied, versiontype, tableid, displayname, precise ) values ( null, 'N', 0, '2018-12-10 14:21:52', null, 'bill_order@@@agentid', null, 'varchar', null, null, 'agentid', null, null, null, null, 0, null, 50, null, 'N', 'Y', 'Y', null, 13, null, 0, 'bill_order', '区域运营商id', null );
 insert into md_column ( createtime, forlocale, columntype, ts, creator, id, help, sqldatetype, groupid, description, name, incrementseed, incrementstep, defaultvalue, modifytime, dr, tenantid, columnlength, resid, pkey, nullable, isactive, modifier, columnsequence, identitied, versiontype, tableid, displayname, precise ) values ( null, 'N', 0, '2018-12-10 14:21:52', null, 'bill_order@@@agentname', null, 'varchar', null, null, 'agentname', null, null, null, null, 0, null, 50, null, 'N', 'Y', 'Y', null, 14, null, 0, 'bill_order', '区域运营商', null );
 insert into md_column ( createtime, forlocale, columntype, ts, creator, id, help, sqldatetype, groupid, description, name, incrementseed, incrementstep, defaultvalue, modifytime, dr, tenantid, columnlength, resid, pkey, nullable, isactive, modifier, columnsequence, identitied, versiontype, tableid, displayname, precise ) values ( null, 'N', 0, '2018-12-10 14:21:52', null, 'bill_order@@@totalmny', null, 'decimal', null, null, 'totalmny', null, null, null, null, 0, null, 28, null, 'N', 'Y', 'Y', null, 15, null, 0, 'bill_order', '交易金额', 8 );
 insert into md_column ( createtime, forlocale, columntype, ts, creator, id, help, sqldatetype, groupid, description, name, incrementseed, incrementstep, defaultvalue, modifytime, dr, tenantid, columnlength, resid, pkey, nullable, isactive, modifier, columnsequence, identitied, versiontype, tableid, displayname, precise ) values ( null, 'N', 0, '2018-12-10 14:21:52', null, 'bill_order@@@productid', null, 'varchar', null, null, 'productid', null, null, null, null, 0, null, 50, null, 'N', 'Y', 'Y', null, 16, null, 0, 'bill_order', '产品id', null );
 insert into md_column ( createtime, forlocale, columntype, ts, creator, id, help, sqldatetype, groupid, description, name, incrementseed, incrementstep, defaultvalue, modifytime, dr, tenantid, columnlength, resid, pkey, nullable, isactive, modifier, columnsequence, identitied, versiontype, tableid, displayname, precise ) values ( null, 'N', 0, '2018-12-10 14:21:52', null, 'bill_order@@@product', null, 'varchar', null, null, 'product', null, null, null, null, 0, null, 50, null, 'N', 'Y', 'Y', null, 17, null, 0, 'bill_order', '产品', null );
 insert into md_column ( createtime, forlocale, columntype, ts, creator, id, help, sqldatetype, groupid, description, name, incrementseed, incrementstep, defaultvalue, modifytime, dr, tenantid, columnlength, resid, pkey, nullable, isactive, modifier, columnsequence, identitied, versiontype, tableid, displayname, precise ) values ( null, 'N', 0, '2018-12-10 14:21:52', null, 'bill_order@@@price', null, 'decimal', null, null, 'price', null, null, null, null, 0, null, 28, null, 'N', 'Y', 'Y', null, 18, null, 0, 'bill_order', '价格', 8 );
 insert into md_column ( createtime, forlocale, columntype, ts, creator, id, help, sqldatetype, groupid, description, name, incrementseed, incrementstep, defaultvalue, modifytime, dr, tenantid, columnlength, resid, pkey, nullable, isactive, modifier, columnsequence, identitied, versiontype, tableid, displayname, precise ) values ( null, 'N', 0, '2018-12-10 14:21:52', null, 'bill_order@@@num', null, 'decimal', null, null, 'num', null, null, null, null, 0, null, 28, null, 'N', 'Y', 'Y', null, 19, null, 0, 'bill_order', '数量', 8 );
 insert into md_column ( createtime, forlocale, columntype, ts, creator, id, help, sqldatetype, groupid, description, name, incrementseed, incrementstep, defaultvalue, modifytime, dr, tenantid, columnlength, resid, pkey, nullable, isactive, modifier, columnsequence, identitied, versiontype, tableid, displayname, precise ) values ( null, 'N', 0, '2018-12-10 14:21:52', null, 'bill_order@@@creator', null, 'varchar', null, null, 'creator', null, null, null, null, 0, null, 50, null, 'N', 'Y', 'Y', null, 20, null, 0, 'bill_order', '创建人', null );
 insert into md_column ( createtime, forlocale, columntype, ts, creator, id, help, sqldatetype, groupid, description, name, incrementseed, incrementstep, defaultvalue, modifytime, dr, tenantid, columnlength, resid, pkey, nullable, isactive, modifier, columnsequence, identitied, versiontype, tableid, displayname, precise ) values ( null, 'N', 0, '2018-12-10 14:21:52', null, 'bill_order@@@creatorid', null, 'varchar', null, null, 'creatorid', null, null, null, null, 0, null, 50, null, 'N', 'Y', 'Y', null, 21, null, 0, 'bill_order', '创建人id', null );
 insert into md_column ( createtime, forlocale, columntype, ts, creator, id, help, sqldatetype, groupid, description, name, incrementseed, incrementstep, defaultvalue, modifytime, dr, tenantid, columnlength, resid, pkey, nullable, isactive, modifier, columnsequence, identitied, versiontype, tableid, displayname, precise ) values ( null, 'N', 0, '2018-12-10 14:21:52', null, 'bill_order@@@createtime', null, 'varchar', null, null, 'createtime', null, null, null, null, 0, null, 50, null, 'N', 'Y', 'Y', null, 22, null, 0, 'bill_order', '创建时间', null );
 insert into md_column ( createtime, forlocale, columntype, ts, creator, id, help, sqldatetype, groupid, description, name, incrementseed, incrementstep, defaultvalue, modifytime, dr, tenantid, columnlength, resid, pkey, nullable, isactive, modifier, columnsequence, identitied, versiontype, tableid, displayname, precise ) values ( null, 'N', 0, '2018-12-10 14:21:52', null, 'bill_order@@@modifier', null, 'varchar', null, null, 'modifier', null, null, null, null, 0, null, 50, null, 'N', 'Y', 'Y', null, 23, null, 0, 'bill_order', '修改人', null );
 insert into md_column ( createtime, forlocale, columntype, ts, creator, id, help, sqldatetype, groupid, description, name, incrementseed, incrementstep, defaultvalue, modifytime, dr, tenantid, columnlength, resid, pkey, nullable, isactive, modifier, columnsequence, identitied, versiontype, tableid, displayname, precise ) values ( null, 'N', 0, '2018-12-10 14:21:52', null, 'bill_order@@@modifierid', null, 'varchar', null, null, 'modifierid', null, null, null, null, 0, null, 50, null, 'N', 'Y', 'Y', null, 24, null, 0, 'bill_order', '修改人id', null );
 insert into md_column ( createtime, forlocale, columntype, ts, creator, id, help, sqldatetype, groupid, description, name, incrementseed, incrementstep, defaultvalue, modifytime, dr, tenantid, columnlength, resid, pkey, nullable, isactive, modifier, columnsequence, identitied, versiontype, tableid, displayname, precise ) values ( null, 'N', 0, '2018-12-10 14:21:52', null, 'bill_order@@@modifytime', null, 'varchar', null, null, 'modifytime', null, null, null, null, 0, null, 50, null, 'N', 'Y', 'Y', null, 25, null, 0, 'bill_order', '修改时间', null );
 insert into md_column ( createtime, forlocale, columntype, ts, creator, id, help, sqldatetype, groupid, description, name, incrementseed, incrementstep, defaultvalue, modifytime, dr, tenantid, columnlength, resid, pkey, nullable, isactive, modifier, columnsequence, identitied, versiontype, tableid, displayname, precise ) values ( null, 'N', 0, '2018-12-10 14:21:52', null, 'bill_order@@@memo', null, 'varchar', null, null, 'memo', null, null, null, null, 0, null, 500, null, 'N', 'Y', 'Y', null, 26, null, 0, 'bill_order', '备注', null );
 insert into md_column ( createtime, forlocale, columntype, ts, creator, id, help, sqldatetype, groupid, description, name, incrementseed, incrementstep, defaultvalue, modifytime, dr, tenantid, columnlength, resid, pkey, nullable, isactive, modifier, columnsequence, identitied, versiontype, tableid, displayname, precise ) values ( null, 'N', 0, '2018-12-10 14:21:52', null, 'bill_order@@@servicecharge', null, 'decimal', null, null, 'servicecharge', null, null, null, null, 0, null, 28, null, 'N', 'Y', 'Y', null, 29, null, 0, 'bill_order', '服务费', 8 );
 insert into md_column ( createtime, forlocale, columntype, ts, creator, id, help, sqldatetype, groupid, description, name, incrementseed, incrementstep, defaultvalue, modifytime, dr, tenantid, columnlength, resid, pkey, nullable, isactive, modifier, columnsequence, identitied, versiontype, tableid, displayname, precise ) values ( null, 'N', 0, '2018-12-10 14:21:52', null, 'bill_order@@@materialcosts', null, 'decimal', null, null, 'materialcosts', null, null, null, null, 0, null, 28, null, 'N', 'Y', 'Y', null, 30, null, 0, 'bill_order', '材料费', 8 );
 insert into md_column ( createtime, forlocale, columntype, ts, creator, id, help, sqldatetype, groupid, description, name, incrementseed, incrementstep, defaultvalue, modifytime, dr, tenantid, columnlength, resid, pkey, nullable, isactive, modifier, columnsequence, identitied, versiontype, tableid, displayname, precise ) values ( null, 'N', 0, '2018-12-10 14:21:52', null, 'bill_order_b1@@PK@@', null, 'char', null, null, 'billbid', null, null, null, null, 0, null, 36, null, 'Y', 'N', 'Y', null, 0, null, 0, 'bill_order_b1', '主键', null );
 insert into md_column ( createtime, forlocale, columntype, ts, creator, id, help, sqldatetype, groupid, description, name, incrementseed, incrementstep, defaultvalue, modifytime, dr, tenantid, columnlength, resid, pkey, nullable, isactive, modifier, columnsequence, identitied, versiontype, tableid, displayname, precise ) values ( null, 'N', 0, '2018-12-10 14:21:52', null, 'bill_order_b1@@@orderid', null, 'varchar', null, null, 'orderid', null, null, null, null, 0, null, 50, null, 'N', 'Y', 'Y', null, 1, null, 0, 'bill_order_b1', '订单id', null );
 insert into md_column ( createtime, forlocale, columntype, ts, creator, id, help, sqldatetype, groupid, description, name, incrementseed, incrementstep, defaultvalue, modifytime, dr, tenantid, columnlength, resid, pkey, nullable, isactive, modifier, columnsequence, identitied, versiontype, tableid, displayname, precise ) values ( null, 'N', 0, '2018-12-10 14:21:52', null, 'bill_order_b1@@@itemname', null, 'varchar', null, null, 'itemname', null, null, null, null, 0, null, 50, null, 'N', 'Y', 'Y', null, 2, null, 0, 'bill_order_b1', '细项名称', null );
 insert into md_column ( createtime, forlocale, columntype, ts, creator, id, help, sqldatetype, groupid, description, name, incrementseed, incrementstep, defaultvalue, modifytime, dr, tenantid, columnlength, resid, pkey, nullable, isactive, modifier, columnsequence, identitied, versiontype, tableid, displayname, precise ) values ( null, 'N', 0, '2018-12-10 14:21:52', null, 'bill_order_b1@@@itemid', null, 'varchar', null, null, 'itemid', null, null, null, null, 0, null, 50, null, 'N', 'Y', 'Y', null, 3, null, 0, 'bill_order_b1', '细项id', null );
 insert into md_column ( createtime, forlocale, columntype, ts, creator, id, help, sqldatetype, groupid, description, name, incrementseed, incrementstep, defaultvalue, modifytime, dr, tenantid, columnlength, resid, pkey, nullable, isactive, modifier, columnsequence, identitied, versiontype, tableid, displayname, precise ) values ( null, 'N', 0, '2018-12-10 14:21:52', null, 'bill_order_b1@@@isselected', null, 'varchar', null, null, 'isselected', null, null, null, null, 0, null, 50, null, 'N', 'Y', 'Y', null, 4, null, 0, 'bill_order_b1', '是否选择', null );
 insert into md_column ( createtime, forlocale, columntype, ts, creator, id, help, sqldatetype, groupid, description, name, incrementseed, incrementstep, defaultvalue, modifytime, dr, tenantid, columnlength, resid, pkey, nullable, isactive, modifier, columnsequence, identitied, versiontype, tableid, displayname, precise ) values ( null, 'N', 0, '2018-12-10 14:21:52', null, 'bill_order_b1@@@num', null, 'decimal', null, null, 'num', null, null, null, null, 0, null, 28, null, 'N', 'Y', 'Y', null, 5, null, 0, 'bill_order_b1', '数量', 8 );
 insert into md_column ( createtime, forlocale, columntype, ts, creator, id, help, sqldatetype, groupid, description, name, incrementseed, incrementstep, defaultvalue, modifytime, dr, tenantid, columnlength, resid, pkey, nullable, isactive, modifier, columnsequence, identitied, versiontype, tableid, displayname, precise ) values ( null, 'N', 0, '2018-12-10 14:21:52', null, 'bill_order_b1@@@price', null, 'decimal', null, null, 'price', null, null, null, null, 0, null, 28, null, 'N', 'Y', 'Y', null, 6, null, 0, 'bill_order_b1', '价格', 8 );
 insert into md_column ( createtime, forlocale, columntype, ts, creator, id, help, sqldatetype, groupid, description, name, incrementseed, incrementstep, defaultvalue, modifytime, dr, tenantid, columnlength, resid, pkey, nullable, isactive, modifier, columnsequence, identitied, versiontype, tableid, displayname, precise ) values ( null, 'N', 0, '2018-12-10 14:21:52', null, 'bill_order_b1@@@amount', null, 'decimal', null, null, 'amount', null, null, null, null, 0, null, 28, null, 'N', 'Y', 'Y', null, 7, null, 0, 'bill_order_b1', '金额', 8 );
 insert into md_column ( createtime, forlocale, columntype, ts, creator, id, help, sqldatetype, groupid, description, name, incrementseed, incrementstep, defaultvalue, modifytime, dr, tenantid, columnlength, resid, pkey, nullable, isactive, modifier, columnsequence, identitied, versiontype, tableid, displayname, precise ) values ( null, 'N', 0, '2018-12-10 14:21:52', null, 'bill_order_b1@@@memo', null, 'varchar', null, null, 'memo', null, null, null, null, 0, null, 500, null, 'N', 'Y', 'Y', null, 8, null, 0, 'bill_order_b1', '备注', null );
 insert into md_column ( createtime, forlocale, columntype, ts, creator, id, help, sqldatetype, groupid, description, name, incrementseed, incrementstep, defaultvalue, modifytime, dr, tenantid, columnlength, resid, pkey, nullable, isactive, modifier, columnsequence, identitied, versiontype, tableid, displayname, precise ) values ( null, 'N', 0, '2018-12-10 14:21:52', null, 'bill_order_b2@@PK@@', null, 'char', null, null, 'billbid', null, null, null, null, 0, null, 36, null, 'Y', 'N', 'Y', null, 0, null, 0, 'bill_order_b2', '主键', null );
 insert into md_column ( createtime, forlocale, columntype, ts, creator, id, help, sqldatetype, groupid, description, name, incrementseed, incrementstep, defaultvalue, modifytime, dr, tenantid, columnlength, resid, pkey, nullable, isactive, modifier, columnsequence, identitied, versiontype, tableid, displayname, precise ) values ( null, 'N', 0, '2018-12-10 14:21:52', null, 'bill_order_b2@@@billid', null, 'varchar', null, null, 'billid', null, null, null, null, 0, null, 50, null, 'N', 'Y', 'Y', null, 1, null, 0, 'bill_order_b2', '订单id', null );
 insert into md_column ( createtime, forlocale, columntype, ts, creator, id, help, sqldatetype, groupid, description, name, incrementseed, incrementstep, defaultvalue, modifytime, dr, tenantid, columnlength, resid, pkey, nullable, isactive, modifier, columnsequence, identitied, versiontype, tableid, displayname, precise ) values ( null, 'N', 0, '2018-12-10 14:21:52', null, 'bill_order_b2@@@materialid', null, 'varchar', null, null, 'materialid', null, null, null, null, 0, null, 50, null, 'N', 'Y', 'Y', null, 2, null, 0, 'bill_order_b2', '材料id', null );
 insert into md_column ( createtime, forlocale, columntype, ts, creator, id, help, sqldatetype, groupid, description, name, incrementseed, incrementstep, defaultvalue, modifytime, dr, tenantid, columnlength, resid, pkey, nullable, isactive, modifier, columnsequence, identitied, versiontype, tableid, displayname, precise ) values ( null, 'N', 0, '2018-12-10 14:21:52', null, 'bill_order_b2@@@material', null, 'varchar', null, null, 'material', null, null, null, null, 0, null, 50, null, 'N', 'Y', 'Y', null, 3, null, 0, 'bill_order_b2', '材料名称', null );
 insert into md_column ( createtime, forlocale, columntype, ts, creator, id, help, sqldatetype, groupid, description, name, incrementseed, incrementstep, defaultvalue, modifytime, dr, tenantid, columnlength, resid, pkey, nullable, isactive, modifier, columnsequence, identitied, versiontype, tableid, displayname, precise ) values ( null, 'N', 0, '2018-12-10 14:21:52', null, 'bill_order_b2@@@num', null, 'decimal', null, null, 'num', null, null, null, null, 0, null, 28, null, 'N', 'Y', 'Y', null, 4, null, 0, 'bill_order_b2', '数量', 8 );
 insert into md_column ( createtime, forlocale, columntype, ts, creator, id, help, sqldatetype, groupid, description, name, incrementseed, incrementstep, defaultvalue, modifytime, dr, tenantid, columnlength, resid, pkey, nullable, isactive, modifier, columnsequence, identitied, versiontype, tableid, displayname, precise ) values ( null, 'N', 0, '2018-12-10 14:21:52', null, 'bill_order_b2@@@price', null, 'decimal', null, null, 'price', null, null, null, null, 0, null, 28, null, 'N', 'Y', 'Y', null, 5, null, 0, 'bill_order_b2', '价格', 8 );
 insert into md_column ( createtime, forlocale, columntype, ts, creator, id, help, sqldatetype, groupid, description, name, incrementseed, incrementstep, defaultvalue, modifytime, dr, tenantid, columnlength, resid, pkey, nullable, isactive, modifier, columnsequence, identitied, versiontype, tableid, displayname, precise ) values ( null, 'N', 0, '2018-12-10 14:21:52', null, 'bill_order_b2@@@amount', null, 'decimal', null, null, 'amount', null, null, null, null, 0, null, 28, null, 'N', 'Y', 'Y', null, 6, null, 0, 'bill_order_b2', '金额', 8 );
 insert into md_column ( createtime, forlocale, columntype, ts, creator, id, help, sqldatetype, groupid, description, name, incrementseed, incrementstep, defaultvalue, modifytime, dr, tenantid, columnlength, resid, pkey, nullable, isactive, modifier, columnsequence, identitied, versiontype, tableid, displayname, precise ) values ( null, 'N', 0, '2018-12-10 14:21:52', null, 'bill_order_b1@@@fk_id_billorderproductbody', null, 'char', null, null, 'fk_id_billorderproductbody', null, null, null, null, 0, null, 36, '2UC000-000003', 'N', 'N', 'Y', null, null, null, 0, 'bill_order_b1', '订单_主键', 0 );
 insert into md_column ( createtime, forlocale, columntype, ts, creator, id, help, sqldatetype, groupid, description, name, incrementseed, incrementstep, defaultvalue, modifytime, dr, tenantid, columnlength, resid, pkey, nullable, isactive, modifier, columnsequence, identitied, versiontype, tableid, displayname, precise ) values ( null, 'N', 0, '2018-12-10 14:21:52', null, 'bill_order_b2@@@fk_id_billordermaterialbody', null, 'char', null, null, 'fk_id_billordermaterialbody', null, null, null, null, 0, null, 36, '2UC000-000003', 'N', 'N', 'Y', null, null, null, 0, 'bill_order_b2', '订单_主键', 0 );
 insert into md_ormap ( tenantid, ts, columnid, classid, tableid, attributeid, dr ) values ( null, '2018-12-10 14:21:52', 'bill_order@@@dealid', 'f5fa3320-e28c-4388-ad3d-ddd7aa7c0f20', 'bill_order', '2cc5d84e-e824-4ccf-8291-78d267c75a06', 0 );
 insert into md_ormap ( tenantid, ts, columnid, classid, tableid, attributeid, dr ) values ( null, '2018-12-10 14:21:52', 'bill_order_b1@@@fk_id_billorderproductbody', 'f5fa3320-e28c-4388-ad3d-ddd7aa7c0f20', 'bill_order_b1', '6adca5a9-0280-4389-94ae-a21a84512086', 0 );
 insert into md_ormap ( tenantid, ts, columnid, classid, tableid, attributeid, dr ) values ( null, '2018-12-10 14:21:52', 'bill_order@@@type', 'f5fa3320-e28c-4388-ad3d-ddd7aa7c0f20', 'bill_order', '82db6e4f-d69f-4ab7-ae43-f2c32b54a162', 0 );
 insert into md_ormap ( tenantid, ts, columnid, classid, tableid, attributeid, dr ) values ( null, '2018-12-10 14:21:52', 'bill_order@@@modifier', 'f5fa3320-e28c-4388-ad3d-ddd7aa7c0f20', 'bill_order', '65249b4a-8e07-460b-a16e-b262a0062794', 0 );
 insert into md_ormap ( tenantid, ts, columnid, classid, tableid, attributeid, dr ) values ( null, '2018-12-10 14:21:52', 'bill_order_b1@@@itemid', '8eaa86d1-f06a-4cee-9641-51a7abbeffc2', 'bill_order_b1', '5cbec4c7-a534-475c-8a22-41957cf9294e', 0 );
 insert into md_ormap ( tenantid, ts, columnid, classid, tableid, attributeid, dr ) values ( null, '2018-12-10 14:21:52', 'bill_order_b2@@@billid', 'b7ec537b-f27b-47f1-a597-87255b4a5f83', 'bill_order_b2', '4fc74b3b-74f9-4f0b-8b23-8fc88111829c', 0 );
 insert into md_ormap ( tenantid, ts, columnid, classid, tableid, attributeid, dr ) values ( null, '2018-12-10 14:21:52', 'bill_order@@@customer', 'f5fa3320-e28c-4388-ad3d-ddd7aa7c0f20', 'bill_order', '67dd887d-1fbc-4e33-ad12-d76c20ee6edc', 0 );
 insert into md_ormap ( tenantid, ts, columnid, classid, tableid, attributeid, dr ) values ( null, '2018-12-10 14:21:52', 'bill_order@@@product', 'f5fa3320-e28c-4388-ad3d-ddd7aa7c0f20', 'bill_order', 'f2d59a01-3ca9-49d3-8823-77063c4e4899', 0 );
 insert into md_ormap ( tenantid, ts, columnid, classid, tableid, attributeid, dr ) values ( null, '2018-12-10 14:21:52', 'bill_order@@@creator', 'f5fa3320-e28c-4388-ad3d-ddd7aa7c0f20', 'bill_order', '540f4e57-8e04-4591-b848-2b22fb5070eb', 0 );
 insert into md_ormap ( tenantid, ts, columnid, classid, tableid, attributeid, dr ) values ( null, '2018-12-10 14:21:52', 'bill_order@@@vbillcode', 'f5fa3320-e28c-4388-ad3d-ddd7aa7c0f20', 'bill_order', '69dccef8-46a2-4ce2-809e-aa493172552a', 0 );
 insert into md_ormap ( tenantid, ts, columnid, classid, tableid, attributeid, dr ) values ( null, '2018-12-10 14:21:52', 'bill_order@@@modifierid', 'f5fa3320-e28c-4388-ad3d-ddd7aa7c0f20', 'bill_order', '55dc3bbc-d976-4c6b-926f-278838121328', 0 );
 insert into md_ormap ( tenantid, ts, columnid, classid, tableid, attributeid, dr ) values ( null, '2018-12-10 14:21:52', 'bill_order_b2@@@amount', 'b7ec537b-f27b-47f1-a597-87255b4a5f83', 'bill_order_b2', '63eac477-aa6e-4e0c-b8e0-041702f4bfad', 0 );
 insert into md_ormap ( tenantid, ts, columnid, classid, tableid, attributeid, dr ) values ( null, '2018-12-10 14:21:52', 'bill_order@@@paystate', 'f5fa3320-e28c-4388-ad3d-ddd7aa7c0f20', 'bill_order', '2dcd2c74-ecdd-41af-b65c-801816a27c02', 0 );
 insert into md_ormap ( tenantid, ts, columnid, classid, tableid, attributeid, dr ) values ( null, '2018-12-10 14:21:52', 'bill_order@@@totalmny', 'f5fa3320-e28c-4388-ad3d-ddd7aa7c0f20', 'bill_order', '1db2794d-bd03-4a47-9549-00398a838c6c', 0 );
 insert into md_ormap ( tenantid, ts, columnid, classid, tableid, attributeid, dr ) values ( null, '2018-12-10 14:21:52', 'bill_order@@@creatorid', 'f5fa3320-e28c-4388-ad3d-ddd7aa7c0f20', 'bill_order', '7faad95e-04b8-4402-83f7-844d475f8c8a', 0 );
 insert into md_ormap ( tenantid, ts, columnid, classid, tableid, attributeid, dr ) values ( null, '2018-12-10 14:21:52', 'bill_order@@@price', 'f5fa3320-e28c-4388-ad3d-ddd7aa7c0f20', 'bill_order', 'b3d4eff5-1086-4ead-8550-d412725ca2a6', 0 );
 insert into md_ormap ( tenantid, ts, columnid, classid, tableid, attributeid, dr ) values ( null, '2018-12-10 14:21:52', 'bill_order_b1@@@price', '8eaa86d1-f06a-4cee-9641-51a7abbeffc2', 'bill_order_b1', '0d7cd799-ed16-4ab8-a125-1966d5279826', 0 );
 insert into md_ormap ( tenantid, ts, columnid, classid, tableid, attributeid, dr ) values ( null, '2018-12-10 14:21:52', 'bill_order@@@serviceid', 'f5fa3320-e28c-4388-ad3d-ddd7aa7c0f20', 'bill_order', '65333e03-5223-4f72-9996-7eaab77852e1', 0 );
 insert into md_ormap ( tenantid, ts, columnid, classid, tableid, attributeid, dr ) values ( null, '2018-12-10 14:21:52', 'bill_order@@@servicecharge', 'f5fa3320-e28c-4388-ad3d-ddd7aa7c0f20', 'bill_order', 'e584d8b6-412a-412e-abe1-21ae08945403', 0 );
 insert into md_ormap ( tenantid, ts, columnid, classid, tableid, attributeid, dr ) values ( null, '2018-12-10 14:21:52', 'bill_order_b2@@@fk_id_billordermaterialbody', 'f5fa3320-e28c-4388-ad3d-ddd7aa7c0f20', 'bill_order_b2', '4e360264-6fa3-44ad-9ee2-44e4ada67da9', 0 );
 insert into md_ormap ( tenantid, ts, columnid, classid, tableid, attributeid, dr ) values ( null, '2018-12-10 14:21:52', 'bill_order_b1@@@isselected', '8eaa86d1-f06a-4cee-9641-51a7abbeffc2', 'bill_order_b1', 'fe055b8f-074b-424d-b6a8-3df40b0bf9db', 0 );
 insert into md_ormap ( tenantid, ts, columnid, classid, tableid, attributeid, dr ) values ( null, '2018-12-10 14:21:52', 'bill_order@@@memo', 'f5fa3320-e28c-4388-ad3d-ddd7aa7c0f20', 'bill_order', 'eddc1940-2af3-443e-97e3-f82f6960d2cc', 0 );
 insert into md_ormap ( tenantid, ts, columnid, classid, tableid, attributeid, dr ) values ( null, '2018-12-10 14:21:52', 'bill_order_b1@@@orderid', '8eaa86d1-f06a-4cee-9641-51a7abbeffc2', 'bill_order_b1', '18cce299-e86c-4ebc-a4ff-fd7cfdb14f32', 0 );
 insert into md_ormap ( tenantid, ts, columnid, classid, tableid, attributeid, dr ) values ( null, '2018-12-10 14:21:52', 'bill_order_b2@@@materialid', 'b7ec537b-f27b-47f1-a597-87255b4a5f83', 'bill_order_b2', '29bb785c-ed89-4d09-8557-72970ca5cbec', 0 );
 insert into md_ormap ( tenantid, ts, columnid, classid, tableid, attributeid, dr ) values ( null, '2018-12-10 14:21:52', 'bill_order@@@orgid', 'f5fa3320-e28c-4388-ad3d-ddd7aa7c0f20', 'bill_order', '05ebcbb5-e2f9-404b-8923-fac19fecb8c0', 0 );
 insert into md_ormap ( tenantid, ts, columnid, classid, tableid, attributeid, dr ) values ( null, '2018-12-10 14:21:52', 'bill_order_b2@@@price', 'b7ec537b-f27b-47f1-a597-87255b4a5f83', 'bill_order_b2', '32a55d4a-efc9-477e-87b9-cb98495fa238', 0 );
 insert into md_ormap ( tenantid, ts, columnid, classid, tableid, attributeid, dr ) values ( null, '2018-12-10 14:21:52', 'bill_order_b1@@@itemname', '8eaa86d1-f06a-4cee-9641-51a7abbeffc2', 'bill_order_b1', 'ab4514ce-366b-4dc6-b4c8-12dcf84d50dd', 0 );
 insert into md_ormap ( tenantid, ts, columnid, classid, tableid, attributeid, dr ) values ( null, '2018-12-10 14:21:52', 'bill_order@@@state', 'f5fa3320-e28c-4388-ad3d-ddd7aa7c0f20', 'bill_order', 'c3765ef4-983e-47d1-ac01-5042167af583', 0 );
 insert into md_ormap ( tenantid, ts, columnid, classid, tableid, attributeid, dr ) values ( null, '2018-12-10 14:21:52', 'bill_order_b2@@PK@@', 'b7ec537b-f27b-47f1-a597-87255b4a5f83', 'bill_order_b2', '9dc2ad16-a1a4-41d8-aa9f-04a7d5a338da', 0 );
 insert into md_ormap ( tenantid, ts, columnid, classid, tableid, attributeid, dr ) values ( null, '2018-12-10 14:21:52', 'bill_order@@@agentid', 'f5fa3320-e28c-4388-ad3d-ddd7aa7c0f20', 'bill_order', 'f9b9d171-8849-4031-89ae-eb76e6bc2b81', 0 );
 insert into md_ormap ( tenantid, ts, columnid, classid, tableid, attributeid, dr ) values ( null, '2018-12-10 14:21:52', 'bill_order_b1@@PK@@', '8eaa86d1-f06a-4cee-9641-51a7abbeffc2', 'bill_order_b1', '7ccc65df-47df-45c5-a475-fadba539f26f', 0 );
 insert into md_ormap ( tenantid, ts, columnid, classid, tableid, attributeid, dr ) values ( null, '2018-12-10 14:21:52', 'bill_order@@@modifytime', 'f5fa3320-e28c-4388-ad3d-ddd7aa7c0f20', 'bill_order', '2645128f-ec67-48d5-a10a-9a50795471e6', 0 );
 insert into md_ormap ( tenantid, ts, columnid, classid, tableid, attributeid, dr ) values ( null, '2018-12-10 14:21:52', 'bill_order@@@agentname', 'f5fa3320-e28c-4388-ad3d-ddd7aa7c0f20', 'bill_order', 'af0530b4-9b6b-4bb7-94f5-0c713b1094f0', 0 );
 insert into md_ormap ( tenantid, ts, columnid, classid, tableid, attributeid, dr ) values ( null, '2018-12-10 14:21:52', 'bill_order_b1@@@num', '8eaa86d1-f06a-4cee-9641-51a7abbeffc2', 'bill_order_b1', 'e55f4c64-2e84-41f7-bf7b-94d45d2aa921', 0 );
 insert into md_ormap ( tenantid, ts, columnid, classid, tableid, attributeid, dr ) values ( null, '2018-12-10 14:21:52', 'bill_order@@@orgname', 'f5fa3320-e28c-4388-ad3d-ddd7aa7c0f20', 'bill_order', '00bf543a-b830-4e1a-934f-7683f9baa36d', 0 );
 insert into md_ormap ( tenantid, ts, columnid, classid, tableid, attributeid, dr ) values ( null, '2018-12-10 14:21:52', 'bill_order@@@productid', 'f5fa3320-e28c-4388-ad3d-ddd7aa7c0f20', 'bill_order', '5f111c6d-3de9-4f1f-b172-b5fde84deae3', 0 );
 insert into md_ormap ( tenantid, ts, columnid, classid, tableid, attributeid, dr ) values ( null, '2018-12-10 14:21:52', 'bill_order@@@dbilldate', 'f5fa3320-e28c-4388-ad3d-ddd7aa7c0f20', 'bill_order', '2d20ea43-a809-42c3-ba4a-96790e971bdc', 0 );
 insert into md_ormap ( tenantid, ts, columnid, classid, tableid, attributeid, dr ) values ( null, '2018-12-10 14:21:52', 'bill_order_b1@@@memo', '8eaa86d1-f06a-4cee-9641-51a7abbeffc2', 'bill_order_b1', '8d82533c-fecc-46e2-8ba6-1b073912259e', 0 );
 insert into md_ormap ( tenantid, ts, columnid, classid, tableid, attributeid, dr ) values ( null, '2018-12-10 14:21:52', 'bill_order_b2@@@material', 'b7ec537b-f27b-47f1-a597-87255b4a5f83', 'bill_order_b2', '4d767539-fdf5-47b2-a1f5-ac9c820cbf1d', 0 );
 insert into md_ormap ( tenantid, ts, columnid, classid, tableid, attributeid, dr ) values ( null, '2018-12-10 14:21:52', 'bill_order@@@materialcosts', 'f5fa3320-e28c-4388-ad3d-ddd7aa7c0f20', 'bill_order', 'c185849c-e668-4ab2-8c4b-158058fca469', 0 );
 insert into md_ormap ( tenantid, ts, columnid, classid, tableid, attributeid, dr ) values ( null, '2018-12-10 14:21:52', 'bill_order@@@customerid', 'f5fa3320-e28c-4388-ad3d-ddd7aa7c0f20', 'bill_order', '54172351-ebb1-4512-91d5-37331c308d77', 0 );
 insert into md_ormap ( tenantid, ts, columnid, classid, tableid, attributeid, dr ) values ( null, '2018-12-10 14:21:52', 'bill_order@@@num', 'f5fa3320-e28c-4388-ad3d-ddd7aa7c0f20', 'bill_order', '11b69d97-42c7-439e-82f7-74fc9f590061', 0 );
 insert into md_ormap ( tenantid, ts, columnid, classid, tableid, attributeid, dr ) values ( null, '2018-12-10 14:21:52', 'bill_order_b1@@@amount', '8eaa86d1-f06a-4cee-9641-51a7abbeffc2', 'bill_order_b1', '3727574e-8ff5-40b2-89d9-9d8ed6f6655d', 0 );
 insert into md_ormap ( tenantid, ts, columnid, classid, tableid, attributeid, dr ) values ( null, '2018-12-10 14:21:52', 'bill_order_b2@@@num', 'b7ec537b-f27b-47f1-a597-87255b4a5f83', 'bill_order_b2', '9ab4376c-771b-4b20-aa4c-2d2d59a07712', 0 );
 insert into md_ormap ( tenantid, ts, columnid, classid, tableid, attributeid, dr ) values ( null, '2018-12-10 14:21:52', 'bill_order@@@prostate', 'f5fa3320-e28c-4388-ad3d-ddd7aa7c0f20', 'bill_order', 'd4a784f9-de5b-4db5-be26-0607e15984e4', 0 );
 insert into md_ormap ( tenantid, ts, columnid, classid, tableid, attributeid, dr ) values ( null, '2018-12-10 14:21:52', 'bill_order@@PK@@', 'f5fa3320-e28c-4388-ad3d-ddd7aa7c0f20', 'bill_order', '16b34d84-48a2-43a2-8709-ee8e5976e495', 0 );
 insert into md_ormap ( tenantid, ts, columnid, classid, tableid, attributeid, dr ) values ( null, '2018-12-10 14:21:52', 'bill_order@@@createtime', 'f5fa3320-e28c-4388-ad3d-ddd7aa7c0f20', 'bill_order', '63190c76-0277-4e3c-9a48-e4453d4a0b72', 0 );
 insert into md_db_relation ( endtableid, isforeignkey, createtime, tenantid, resid, ts, startcardinality, creator, modifier, id, help, endfieldid, starttableid, description, name, asstype, startattrid, versiontype, displayname, modifytime, endcardinality, startfieldid, dr ) values ( 'bill_order', 'Y', null, null, null, '2018-12-10 14:21:52', null, null, null, '202dfef5-7b88-4327-a8f1-d691c6ab0bb7', null, 'bill_order@@PK@@', 'bill_order_b1', null, 'bill_order_b1->bill_order', 1, '6adca5a9-0280-4389-94ae-a21a84512086', 0, 'bill_order_b1->bill_order', null, null, 'bill_order_b1@@@fk_id_billorderproductbody', 0 );
 insert into md_db_relation ( endtableid, isforeignkey, createtime, tenantid, resid, ts, startcardinality, creator, modifier, id, help, endfieldid, starttableid, description, name, asstype, startattrid, versiontype, displayname, modifytime, endcardinality, startfieldid, dr ) values ( 'bill_order', 'Y', null, null, null, '2018-12-10 14:21:52', null, null, null, '4e388df9-f825-4238-acff-3746c24ae6ae', null, 'bill_order@@PK@@', 'bill_order_b2', null, 'bill_order_b2->bill_order', 1, '4e360264-6fa3-44ad-9ee2-44e4ada67da9', 0, 'bill_order_b2->bill_order', null, null, 'bill_order_b2@@@fk_id_billordermaterialbody', 0 );
